RegionID,SizeRank,RegionName,RegionType,StateName,2015-01-31,2015-02-28,2015-03-31,2015-04-30,2015-05-31,2015-06-30,2015-07-31,2015-08-31,2015-09-30,2015-10-31,2015-11-30,2015-12-31,2016-01-31,2016-02-29,2016-03-31,2016-04-30,2016-05-31,2016-06-30,2016-07-31,2016-08-31,2016-09-30,2016-10-31,2016-11-30,2016-12-31,2017-01-31,2017-02-28,2017-03-31,2017-04-30,2017-05-31,2017-06-30,2017-07-31,2017-08-31,2017-09-30,2017-10-31,2017-11-30,2017-12-31,2018-01-31,2018-02-28,2018-03-31,2018-04-30,2018-05-31,2018-06-30,2018-07-31,2018-08-31,2018-09-30,2018-10-31,2018-11-30,2018-12-31,2019-01-31,2019-02-28,2019-03-31,2019-04-30,2019-05-31,2019-06-30,2019-07-31,2019-08-31,2019-09-30,2019-10-31,2019-11-30,2019-12-31,2020-01-31,2020-02-29,2020-03-31,2020-04-30,2020-05-31,2020-06-30,2020-07-31,2020-08-31,2020-09-30,2020-10-31,2020-11-30,2020-12-31,2021-01-31,2021-02-28,2021-03-31,2021-04-30,2021-05-31,2021-06-30,2021-07-31,2021-08-31,2021-09-30,2021-10-31,2021-11-30,2021-12-31,2022-01-31,2022-02-28,2022-03-31,2022-04-30,2022-05-31,2022-06-30,2022-07-31,2022-08-31,2022-09-30,2022-10-31,2022-11-30,2022-12-31,2023-01-31,2023-02-28,2023-03-31,2023-04-30,2023-05-31,2023-06-30,2023-07-31,2023-08-31,2023-09-30,2023-10-31,2023-11-30,2023-12-31,2024-01-31,2024-02-29,2024-03-31,2024-04-30,2024-05-31,2024-06-30,2024-07-31,2024-08-31,2024-09-30,2024-10-31,2024-11-30,2024-12-31,2025-01-31,2025-02-28,2025-03-31,2025-04-30,2025-05-31,2025-06-30,2025-07-31,2025-08-31,2025-09-30,2025-10-31,2025-11-30
102001,0,United States,country,,46209.09826520126,46418.417800096606,46646.70814871711,46834.92743103639,47003.02516490279,47162.0887280567,47338.624523514176,47537.349945252274,47744.30490369121,47948.05722722895,48139.018188082584,48314.11490531562,48455.210923504856,48576.715631053,48652.661917433434,48786.7834316156,48927.61394375738,49112.06491146946,49258.55907214723,49412.395767171256,49555.38563000048,49704.50770120205,49836.43907390119,49964.29461385602,50150.77753212628,50366.50350912619,50633.658390322045,50828.02974102589,51019.45720355701,51168.59375995451,51326.19966138294,51458.20758900266,51640.34711676849,51791.28630369391,51972.727887552996,52149.780462287985,52345.402565717646,52543.39961402533,52707.70797825871,52879.837568777715,53022.27750752608,53194.60006112351,53375.85950823881,53576.43715107041,53740.0735847013,53943.81365220884,54164.24831648019,54383.38841977422,54543.79093188136,54677.8907901867,54841.78872938224,55026.71925394461,55237.587245050796,55438.530025112756,55636.70774421263,55831.024162799615,56031.58996741771,56215.95046139845,56377.22788237271,56544.76122481186,56739.73483884027,56950.51836296999,57123.526858647485,57027.3745292927,56842.51127241206,56678.67061135653,56698.64319206684,56708.62624241259,56748.67363786366,56891.617434256106,57121.30374307469,57411.63570610044,57785.73560674321,58199.06517320712,58666.788563991024,59290.08850409755,60099.67740104129,61049.21643592609,62024.28107922589,63074.24765707235,64108.26552246797,64981.79578705407,65718.03233967321,66373.03412874897,66927.29741221067,67476.04073037673,67935.9031114244,68539.3696007809,69079.59684451837,69635.10049474741,70034.22812914016,70312.85031477021,70505.76077738743,70665.52190829931,70849.7797685665,71041.84916097546,71231.54289554461,71421.08081041339,71717.94892556401,71920.2202623138,72131.10407733914,72177.27908383548,72316.92528491326,72457.17788194251,72616.8606144654,72806.20652170297,72981.99455553296,73171.73572823546,73353.33467362975,73545.77266049988,73708.55584943747,73891.83855456131,74094.3128865381,74323.08060387109,74527.356801591,74701.55231588955,74877.05440074575,75044.35517706446,75281.6831936427,75488.35179494896,75699.72725739892,75881.74357032971,76030.5652157349,76155.55156559472,76252.10995125915,76386.63226713905,76511.8943503675,76666.64914537552,76812.43134434319,76944.57248107651,77011.24744042197
394913,1,"New York, NY",msa,NY,87239.64716402697,87807.54775166752,88325.9076001919,88695.22169963206,88847.37140554962,89007.93751502907,89202.45053918345,89528.9707969254,89846.33375817203,90154.27185015123,90310.7514708628,90491.45677541851,90621.89828553895,90771.80032657008,90820.61314405697,90891.28958556008,91002.70677549294,91164.77054537216,91391.6226548478,91510.50595305528,91685.86655915291,91863.70544908363,92231.40741320733,92369.00784271557,92485.18747606457,92469.978359591,92611.94718818489,92723.26556943459,92938.94096609048,93049.26749155697,93181.86528890237,93218.94427344122,93335.77066002964,93309.72910805464,93330.9970230716,93424.38801106528,93633.33029844784,93832.43739057369,94007.61661005489,94287.9380319027,94476.94984005304,94646.10177916473,94816.61714192676,95118.55475704865,95377.76464762239,95575.8058368915,95838.58607239924,96062.11325789968,96312.43151495789,96548.2466860668,96799.21019741334,96994.1446916542,97218.21637672753,97508.81843795706,97786.31716272394,98037.85271567115,98285.16180453502,98660.2891230956,98941.85280107496,99277.43810866069,99555.21253200342,99889.94682516209,,,,,,,,90964.73309012112,90482.3773456025,90460.90713599128,90604.71963236322,90929.66543864473,91361.9727913097,92063.16976370965,93211.08838198398,94722.95865979759,96566.72688199225,98787.12864366466,101070.19656661665,103099.21322618696,104896.14110372608,106394.31656569039,107668.54602164884,108741.50827870338,109781.2055290092,110856.80800098354,112047.52046656834,113270.80424224243,114388.45543513815,115248.37936729123,115814.77008286597,116150.02595153003,116321.95374601512,116435.41073739553,116675.45461515128,117037.62580764516,117535.86468770931,118185.57177207526,118747.95512202152,119096.30250929279,119314.85706337706,119560.89411713881,120022.05671885466,120411.09858900071,120798.74599468407,121146.80203576881,121619.9450802758,122125.49826442139,122630.25580587829,123010.01950270681,123424.09975663183,123699.54743180555,123810.67430642483,123924.58722073634,124164.36716696578,124641.03615426912,125426.76158486189,126100.5600963742,126639.66555782098,127109.3970310084,127494.28875487778,127867.74638495003,128209.72361050952,128745.03835754003,129487.61685636739,130257.84871198623,130882.86405046745,131415.18855003564,131746.41291187418
753899,2,"Los Angeles, CA",msa,CA,70249.19296508923,70611.80259655468,71052.1768594409,71468.55749878335,71809.49097254072,72137.06164714551,72504.90991816002,72931.16951241378,73412.56032909067,73817.70037948698,74293.81995698214,74751.62199605662,75184.50481682073,75492.35534118043,75726.10549825439,75980.15051513108,76322.17227411682,76714.34591171004,77115.84159830809,77418.07738334268,77746.18515606644,78042.48527396911,78353.21847406033,78656.30613607346,79141.2619420138,79666.53956151224,80311.12887116392,80740.12273684317,81113.03267795812,81373.92348781406,81686.4453857269,81954.97449305399,82285.63318061187,82560.79138282481,82915.82232807257,83248.47966531508,83628.39985553343,84034.86742666201,84235.91338737274,84490.9023615441,84664.3942916924,85043.6911430742,85358.4658430365,85753.46943428318,86032.84314755833,86405.24564479398,86749.2038280607,87097.23030702236,87268.33883366465,87425.65597374827,87690.89460982852,88014.1398780691,88404.28873129551,88670.35707989387,88945.65076149025,89189.52316171616,89472.09566445665,89709.16673397543,89913.47877602732,90120.47487146086,90395.24289796925,90654.42611194015,90472.49882940312,90108.63980857303,89727.44064475388,89364.05373467007,89154.08260488187,88872.86054720955,88800.67512200691,88977.81899349208,89266.54105953724,89505.24896543146,89929.36511689867,90371.7216309733,90915.24853075523,91456.86385359257,92251.29688687052,93454.61177598697,94924.98922431095,96706.46905726683,98233.86630742639,99462.55549573679,100391.82508664184,101440.60905550388,102327.30356536711,103321.86067356571,104177.08640301556,105344.82093744478,106262.15109937599,106965.48512279092,107314.90843459903,107502.63194800782,107676.71515136906,107804.62653624764,108099.24288538966,108254.9625531852,108263.82828624532,108312.00658602909,108599.07457662147,108972.68372526768,109240.23722091387,109355.39475572114,109594.69989210738,109812.46241692697,110005.73300426676,110219.30280842348,110328.29218029494,110576.46023692006,110619.51180389448,110737.61344217768,110826.82547731418,111157.48507996173,111507.77539250095,111870.05634668871,112233.27427922991,112485.88787753679,112784.07187763942,113036.63449472933,113385.974307637,113712.68553135733,114265.00879786056,114689.11265977916,115018.21155566671,115029.29023700896,115102.72099563055,115256.8799538732,115398.38502916634,115641.40840919856,115852.12023737491,116083.42098593005,116239.46077882982
394463,3,"Chicago, IL",msa,IL,53021.90921053814,53087.09463220622,53260.88087966171,53410.182124145314,53570.43289207757,53688.50537010272,53786.05673963282,53937.58034079179,54064.05569943335,54248.89651181363,54412.96360190828,54625.40396995577,54768.462925603235,54867.5717726504,54939.54590230174,54981.80856253184,55056.56083688483,55163.39747739812,55354.910017349226,55584.852481517846,55690.97156736516,55799.02599704295,55779.260285526776,55773.66481038594,55837.33978338372,56065.15932047808,56364.359019319636,56585.84253200182,56752.316160027745,56803.87529849929,56854.898924871406,56834.020429161756,56998.5209060013,57073.63690243549,57248.86639443491,57367.51200789871,57507.85663735643,57640.08495686084,57685.87485742033,57774.900514109046,57866.63252732833,58061.77684299614,58228.0175060734,58333.66440558788,58348.44842822027,58397.98676040909,58549.24106366696,58817.96316037149,58974.2247388112,59068.12812776874,59184.64332506131,59315.13925036149,59467.390205268275,59592.03724110297,59726.83420701793,59936.83841450216,60154.81178141968,60390.264801757636,60527.17691590099,60599.655626566724,60740.329394373744,60905.44161933168,61092.88647221569,60754.8425482491,60369.046841397605,60035.756564650575,59913.74709920481,59820.42970223923,59649.702817933605,59427.90634044346,59283.838826102685,59293.817690346,59302.79452517566,59469.20216757926,59712.78278515918,60311.58996669075,60964.05540427911,61684.25557652564,62294.78838149254,62898.56143592169,63540.1882349323,64088.86056232982,64642.46933914566,65165.71328028552,65683.2180107,66085.6277577312,66486.54811093149,66960.16306217451,67467.88354830674,67899.3475147756,68345.36403457324,68718.8328081744,69132.69696207235,69561.22598341104,69937.89743224623,70260.95741879015,70555.46585031533,70910.35397073867,71285.68330149946,71566.53091619685,71921.02745395731,72222.17707130984,72546.55925313495,72892.93791228872,73150.15625592113,73422.05141088123,73685.3205831191,74002.95789286181,74374.31324913785,74692.66862655408,74967.24312359066,75256.27684373865,75501.8198822515,75793.99470756431,76044.50877345724,76352.83475941377,76697.58997055038,77151.89059473698,77641.07244194606,78028.57401311578,78384.04896014935,78763.35428702112,79157.96877538142,79555.13595112583,79936.10611522132,80320.23473031582,80724.13350131919,81083.47805445675,81444.58655501329,81704.91266624647,81948.46098096321
394514,4,"Dallas, TX",msa,TX,42493.954580429374,42640.48933615382,42791.712823739676,43046.13876291776,43220.850930474175,43416.74755280145,43593.548768975066,43774.0580878621,43971.43931573368,44144.19869332862,44354.41046636697,44569.79505822625,44716.70851551916,44903.63831573318,45041.540519566035,45251.22515858721,45378.38655779234,45541.81372428974,45677.783211089576,45880.040317345185,46063.17526297454,46292.20598857805,46420.99031264653,46573.939377765695,46810.10121598399,47000.95517909552,47301.08282424517,47454.693065455394,47762.83770470525,47892.9916834216,48063.97348575819,48179.25448905856,48328.8187512281,48385.03121038173,48596.97435658971,48748.42047299304,48975.518881175194,49143.61627464343,49204.76599896894,49306.04257426465,49334.208696226226,49525.36783960999,49678.19577863112,49811.89316297645,49903.5527545158,50148.82866680883,50348.30945253086,50610.20612036433,50689.645353189,50770.484280879384,50943.10231025624,51133.730359810936,51318.65914795504,51451.71827248059,51594.53121692339,51758.32644502773,51934.30310629723,52021.10783764877,52080.511041610254,52110.24345578174,52221.463553184345,52362.229665257364,52607.8014013467,52528.481510355945,52347.870020082075,52117.68214130281,52075.68596357772,52126.96326322733,52304.83953583536,52581.34048917787,52883.548456102144,53253.39755827429,53651.270892988156,54079.82956550288,54441.444484210275,55049.375314828336,55827.623090542285,56829.49257592654,57864.313250700325,58974.86470815583,60003.714500737675,60856.78845473249,61614.65011734964,62318.89242468498,62905.81242108006,63414.88663005697,63836.639145503024,64444.078211659464,65025.10840442853,65704.92345921097,66091.62859266157,66226.09498150594,66183.34877244748,66058.49868973416,66058.43175404723,66066.62939869292,66179.37872092513,66253.76595680021,66515.95799968358,66474.26563461391,66505.92341278287,66267.6119370452,66288.22229332168,66241.87605521517,66248.97514085291,66269.61129074132,66303.92078783973,66293.76804423174,66267.56225003624,66142.84954379924,66020.88680615033,65939.60625179728,65973.34400543086,66037.8340162699,66086.92582422248,66146.04365299513,66143.97772460309,66200.39473212323,66193.4460884911,66258.71939558139,66286.37258626617,66398.06666906354,66419.77824467576,66489.96210764335,66425.09391379177,66424.63068222892,66360.87937788585,66354.86714458957,66394.0934126629,66391.43404231365,66396.8475436818
394692,5,"Houston, TX",msa,TX,48027.01314394542,48124.38847004865,48308.77160553757,48401.18970002067,48467.24895810921,48553.291156228865,48650.043420128604,48801.50413136462,48841.90731222518,48889.31336688123,48949.989302800815,48987.06675737135,49059.403287570814,49052.66892796246,49148.27610581272,49120.90903875104,49046.7177167199,48977.380226470916,48995.90597322872,49044.08646138279,48960.27088393415,48905.59145466815,48768.42902555548,48772.88228128439,48828.6460878611,49061.68876607107,49264.30212980471,49300.695638751415,49437.17955298591,49426.05876181096,49501.33553320628,49461.890171428524,49863.004809826445,50251.71546796351,50722.02137922725,50992.18061365849,51140.43504311647,51306.67818181012,51262.482284643185,51407.6482366905,51361.5544597239,51487.052966956675,51533.521758681454,51644.60444849608,51644.333561765445,51703.4542806253,51803.167902164416,51826.646844602066,51876.67187372499,51771.59954307484,51919.36132146051,52031.25713699161,52249.46492856792,52405.56041432369,52560.90402619144,52715.61787647681,52769.01465042267,52784.01762826372,52752.933442772686,52859.035372085214,53001.09160995307,53224.62400293991,53452.381328470416,53278.23719686759,52924.38305239138,52589.664377222616,52565.51237464804,52665.91725764876,52813.3121221433,53051.00516798111,53282.109408619544,53456.33715428109,53643.777633208716,53740.43558872719,53989.77108671604,54436.39657866793,55167.581178604116,56019.019371025344,56809.41929360311,57596.70908246189,58248.40143029385,58738.67188176653,59143.35675948819,59515.78202171362,59849.33855170868,60253.82026673364,60562.4658318693,60992.89889214534,61242.61137359064,61546.787246425476,61732.14058349956,61860.95330055268,61942.29293579432,61986.198774974815,62064.96904042782,62203.31032316722,62431.713696477105,62681.69037909681,62977.63590774168,63066.547458031724,63225.405298067664,63305.10966153619,63367.285745875975,63348.049563525834,63302.233545337614,63359.64514364008,63462.54045663979,63595.009286199565,63726.47341660498,63783.639243457306,63735.987467723025,63854.34789328734,64031.57882146986,64327.714858814536,64421.07070530195,64555.210105070015,64642.36255687607,64813.157678511336,64899.66940090036,64971.3803493291,64987.35868061608,65020.41554290959,65108.14178582315,65120.79302320496,65066.30450184004,64929.52236268922,64964.895086888224,65000.8369354164,65077.19266060483,65032.10041379348,65002.91638922019
395209,6,"Washington, DC",msa,VA,67667.36794167449,67844.76007734293,68021.92170767469,68115.96809152832,68206.69347904038,68249.86840655799,68297.52920190395,68300.97314097613,68479.94487151974,68657.69573550485,68905.33005602304,69006.68452002485,69106.85541815244,69111.93013650113,69160.22588884289,69188.22435141481,69280.88102488959,69349.23188493241,69479.41347817074,69647.63291192443,69721.05320022974,69822.62678563986,69860.7650889116,70018.38180435149,70201.20267482972,70524.90149583346,70750.39163472416,70914.12289416612,70951.68233764218,71074.4262796745,71147.596792035,71236.99980356976,71391.73457880554,71545.26504438477,71623.37234624897,71675.70279834664,71731.17310552594,71830.04002402375,72021.07627138877,72235.34662476623,72450.69362255085,72646.70570128475,72834.89968550652,73118.42119638539,73166.3003543615,73405.87907089392,73721.61173151615,74079.06708472467,74216.74984864902,74325.06766113912,74449.5717327055,74596.82706925111,74796.68014279492,74979.62805062062,75182.33009664922,75297.96339634652,75579.61014840445,75708.17086517744,75826.25549943378,75905.21285943767,76148.50274235409,76368.58029282323,76737.13932768193,76491.12350997905,76089.19580187363,75463.51002344493,75086.31877648561,74790.74376863237,74468.63995885829,74227.41562776521,73984.91096516867,73957.49937277104,74128.67900207565,74383.70099706229,74536.67841710638,74934.70279846908,75669.40806793283,76791.4225097246,77853.91979711884,78932.93700992133,79898.70389948002,80844.70342288131,81609.96431900305,82174.98577521116,82469.70888326831,82796.2507100598,83189.98803016414,83823.40789141676,84375.88482190491,84929.93107888164,85370.08084195598,85615.26287783658,85818.50784350302,85803.31575392777,85944.2856618935,86056.92311933184,86313.69024073669,86619.64536217143,87141.02933353737,87412.79032992612,87700.75854357582,87714.94563270235,87966.32881903742,88264.88721487694,88633.47268211268,89093.54511618007,89468.29927556198,89815.29976919937,90058.77281225387,90375.50163251907,90622.19551026152,90993.48407655193,91366.02266902463,91871.85400895549,92284.91882802939,92625.79161763721,92885.2752057384,93101.161346882,93350.66724920088,93689.66763834917,94051.2647805042,94283.10205948201,94411.73723984457,94470.59961436062,94489.77841388769,94492.50431625149,94438.35642088574,94416.64550408552,94390.03224974174,94349.93514663212,94247.71325408689
394974,7,"Philadelphia, PA",msa,PA,47896.93422216874,48017.30737195376,48282.442381261804,48386.851063226204,48503.68518734855,48537.67809358715,48675.29569781636,48773.92739884129,48919.628073695516,49042.41397203428,49066.78139764714,49126.519442196855,49128.932253238956,49321.19354235978,49387.61475592084,49557.185449914425,49675.173572354484,49916.12926043278,50026.21288709861,50130.581663388686,50184.90976143569,50287.814871891016,50502.46976899884,50666.38018678575,50841.03002731725,50928.52868627285,51068.92411610699,51192.891823475875,51282.13114150512,51293.64249749404,51394.54692508127,51541.82684488823,51732.7967316878,51868.662568403,51960.38454903908,52178.05354411404,52304.90644080186,52471.349690090756,52588.36958302201,52730.858188074526,52939.97482093456,53046.2888620524,53178.53452652643,53308.5424355943,53491.21327351057,53718.17736028683,53971.84735652137,54109.73324422738,54311.92694528881,54377.753046741236,54579.78792895386,54756.45018350753,54912.22190715694,55166.54892369375,55383.10205020869,55583.58385563537,55733.366383684915,55869.36108942247,55990.45587932418,56152.16766333462,56314.5071563913,56579.35009837009,56804.10961994442,56806.68959099148,56672.30491696829,56571.946539327866,56716.22556920532,56802.017179237366,56992.84674811759,57152.684198216135,57368.122209746994,57549.83631240087,57812.27692689788,58067.60286841139,58286.593514338,58744.93140002531,59422.98421139475,60139.13228206623,60765.25657551116,61458.51559003451,62032.84144905886,62653.790442798614,63199.28256556677,63944.201038771185,64443.38397224775,64860.97571881207,65165.44762903311,65560.28060265558,65907.64362541998,66307.0049408468,66617.33211479243,66823.6815779776,66973.06007759877,67020.69947730406,67165.43707759853,67189.60943784438,67407.69552385216,67518.40230872424,67899.93251090297,68134.78870418365,68407.25937176884,68467.83308347565,68613.26363046048,68821.41143434738,69122.8155544678,69385.1138362244,69541.8476497585,69597.71419058528,69694.50342352442,69965.35179450648,70270.89005929227,70590.61283819587,70834.2792230529,71065.14102920218,71141.73299059136,71306.98051048045,71463.55888212484,71757.40889115148,72059.80663839527,72430.48228759157,72712.61086109828,72920.48728513323,72980.12858238582,73066.63178035317,73189.39363885368,73408.78885823248,73721.4974340844,73945.74816197938,74136.1878562995,74247.04824463442,74373.43078651564
394856,8,"Miami, FL",msa,FL,58488.586696256745,58826.2452537345,59117.73944877401,59412.68655220406,59707.02292216394,59994.212247006195,60258.55241868446,60517.44140588822,60832.5161758573,61075.46601412887,61419.52574632325,61665.51552275567,61899.84661062137,62028.19019660113,62138.7503157317,62229.27757217383,62214.923146254514,62222.22849409043,62251.705510543645,62313.633601889116,62398.43580521048,62467.53178277845,62584.84725343889,62654.791270730086,62895.77215642159,63096.29225827298,63425.643367433506,63549.36279769195,63667.27059390596,63789.245146264904,63957.28431787027,64193.35559385959,64372.70593125206,64503.91298324599,64505.12791881712,64603.139693887926,64771.09722314473,64988.027609745746,65163.199019863365,65358.363725637566,65525.97068980443,65736.57126808487,65920.6720472369,66143.25213621782,66274.84306702556,66437.33423330245,66605.34799773454,66832.20899815216,66938.25800341912,66996.88458145817,67058.42172751391,67217.40613724157,67429.11600466559,67607.66803067653,67786.95076451538,67902.17537996423,68115.94488136536,68341.0977219404,68621.53009710737,68830.7336992668,69075.27514838915,69356.39805859856,69485.49135392327,69346.54286870186,69047.94778255436,68931.47279825459,68934.57070976087,69027.66014927218,69193.11539078799,69687.6766830311,70322.08930610909,70952.62013400794,71701.40867618602,72735.07180051233,73941.52981600988,75354.10027593179,76992.37622660486,78975.96103086768,81383.45174052182,83854.92140277602,86152.7175935444,87936.75477506181,89705.78237955958,91593.60575769044,93433.89452731925,94862.24464217607,96254.31616530029,97743.25838005649,99182.52491410138,100130.82699362822,100588.84338473537,100770.01728566145,101008.85422781845,101244.81346055985,101566.66607788952,101847.28601145744,102088.57907965084,102269.60644602793,102435.61792623722,102569.97860968344,102743.78959786368,102847.23632549043,102865.24677372715,102961.37245625508,103092.87557864397,103496.54071489259,103668.94842067045,103694.46831365967,103723.44330375663,103963.40693827096,104241.18029944213,104461.7385504815,104548.67161456327,104707.51475274874,104899.63936592346,105115.36331901571,105357.09358866083,105459.56691040742,105560.95815519232,105786.05800721543,105980.6155908974,106069.67176795326,106088.01892325428,106089.78945808548,106131.84036211488,106198.4273185951,106321.3543559848,106398.56736805267,106390.01221400451,106331.83042972854,106327.75517868769
394347,9,"Atlanta, GA",msa,GA,39863.09212193109,40044.81530005966,40152.06633209578,40385.403386541926,40545.951171363246,40823.874778277925,40986.02939411076,41172.02642329308,41362.81852886681,41581.5601073954,41764.187477638094,41976.224442589264,42167.93600079349,42394.45409915591,42590.633002642775,42719.39077186347,42890.60224315288,43063.558280922094,43326.22284016741,43561.741744079896,43768.05302215495,43980.40243578218,44151.33580882975,44322.73352470997,44529.29905586227,44779.3361983093,45089.21898764074,45374.704218097395,45669.434509873536,45927.104038109675,46212.288054604556,46440.25876253078,46716.86497524344,46807.412716612744,47045.556347514605,47219.98467859413,47531.63200217221,47779.43812137375,48029.86328796664,48288.00795466239,48528.67640937817,48743.45866753722,48966.07136382866,49160.438801700686,49342.134053714835,49779.80494150323,50174.14540871457,50535.602751260485,50723.88663916988,50912.93249658592,51123.373145195816,51348.03640608779,51573.368656227605,51832.034496790606,52049.79606006432,52319.77394869249,52573.65739614355,52710.4342605546,52807.232709091455,52954.92864312731,53151.17846451097,53360.8024674826,53630.00927583447,53703.4415171005,53708.52466469359,53745.86436585074,54042.36139673579,54363.718774645444,54724.31567463874,55142.41619758456,55685.793884052284,56262.16114951312,56974.4617243596,57704.03923042127,58370.882557351826,59178.83065976635,60136.424016724486,61404.079356257986,62621.9631004042,63967.38669936836,65160.618365853494,66226.05863154444,66974.67938122498,67489.95102795177,67816.67590426559,68038.06658906554,68360.76166759495,68759.26754679531,69272.5066369331,69711.7209631358,70112.97475100907,70282.60275395922,70351.55648509854,70307.69897445568,70364.24781366483,70538.67777073102,70610.99401543198,70741.84384200271,71055.41967263172,71238.12762636355,71312.18850881624,71057.5855532669,70910.3516590029,70719.91013252725,70591.25272613367,70512.24724915593,70506.25817729025,70513.80586813994,70635.28794507169,70762.41045957073,70745.79667008383,70786.95242414338,70880.59404037468,71079.185582825,71122.20452294043,71111.54290039382,71216.16796601575,71366.61267776361,71609.67375824366,71738.23402554894,71853.19673211545,71949.38806675664,72045.87113836553,72139.40889606833,72218.84421119727,72382.41819629856,72630.37990242515,72986.2758706107,73253.62050021745,73493.43274632277,73623.64021310103
394404,10,"Boston, MA",msa,MA,77173.8930667089,77332.30519715004,77723.62181261338,78120.75443320218,78409.82125067733,78588.64213375431,78672.29343628416,78943.86574017945,79274.79800435888,79859.36473821454,80284.37464204755,80568.1442147987,80539.14831614846,80826.79471511618,80822.09750403852,81039.76565909016,81172.57120424323,81543.91751015405,81885.38950816574,82309.0971384414,82699.01656383171,83003.06228510574,82956.89839389862,82937.19904192023,83302.96433677677,83754.79157371036,84293.94643050905,84485.87510053662,84588.20155219837,84687.77808388612,84844.25941670085,85034.22476975639,85179.65843679286,85284.64277848316,85665.76267392196,86180.31230099812,86571.41393657184,86702.28333708855,86871.15862693934,87136.164805469,87473.87087708309,87611.91274322713,87808.33594514121,87935.2656910145,88114.96014383378,88456.99535780532,88735.38060091673,89003.21762904048,89122.28316509044,89353.33835497111,89567.4810964472,89831.1243902134,90103.33965906364,90482.52391664775,90794.87525403034,91119.79950309837,91429.37581013743,91645.66014879962,91853.35559065228,92005.46984081934,92265.25567878551,92544.57212413172,92910.25040809913,92433.47749247447,,,,,,,86253.06810359866,86356.40388164922,86778.30278314537,87469.35476489486,88157.40132083313,88945.39023489818,89889.34330924046,91067.53916559638,92290.38074779356,93483.44561255448,94929.3250919097,96373.6558665514,97544.73839145913,98237.43258648878,98638.03613047587,98731.28159223958,99006.49215845883,99676.1066323513,100711.4842811241,101761.91488959841,102688.2111591511,103732.56075310288,104700.0552194985,105418.9235204636,105824.33219765655,105935.11926570882,106008.95781464882,106442.31447899409,107081.82298951535,107836.4091857447,108338.74799592054,108782.8426762999,109216.08809567966,109731.3116290967,110226.89808067246,110614.9900543125,111073.46571430258,111453.32320489126,111846.3045426477,112349.33643754432,112727.67768379452,113064.37144327967,113278.95983002374,113549.60508045307,113843.54296315329,113826.2871723382,113908.81474766204,114016.69981431078,114613.9121018728,115216.49328881453,115834.4528437312,116192.82595577235,116453.89458403755,116552.18187719215,116747.76916226797,116886.40056912656,117011.45772343726,117282.45603455765,117462.82695727829,117693.88485241681,117543.74062005452
394976,11,"Phoenix, AZ",msa,AZ,36710.986831443,37122.78265357204,37287.929004798134,37633.45743875643,37661.8150738337,37901.548285767974,37952.93848187707,38090.22966513805,38285.56189424387,38522.70705539873,38758.4279942188,38955.42186208836,39164.362522546086,39213.37512127065,39336.01321525557,39407.41594062176,39647.188082747045,39848.1650957202,40075.32307650525,40272.207257364455,40410.85977489774,40548.501095780586,40707.58490558111,40880.070066156506,41140.52273538193,41381.30093883279,41681.757331154564,41846.907087635685,42118.193873386044,42286.88539857807,42525.29395909734,42705.32898870693,42949.60938733733,43171.72489856893,43403.3881285809,43593.96527736887,43822.17260297344,44011.78849621463,44313.988218217775,44609.36698084701,44900.74266983076,45162.28606166357,45458.6192017276,45783.89464182022,46125.51336252105,46450.32605198644,46785.94797070489,47101.72465286781,47315.11571175476,47638.76194001343,47874.66121343594,48207.86479384943,48475.126651848135,48836.93014530881,49147.68120440778,49484.31959144923,49799.815304767755,50154.01664309988,50503.98116762972,50906.057159057505,51366.369186236036,51787.02484972475,51892.59945576624,51827.08268339638,51690.76534059928,51693.49511519905,52010.22115227648,52495.1992927203,53119.30745472552,53803.85602501103,54502.29336979906,55104.36751841813,55753.18952609351,56353.97499777387,57187.10423248407,58283.75177344132,59760.48607422529,61396.17901447239,62989.48760518917,64462.244487136246,65712.2049917012,66751.14712889957,67524.3794063894,68171.1111095548,68699.26077526931,69169.67082887195,69535.49810510105,69853.51622977707,69971.98713405595,70015.9958902309,69887.16260769301,69723.67948965354,69468.18582683936,69308.72201755398,69280.74606102445,69388.93776260345,69394.66185233703,69480.52200879747,69736.99654712404,69838.74299906698,69883.92509104886,69682.81093294027,69682.65725643016,69617.43625868548,69604.46485116801,69556.78327428813,69559.21277600038,69542.30102920558,69619.46517109658,69671.0535389764,69675.45542047755,69747.0445029891,69862.55779068595,69975.7222674692,69978.32489538402,70017.1822406507,70061.8203845028,70053.18439599584,70057.32648720578,70044.12696655668,70009.36211371994,69950.8165629888,69843.99253025532,69744.00912606006,69650.77442986977,69671.35761480479,69705.03630799538,69739.75334825936,69756.97086863751,69805.99179597977,69794.45816553365
395057,12,"San Francisco, CA",msa,CA,88638.39927207257,89176.31970298824,90342.2995558248,91247.26174852428,91904.15525660013,92600.57348630419,93604.99831835247,94514.13290098992,95297.33327468084,95672.74665380108,96248.13294777075,96794.32560820327,97527.70756466211,98123.93442697806,98205.30073803636,98550.53970006255,98567.86820630074,98816.69055884558,98905.98195432339,98969.00224011404,98947.68910895487,98777.37411950201,98934.85538474581,99118.7349187881,99523.74763088663,100061.98876204576,100750.407812909,101014.15585734874,101238.27831828826,101586.02132302315,101887.23328910473,102240.73984524365,102623.968574367,103094.46561122956,103306.90740521441,103666.00466104381,103915.79591988125,104325.09884749318,104418.31057175802,104738.77487354323,105043.56659029028,105382.6043144791,105642.46139329897,105980.90079915554,106284.56940920484,106701.09921001657,107014.99750235598,107311.85712338962,107479.38862335814,107630.82005204566,107903.58564122164,108158.12085763282,108511.82694682993,108715.03256682165,109011.52782742555,109212.96621778222,109432.3918164792,109551.87424749127,109792.10560968898,109954.21653680364,110209.05379680061,110363.5297306555,110421.5912235363,109799.42882076574,108919.29075819731,,,,,,101718.55154875298,101394.3441340354,101126.36602531659,101286.04923430327,101618.07870425754,102230.23843197885,103071.9437396749,104305.4244659335,105683.29276080952,107107.94845004637,108241.42541163,109053.64178459204,109708.17621468708,110326.42355848917,111008.5881008223,111561.976355131,111912.02522851301,112372.52824484635,112782.49481551042,113242.34461063432,113486.98326451278,113794.26068776191,114096.03508504685,114336.43819127475,114442.57473314148,114368.2974992864,114217.99207366857,114235.27058184794,114455.66276361361,114359.21206761303,114274.45769341597,113852.0828848645,113837.37059197311,113811.09815804055,113862.62691594702,113992.36226513279,113977.04752015094,114102.97297481717,114271.72105348835,114575.25204319652,114788.81532341507,115025.4645710856,115265.94744949018,115527.95648435832,115731.14865521311,115990.76607390688,116214.94609165908,116528.25206636464,117257.73717629148,117781.80828346605,118318.03611055652,118704.1779918554,119119.78230995212,119664.18898793719,120231.76810850785,120958.00822964094,121606.34403506057,122238.10611919273,122906.94257367539,123527.8794712241,123963.67097144338
395025,13,"Riverside, CA",msa,CA,52164.084913520055,52259.320375762494,52442.264578442446,52677.825058717084,52886.24784038704,53121.12318124141,53377.362729972934,53666.25281105712,53992.35978503788,54292.88131026869,54514.587062794395,54769.84084872079,54910.17676133018,55210.066187340264,55359.29631476208,55485.521936535384,55665.42672063686,55770.611356627574,56031.67309608907,56175.5360796906,56518.68560101709,56720.394443476194,57011.21077021525,57229.08546347443,57711.165311061246,58055.87303109188,58424.67550916142,58840.499782580664,59176.823077646455,59586.30434943374,59787.489444516155,60136.816081324556,60350.77092054783,60684.89196936691,60998.48742906417,61283.55542874678,61494.56948674113,61847.48519864837,62252.92255590226,62552.59507197763,62750.36565876616,63057.332440999046,63387.85580166042,63748.07040294648,64035.48588006853,64383.8921485522,64716.67932607546,65040.401281041224,65299.5515920842,65437.232738826184,65616.62603522232,65860.31609291738,66214.568350554,66460.23437890747,66757.39023728704,66977.42377356275,67275.91799188535,67493.30579127806,67715.38676424173,67972.12636585819,68262.44548859731,68599.28175584324,68693.52913048904,68710.29182271761,68707.6215876638,69114.71832120667,69709.44246525773,70641.81762632847,71559.58100380066,72697.49037198893,73728.09413247192,74732.09639089603,75566.59776861305,76513.44491236577,77575.30669322473,78555.08171591429,79943.3213486371,81235.33021413647,82907.8548906124,84237.47675711146,85486.19579037938,86281.82830177319,87102.50567737235,87818.15228957498,88804.87286656481,89591.40808663555,90417.0247098857,91477.65551603404,92135.69510577337,92740.61853808128,92798.40586264078,92779.7546022309,92852.36487189228,92748.21239185482,92916.21512690863,93067.19857116957,93335.09684987065,93554.04235737461,93813.26016878175,94119.93169525532,94367.27593809296,94359.69380480192,94314.27215158084,94453.28230211858,94538.49577740104,95053.21313922621,95216.4054561912,95364.21401177642,95224.40097175552,95448.28923311735,95814.14782276674,96088.0344378812,96365.10942636771,96619.49120021357,97108.43930947558,97445.68956153205,97865.00788658703,98054.85550771063,98331.40673366576,98697.19227843363,99143.55645240138,99342.9401639006,99374.4059556047,99385.48229503652,99471.15281659091,99691.51975994355,99823.17243174568,99980.61934003422,100053.90692580793,100108.64155864362,100178.32348418607
394532,14,"Detroit, MI",msa,MI,34416.431723477246,34536.92153142334,34697.71984353081,34827.777226715254,34961.4608603912,35043.95275830915,35161.292195922084,35260.41403328165,35385.174225785806,35460.170341060264,35604.97245066331,35652.887972999735,35809.106686561696,35850.47968456162,35914.1024085063,35964.891406737246,36036.3057815849,36126.84108188107,36277.24670316456,36457.62946002192,36546.971993230014,36713.82201011299,36798.63231987022,36953.20783550467,37006.56320189009,37181.921364683614,37366.43901105479,37640.63124334476,37833.110438679025,38035.51734139488,38132.56707994211,38247.2155978277,38387.97867641616,38514.52443637288,38676.146995110765,38868.10288385827,39002.46797941751,39095.97784851643,39194.414460185304,39308.00834898736,39460.074518599926,39571.347814805624,39702.84177904113,39838.23720993658,40091.183132582584,40194.05152573503,40289.47433439828,40301.07809154034,40579.69170917066,40842.04739442323,41010.18485712491,41122.764028411715,41239.480876874826,41378.22387563065,41536.96701880358,41674.18059381604,41720.62098537933,41872.46647384472,42022.37381403065,42203.93658541248,42216.257752487836,42232.52805160227,42416.67766751943,42587.08043725135,42730.85472232738,42875.55756099824,43255.34265818838,43678.12422098015,44086.2049547199,44436.36216525092,44806.251646427394,45208.53326964196,45615.86561388621,46126.04328721352,46513.7478010182,46929.64083760012,47303.78640739395,47786.37637234937,48268.745675108716,48881.79141916682,49374.33242474307,49879.3997094901,50215.543945146,50680.27942380722,51001.12855626879,51337.72498326367,51565.245759261634,51955.89733497561,52360.71270479788,52826.307268529585,53064.644457630806,53124.48651206573,53225.97808502304,53206.375111646084,53329.75319876993,53343.31989461818,53546.19168629065,53641.001407416785,53779.21864744293,53893.30849107968,54016.968864986324,54095.51574501875,54221.729466551755,54337.701779251176,54527.35174652738,54693.93152272008,55032.97280813734,55193.5724182685,55446.81412521282,55541.51237621847,55863.766193402786,56047.561178598386,56386.30764902053,56577.86469822129,56873.53478229728,57094.374956073894,57289.93011626709,57554.95537768018,57718.29037530087,57995.473589460955,58120.022079116716,58402.70962642493,58499.20496336548,58668.1973914152,58695.86484099449,58832.34312722787,58898.21262150522,59045.096420109454,59151.83163078023,59221.78199319761,59239.36086172539
395078,15,"Seattle, WA",msa,WA,53221.98589505695,53452.38206993996,53838.819624658645,53968.95918363305,54193.517602782624,54423.06749562088,54897.98917629566,55305.38152604113,55700.21144102226,56119.44666454961,56295.23203687333,56639.88447881812,56929.29547149004,57484.15299593909,57615.936212685534,57994.4512469655,58392.78507034792,58938.49668047143,59332.03790638955,59538.39771459095,59827.834991765085,60144.94660637847,60551.32576114443,60818.56094275371,61179.0160259321,61612.678756498826,62344.44154533221,62798.717349496255,63205.96611160466,63505.81855760969,63774.74484342754,64073.53234751542,64298.59073987557,64485.46317952684,64558.038660211816,64643.58648384919,64819.470875861225,64990.49440549755,65157.491135695265,65341.7333472444,65599.95781096883,65809.91250992591,65962.96359815844,66095.53262549902,66287.48573211962,66505.4489173047,66868.24520578365,67161.79688896495,67387.91109858567,67570.29031402539,67670.75235263734,67860.53617849355,68016.90826839577,68238.69315712407,68553.36722073474,68918.14145971036,69261.93491716158,69600.62335871253,69876.56634373033,70232.23794380325,70590.00457109285,70974.17384908083,71383.73255836728,71009.4333697002,70425.40872145395,69654.13512351837,69292.88238292644,69037.88934561682,68766.99617159371,68463.08414601457,68093.74653839912,67803.02566010805,67925.2934271989,68221.57458451383,68758.22345904801,69522.64014412742,70597.47773342613,71898.34480525604,73169.46820554942,74503.22267152405,75745.88330166783,76747.97168594475,77612.06486253027,78291.71334207975,78760.3749347388,79224.9880330795,79609.43937326163,80202.33866297032,80740.13725241354,81364.23021748995,81752.68036988475,81834.51483599236,81817.56964648415,81810.85929741111,81805.32956503816,81758.96876992744,81719.286185958,81841.04766987026,82119.48023692434,82162.83751121459,82200.95799122672,82032.623846056,82096.45171068422,82294.7490091826,82534.02219113769,82805.32771190116,83013.52043789001,83337.94044184242,83689.27957507235,84000.73716363226,84226.94592824808,84520.70476845407,84817.69472122753,84972.5253390447,85135.06352673811,85244.28588564135,85443.43901269017,85618.46925084101,85958.89741525073,86193.16659467923,86421.374925557,86582.71816065739,86729.23134666997,86875.227377936,87014.39579604597,87332.39853641948,87575.80381626824,87847.14594084823,88043.37394681056,88238.0776008718,88331.09533637983
394865,16,"Minneapolis, MN",msa,MN,45108.23578865325,45292.74779524791,45449.01480721105,45583.72658587165,45804.66230673598,45937.0974234547,46136.26422601492,46210.963477752244,46375.527146953485,46357.52946144631,46577.822291546574,46771.715909465165,46902.81553364348,46926.79641054509,46974.3966930541,47298.01943638469,47560.761527529736,47837.91838913439,47905.91767326736,48117.36688006906,48312.019299764346,48663.55188228804,48861.10995859239,48898.93554873454,49040.270510543996,49335.60740385481,49631.5407808045,49812.87092066205,49924.080724076644,50218.651921052224,50466.95521830124,50695.25531488749,50853.077279216755,51025.424465668686,51108.80618031972,51399.614193734196,51665.72945910934,51997.03010557357,52189.80435802205,52260.72956631422,52288.84539584552,52316.83298518422,52578.373244076596,52833.41753577252,53078.122827939864,53248.81724106888,53531.15262892444,53771.093670256625,53945.92679869179,53976.34474571683,54153.00344105624,54423.26466783663,54771.49511692259,55026.724321114816,55162.38540882866,55283.71018771842,55447.064742421986,55629.654001145806,55793.473712686784,55919.31253155209,56087.59159829909,56302.658683487825,56358.97898012052,56245.15055931809,56004.540275657615,56045.17200289028,56066.03041312866,56227.913686567656,56262.06490930126,56495.4134889851,56467.52140546366,56449.44072241171,56299.515333768555,56322.03216539841,56543.28892790042,56872.7436280043,57318.97382973837,57739.21417575007,58119.33753376966,58475.90583522986,58835.17756551478,59059.88949078553,59307.37670623056,59533.192194568684,59841.72324018039,60086.016430702584,60303.64412736143,60524.59768794009,60783.69893901435,60990.79633817473,61172.533993011995,61249.65042841775,61390.45308111788,61467.19290386423,61591.54723425749,61738.02581179066,61888.90060879413,62062.15926409151,62206.25762653577,62273.96913938604,62350.395468079674,62402.87809003555,62564.08127991056,62656.57812039155,62700.89315787909,62854.71896320807,63063.01315605369,63271.8923670671,63414.14575285447,63569.93306770751,63771.602171663486,63975.08178398138,64128.76948140516,64177.45886262635,64243.299489697216,64425.69189862211,64706.6928960685,64875.07391938348,65058.362881257664,65197.77684971983,65381.17699671953,65558.93575046798,65721.11748964254,65924.21298876278,66159.18260996226,66509.90812373819,66809.95009174132,67085.66053765509,67304.80873908653,67586.94211502938,67831.85048116957
395056,17,"San Diego, CA",msa,CA,65237.6342898945,65577.86728952311,65824.44658969379,65873.348380211,66078.18645257028,66253.99619876833,66728.82158069986,67165.20821637237,67611.35048062223,67995.53372437488,68236.89713147539,68636.90165898977,68891.7267342904,69124.23177869996,69334.83610254011,69619.04865296825,69909.07380067174,70353.56594528412,70658.66929205199,70971.10992821594,71228.92417258669,71584.21084770959,71939.65684476173,72212.41256131777,72471.23242702952,72968.29997732172,73556.040171269,74160.19418201792,74507.27551226794,74787.27928172817,75072.4185507544,75329.19271794139,75588.85664986336,75850.08246400076,76201.88994010519,76468.1593614352,76903.84495750548,77262.83190275861,77665.37450199678,77923.14782468448,78287.92397013406,78556.40558195485,78832.22271557286,79123.45227141284,79483.33979046436,79751.05074828237,79864.70772351541,80131.41823402757,80358.45034914944,80621.69428850086,80697.64887476379,80872.04821210922,81088.23125572127,81378.1287041846,81675.92118856726,81970.82116493514,82216.6962615128,82510.10861741033,82877.53133014208,83180.50440693506,83436.34425476241,83654.6177245289,83673.92249942993,83340.6774512904,82945.81155395662,82723.46209330547,82822.51004658511,82954.20882920928,83319.76236128283,84056.37566068096,84927.91136551292,85659.71862331222,86200.57744716028,86769.35931922747,87425.53348389624,88451.3020866989,89637.91662190316,90891.9764440846,92445.78286703194,94210.99685274836,96239.71080022173,97758.0380419326,99139.44033339916,100267.91474300735,101527.00583454469,102756.64259177283,103874.97717625438,105176.29216814012,106376.01491936333,107680.45960800478,108441.47216787889,109148.37193272142,109308.54349616697,109519.17001454427,109573.12923276861,109882.1009714494,110120.84274747536,110500.47482128479,111159.09580352515,111826.25381072015,112552.39191030992,112878.31131814177,113170.3096277068,113244.63128342597,113269.67343476153,113202.4497584144,113051.10576021583,113033.17495498405,113105.88392076918,113445.41967794043,113649.76350844649,113921.68757539277,114070.19059921229,114251.07420652245,114451.57112608218,114469.67630335169,114693.7684321356,115035.85594965602,115746.1659594484,116216.5817943587,116578.31224482808,116624.46490507456,116621.67740979366,116480.72110485511,116400.37217298544,116444.94190319808,116570.4845503897,116912.62497465496,117185.94487330534,117375.13588704914,117312.54874710618
395148,18,"Tampa, FL",msa,FL,41549.88360391529,41681.1316984426,41833.94150005138,42019.647199206585,42253.15291002752,42470.417502391494,42687.70568397867,42858.55099501576,43023.60167921676,43225.876934733125,43467.32759204489,43726.19024059348,43922.2192881277,44089.334675212085,44167.12663336864,44309.795909413544,44377.032260442335,44571.90039116744,44686.84483977704,44917.89125825205,45176.177186350375,45430.5844265365,45591.37255980478,45663.564537509774,45874.413883288704,46091.065639433975,46413.85553785162,46623.632287326865,46891.25966267918,47072.33244308007,47234.33527330313,47313.74604447748,47475.60395585424,47642.65639196342,47870.669159536796,48132.84879091266,48392.56257594386,48664.696206981935,48834.842061342344,49043.72570067835,49242.026192048965,49483.72784606089,49719.27172329214,49955.58117577911,50054.246421421805,50250.331713034044,50551.0630623818,50750.28779011284,50909.3761117663,50992.79273758267,51174.816761799106,51371.3997104042,51563.64881193673,51739.97780833509,51949.18633343018,52175.335938528464,52462.086673903614,52670.30003321595,52786.457630592595,52985.39302863879,53191.85559572109,53454.568046843655,53829.40376040174,53853.178615649755,53804.59036568592,53674.71313810361,53953.56083232875,54288.23775821564,54752.307715134135,55231.62329042012,55824.12848078125,56383.60036282745,57025.57267268555,57782.23521043657,58496.05722177117,59520.09637047518,60836.5034549057,62577.542935044985,64317.144154017275,66183.20288253255,67848.41662836452,69239.80688235474,70188.13694285278,71220.36661413625,72063.77605935627,72915.62704989556,73568.57793141977,74411.25771561262,75183.40040473496,75821.72287256582,76113.1561843358,76035.56504464845,75908.12315625319,75880.07140061214,76187.21506788183,76355.28161895099,76644.47858793527,76819.50186138309,77297.33617997625,77576.42678931441,77760.96725140071,77622.46672643838,77604.01098147022,77779.7544894056,77981.95977613554,78107.40234839772,78116.87176551537,78011.38717678218,78013.11691764202,78025.67176677061,78083.81472376826,78164.0524083661,78244.23277571358,78373.90283826126,78587.73372823243,78738.30245864399,78959.13481151403,79328.05470022532,79849.50334393654,80240.84987377549,80475.94005409475,80700.52341246199,80736.78214248508,80756.92637678765,80785.43185218975,80902.36385253462,80925.4330499909,80926.16622680782,80825.5464441519,80582.07568796718,80168.87752640781
394530,19,"Denver, CO",msa,CO,49964.097009095225,50590.50893374904,51161.872480166225,51648.606917530815,51853.068365546664,52281.294957748854,52488.93413016129,52762.52256770744,52958.04046698433,53366.33327422501,53647.91761377022,54011.34503989835,54259.24609889719,54418.04056059189,54445.312480142406,54383.416904324964,54573.01248768837,54761.42146026832,54941.41993843346,55040.383301040194,55123.12817048807,55159.75597767875,55224.93288202937,55391.43175496745,55634.34268845845,55916.2214975463,56268.55214879331,56626.262194249095,56931.33195878508,57080.93893549677,57288.34928292186,57479.16002040831,57728.218327629475,57840.45262355857,57988.46325369142,58210.9574599153,58395.04980163088,58631.38364161546,58781.92145919772,58988.52619889983,59040.78084450778,59216.926114640264,59389.0366573669,59703.10033219322,59883.82648207832,60101.414314430695,60256.84416431011,60454.230646166354,60640.149244604814,60841.66842877601,61008.18032488414,61147.99878662963,61388.7898504055,61600.51020724682,61790.15964331683,61887.96487390384,62059.91507080373,62269.51856089243,62500.176704680125,62630.9496650474,62774.337863460925,62871.54572546214,63016.30292125546,,62091.04118189327,,,61776.306500433326,61988.148230645485,62109.97256809579,62266.28762547571,62429.231172957545,62683.81204501219,63005.58505317638,63350.41573490288,64085.05511033441,65029.133429457775,66229.33321528029,67347.12090631152,68498.31353168584,69488.68260802014,70133.83345770555,70670.55918222197,71133.72613467944,71675.2292641031,72139.67466876486,72614.67156820926,73207.55318460833,73734.83975747168,74108.50625528989,74265.93566210795,74205.20720922589,74182.93753001936,74391.55086566851,74601.5046466468,74877.38036710527,74987.24255133873,75301.69594232188,75656.72291157814,75782.67302576397,75873.35630382781,75848.41524328383,75879.35640503111,76032.3976284399,76166.94926594569,76463.96794227287,76721.81915252743,76973.31458336127,77229.34149789881,77313.90278645325,77364.0038730158,77250.3825752134,77215.89500793834,77146.3339414807,77224.1736224481,77250.64040920994,77311.62236721654,77111.97044936066,76858.05623048762,76657.70194708084,76487.95326618911,76336.57955124753,76163.7108424647,76156.76054503158,76088.28071562588,76095.81824286221,75988.32753662477,75877.81818849659,75724.92931564293,75632.85274238791,75585.28810298142
394358,20,"Baltimore, MD",msa,MD,52552.372617067034,52654.00534814311,52661.3492586295,52789.90445039888,52901.56198340833,53002.81686135777,53163.50712587103,53236.820296594,53373.462988421525,53438.43162571806,53504.16734443871,53615.3137491991,53701.4064926199,53779.507312113434,53799.29812115737,53837.09855993412,53755.960483325456,53728.748020162035,53650.45691972863,53706.63615871357,53745.2678175754,53806.15932965204,53885.88776140943,53830.88805573561,54032.899683409065,54072.27488317578,54300.408794387906,54277.3483287743,54566.923005181394,54765.72527379192,54913.07539665252,54834.53143141457,54808.635955518504,54921.72774378112,54903.218865510535,55043.464562275745,54984.314186993375,55254.4047253031,55279.33590838918,55443.12564489886,55446.50962473558,55475.82381729122,55547.06818226615,55665.84209111792,55793.39708196688,55931.57350222372,56087.95452812471,56314.21571248709,56347.76146118761,56448.06905952811,56554.631628863404,56672.52614047893,56790.32862192896,56925.96426421194,57064.740086041165,57252.48634401801,57410.84747385508,57492.08464210931,57620.13712822536,57644.58338534448,57864.80299314473,57909.9574455155,57977.06860870613,57794.65589234252,57669.06083776497,57621.13051462187,57724.05522151377,57864.577097333764,58077.89759660312,58544.13487696603,58978.04053779862,59362.312133709886,59600.74904064762,59956.728999322964,60249.150537383786,60879.372167981346,61649.01077060078,62495.78542856541,63284.33895361827,64178.802927621546,65065.290637528065,65383.40334048391,65809.80660626387,66204.07197672872,66807.15777644348,67071.57166314979,67371.15709122637,67819.3821456408,68109.97861550123,68480.35864690848,68634.55890212145,68684.0101667418,68580.7664550083,68681.03035097341,68750.79532981383,68891.76194545171,69136.42166493283,69528.94928746992,69941.63353556248,70011.18656592861,70158.11761092358,70181.55213612084,70367.28384004858,70401.92807211417,70501.63173039653,70655.34911048498,70872.75775220955,71002.16635379048,71091.90293078666,71236.56802695381,71441.39653018226,71793.12707673975,72168.25920188228,72555.70962529175,72774.69297226577,73005.28562115374,73163.04323868155,73507.91726971793,73738.51981436774,74026.0422787156,74244.88333344957,74405.29305405346,74495.69407729914,74591.92402880259,74654.60409115371,74743.94639567802,74921.22319267325,75170.95143384153,75463.14522968982,75544.78309415547,75671.18625609958
395121,21,"St. Louis, MO",msa,MO,34357.133207905346,34426.780406844715,34487.90936818848,34593.7624730782,34625.78041596466,34682.76351717077,34727.4410062806,34798.4557113451,34897.25990128136,34971.23024037751,35061.157485459786,35132.720865041476,35256.50154059174,35355.99264858832,35378.57113272042,35391.03371026572,35436.889368963435,35507.96078233064,35593.0120156222,35639.60883573294,35701.00920476842,35802.027055940445,35858.40646685212,35919.97005045688,35940.279548522514,36037.05163444696,36204.81712550679,36310.38959136847,36391.80502022437,36447.63384650941,36570.45103691087,36685.63437684596,36772.99915988819,36832.46820488386,36872.44618728636,36935.01227680083,37010.15821931336,37103.90784404278,37164.668387633996,37301.82832747297,37420.16011191473,37493.161606349975,37526.173578255744,37597.5388211058,37756.09320025136,37916.73400292209,38027.6419035213,38152.03876668077,38237.82005520664,38338.17566204099,38437.167638402236,38510.46238927674,38610.41798353049,38755.09069419456,38899.044240592295,39027.55295300794,39102.145633521264,39185.01491827897,39328.066291862924,39452.64771294896,39611.0488654372,39738.49578021474,39986.46112995331,40057.20934659316,40125.71424338728,40155.21799483843,40348.88059707436,40606.14619198775,40873.7652532635,41113.26484407685,41295.12933441532,41497.632114411776,41680.34103876653,41883.59995743502,41981.01670628889,42324.78268254761,42683.84116219295,43105.59085636981,43443.70987186667,43780.62798622177,44304.595269789774,44662.68228008895,45060.31000339225,45402.85204476626,45854.547369830434,46353.903712542924,46698.67594583082,47016.218400386584,47264.548944460876,47653.58551774791,47974.64446968684,48332.266433662095,48344.33133953349,48617.43280923118,48780.81217215912,49069.82974763392,49134.274565454674,49204.74328413804,49551.3452806385,49819.82936592363,50284.002731010245,50469.377084473475,50751.7396415662,50776.93821987707,51025.399106726385,51179.61992249844,51372.225110550295,51474.031258869276,51565.306976482454,51856.17987945041,52152.0935131128,52438.28131932441,52644.35607951976,52926.655725602286,53169.62875664545,53290.7412542472,53451.95502664055,53595.808611965,53908.40261232227,54162.03907194742,54505.55698657448,54668.002702266676,54714.703049614465,54800.55872867851,54858.837263617635,54961.248699644704,55057.404257982394,55361.76667516239,55581.02641101473,55797.58985613507,55871.103240368786
394943,22,"Orlando, FL",msa,FL,44143.23965295476,44344.24838625875,44552.08773383614,44744.60699665826,44919.18259279932,45055.43506771217,45224.2786537742,45431.034805766394,45737.82912249654,46010.87856581604,46249.48922091504,46426.41322417031,46538.88451494247,46633.470105554785,46801.83430562431,46981.66351248901,47201.197819773675,47357.62345074721,47533.33866236569,47753.42224162536,47965.19457152928,48185.40221185993,48310.90609199438,48382.278727263314,48618.80293584791,48922.50933059676,49059.55007969962,49286.70600171262,49533.838473255455,50012.46553644499,50217.824920910556,50342.51629703371,50438.65705257723,50622.17239289372,50962.98433786256,51415.80392814769,51792.20064608081,52095.49769662102,52370.83610626865,52504.31961709526,52697.34725850982,52831.33003876722,53189.20045860242,53502.6503330835,53757.95581287024,53958.226212572794,54168.556703510614,54331.53489996941,54535.01726938665,54627.859202353844,54861.091793188025,55153.721935434056,55377.535927982535,55537.45767040456,55651.78848148909,55823.913064274726,56047.0461281925,56259.53242007966,56398.60840548691,56525.1195756794,56618.890027703776,56814.01125542245,57003.91247159703,56881.90113808048,56645.802076737265,56382.42966793024,56419.42375477901,56424.09140405834,56545.50068314771,56656.11637364254,57041.860639027705,57390.023326636765,57932.835582350956,58423.98589011902,58990.57668803602,59753.221460782275,60766.587718675924,62149.72422466605,63519.04538979566,65125.230815087125,66764.79571612633,68318.7634386837,69442.80580346183,70309.27960229025,71002.38933834078,71722.36638839461,72585.33219682357,73495.49044387181,74446.21905701316,75188.08025610994,75761.19096049092,75954.59919990548,75855.85994492123,75835.38721965915,75990.50942936333,76275.308245323,76407.68923305585,76559.25477871466,76818.21219990913,76968.5408088361,76983.22139294424,76708.8761247029,76530.27206857946,76439.99880248828,76397.83592225128,76380.20412799585,76358.70668027316,76441.11312620275,76571.97760641274,76636.7596685943,76621.27446441758,76733.57659720769,76880.34591060298,77082.91662146013,77268.98467693105,77294.00224389599,77405.84375553134,77373.270695918,77506.994631826,77516.09559228481,77562.21561995818,77622.76856868282,77639.5819148887,77575.41913584062,77516.34013666108,77564.61338543774,77601.53435030438,77767.9659208935,77886.01855585231,78073.50524884099,78104.06972285589
394458,23,"Charlotte, NC",msa,NC,40014.41224858963,40156.51798952994,40238.32354486439,40476.162384910924,40673.47178740579,40901.81922643595,41044.86282444959,41286.26036648601,41463.28427949538,41632.81767377277,41830.02818153342,42036.136340935715,42207.0348253769,42386.35140735827,42516.573376065164,42627.37809207378,42660.692926998905,42762.14966736556,42977.31108784918,43201.952191506534,43418.76000793543,43719.32565525865,43810.969062880285,43886.95897680462,44043.62322748369,44306.94699177544,44727.70043553057,45015.18891420105,45317.865677201116,45510.30678437328,45635.586688293544,45749.54226165682,45951.79533806396,46004.602109707,46245.00096175479,46386.509890254885,46548.9117343948,46711.41048642017,46790.28735485175,47053.27678748395,47184.2849753321,47453.93250653542,47628.88498621139,47824.89986691376,47806.97253050329,48002.22717655037,48281.29285883591,48705.96247175575,49010.706852026306,49173.988081092386,49355.3465190183,49454.609001079974,49662.27618520194,49795.77680031906,50008.74101184119,50198.01288130808,50505.2409910659,50691.4851360799,50748.58445971628,50732.14439263134,50770.93461553058,50884.53149260469,51410.178513716375,51294.556895941445,51198.48440922249,50968.294079821455,51162.40066949259,51427.080423493964,51699.72596226203,52037.85143736679,52456.059534884465,52845.35558809666,53242.24029738403,53621.66214245982,54032.75732484358,54769.07741762086,55580.9172559369,56556.03059924203,57420.942095581464,58463.979378250835,59480.020565734885,60369.22071182187,61016.8905941673,61678.5281867484,62184.47898115751,62689.62082962785,63073.12227255066,63680.04053082641,64340.85146014483,65081.998517647386,65668.88108241468,65891.30772557105,65969.79344653856,66042.08128515977,66288.54021548908,66450.55132048982,66628.064729692,66801.92214547162,67170.90673297535,67290.18490483586,67462.83412741328,67396.42568958818,67397.08450055022,67404.01011762989,67414.70494774551,67504.68114362867,67464.96023807139,67586.44948746251,67600.29935464774,67700.8624201345,67622.38418081593,67699.9169599196,67738.9053473652,67891.27453722357,68001.05975297061,68126.55428150689,68247.32640349906,68273.45832102434,68468.09031268362,68551.26142287094,68717.56054782176,68798.96218193839,68929.4640585595,68986.33414007354,69021.44159299589,69050.74149037011,69107.07780680785,69204.1980131954,69319.15874318946,69460.6461790073,69495.3657045148
395055,24,"San Antonio, TX",msa,TX,39820.144562858564,39944.75625229733,40065.5818106195,40191.859485949055,40357.85689144831,40491.35820309391,40575.65116186617,40584.71568964924,40672.2945255436,40932.9070733039,41119.882925940576,41319.967538461635,41343.54205340369,41444.05950995658,41544.9152217548,41676.48934736614,41750.90838493879,41822.32473726035,41926.23979855524,42107.432193219174,42297.03241399504,42399.918488348216,42565.179248523804,42672.274570324436,42891.4297547172,42986.629760558826,43120.228138798404,43235.75195481071,43376.09818695429,43533.76725265823,43609.727859147075,43590.00664883022,43622.13038391273,43643.643458954284,43731.7724639753,43819.07848583902,43931.193497238004,44103.96757425619,44199.356258969994,44242.2615130976,44271.089681183475,44346.24163929858,44531.43774538769,44686.20884298418,44799.84997310343,44920.34364918094,45065.0764878295,45138.92778788765,45221.202964636504,45262.90070577919,45367.17912945089,45515.7420865811,45675.0030821748,45792.21511441543,45858.3819253335,45981.077553014766,46105.910309557024,46244.943520691755,46324.521176450755,46473.369608012945,46588.264857892376,46729.985551318954,46795.00226552804,46738.53771110714,46550.89508040671,46440.6388306326,46520.459121515196,46591.371615076336,46712.284901292616,46865.70369989609,47181.353852262306,47512.083094732654,47765.87596851956,47914.71499305631,48117.00690444304,48596.17465262921,49259.190923364324,50043.77517839944,50801.685360582196,51649.7055803084,52471.27535856039,53123.096756257066,53597.142334592165,53983.054681075555,54327.64470471327,54787.82245941267,55165.71869768028,55523.112456971954,55783.30688658363,56030.356889890914,56282.18133030615,56331.770201572064,56249.43427236408,56156.98281021086,56143.9186222128,56197.01321268954,56365.28386949892,56407.73618858302,56609.795465250936,56556.246804136164,56586.92304064152,56348.56756710176,56115.971923717036,55942.97025193725,55925.92448797213,56030.027971038646,56172.504115668395,56183.69360674692,56056.97467041807,55878.21747107896,55739.57786123839,55791.300015149005,55796.68054571049,55860.98042846044,55782.455757715026,55832.322509830155,55809.00415451862,55664.33571902373,55539.67734771616,55475.193623178304,55458.072156030204,55508.23731472159,55459.929194170945,55372.619854535784,55285.13441985556,55266.77328240655,55345.378442169946,55330.12459850979,55318.202572804,55343.650530764186,55325.7944585575
394998,25,"Portland, OR",msa,OR,44847.40639809977,45193.86866831537,45636.912113656836,46049.73628722753,46426.028906131716,46800.542696271616,47322.25728219058,47761.11853369595,48318.90610232584,48751.47527357242,49049.86172755513,49285.901463613605,49501.17382222504,49821.74563436507,50061.32762426669,50262.57294293524,50529.43419974119,50785.948266842184,50862.19431773318,50911.634026021704,51003.36300378169,51223.133382745014,51407.12150472609,51660.14289190823,51959.43346364597,52337.784445627716,52683.333534789665,52982.24016819711,53093.8181862439,53172.45311556065,53176.731704553364,53321.89847787669,53388.09471100006,53460.871131476524,53548.595923375826,53643.74822645566,53712.32002194691,53743.854833933365,53855.902777667376,54067.67698490464,54265.17599286536,54462.257898683194,54595.8911134345,54787.20369107306,54908.37599881237,55089.89825890594,55264.64561898896,55535.9945989097,55770.61518346803,55864.04480315859,55964.26381568639,56016.948336330635,56158.43630445959,56315.28425875392,56588.9051450581,56751.785460210194,56990.46665630808,57149.65881485102,57314.49379045427,57384.62858263423,57487.8628057545,57699.82879541356,57931.26334258964,57734.46118219479,57373.80869162201,57165.97707942696,57357.10259073583,57604.33289586819,57790.125679465964,57889.40478526836,58065.97261521534,58195.24794964052,58571.24192246349,58899.56761236582,59322.44400122435,59956.083134791406,60738.15741085427,61636.44208727053,62247.589098437435,62997.941714991335,63744.74515604164,64499.42124481369,65036.49301809839,65446.771597574836,65733.70852034149,66060.6919947316,66406.36723371151,66956.46785339365,67558.67320500087,68238.0042267288,68711.5195258151,68977.47477458626,69102.70734485499,69182.99181944042,69359.23566528245,69645.25976360356,69865.39689036307,70068.4399352628,70167.2954291223,69971.8817972283,69654.32857027807,69086.35230889736,68871.52727990548,68753.57650706368,68770.84561603867,68832.061005316,68839.20792708606,69001.59365859971,69184.49056294891,69466.44558801093,69720.09401554037,70037.95902909499,70349.99275898132,70653.02594855856,70853.63298277002,70959.77903294837,71123.39426518421,71253.46399682766,71469.3918728547,71483.81592037732,71524.01200054896,71480.72384011438,71491.86100447575,71531.87411361329,71606.58999984656,71777.79143982765,71896.43697149446,72062.16047475998,72129.862039394,72195.11643237754,72196.64835885748
395045,26,"Sacramento, CA",msa,CA,48654.765728463564,48930.108078310106,49217.99784670948,49458.40811045872,49690.4825929049,49933.254068051625,50117.025839583075,50508.89967119732,50993.67891457443,51457.44581822182,51855.35946436388,52116.22469604429,52503.92440569003,52684.63922862198,52839.38442901208,53147.44695550869,53542.19083703981,54032.52465457939,54313.78517140969,54582.21360502304,54677.72555569569,54954.79012709965,55323.55275568528,55851.746231486046,56333.06310632635,56986.98427573152,57588.38843527289,58083.449291046905,58432.14629850001,58749.682631245974,59169.57094554957,59572.943025120236,60019.08276924991,60444.630724985436,60716.56140990125,60995.27423450947,61222.630219526836,61255.43610613362,61529.34956874591,61778.053007484195,62297.811216361784,62550.66793302976,62841.401573546624,63128.10030587755,63411.9078275588,63652.255404818025,63909.68386218113,64276.756978264726,64525.63129288928,64888.6424286588,65110.97898906633,65370.356180714516,65466.23822246061,65760.59642506999,66015.78047167568,66270.45164856747,66533.62612945498,66792.2223526096,67088.95961135828,67254.5264899005,67536.09632488685,67788.4366258177,67962.65651309409,67976.05685721229,67802.76207887479,67956.20441821232,68321.2197650584,69028.70199287396,69744.02055428922,70535.2185966829,71347.36587530145,71987.2682785362,72681.20682734853,73257.80566629216,73785.4803879831,74437.40719752242,75607.28001226115,76674.64619842362,77836.8848722728,78561.01792656703,79394.21195373731,79956.84972606067,80664.27549083815,81217.91271663115,81717.71329024933,82022.34980801397,82458.19640409906,82993.66400383871,83277.42279639335,83577.15213755086,83696.48105972144,83882.2203017277,83833.72753304032,83902.02488272704,83660.4389713318,83568.30745973688,83497.68600125627,83746.90673753333,84110.25291734199,84241.71328907461,84420.08630536536,84467.56664622626,84571.46187564405,84599.32770518625,84848.6194567551,84997.80181077232,85265.40186382312,85473.71165083394,85786.9193275349,86128.109306793,86337.18174048096,86633.64839144792,86810.1769587567,86974.70902456155,87152.1191796337,87422.32519183785,87608.73551530349,87823.89817030968,88132.74619325034,88414.28196172831,88599.84574635365,88636.70686343704,88682.82884523174,88739.87436988241,88892.73539100116,89110.74417686873,89315.40359083962,89473.67460247561,89616.72824424412,89755.03225890902,89806.61519263535
394982,27,"Pittsburgh, PA",msa,PA,38942.37090496112,38876.91226141198,38691.85479477935,38787.02764489173,38995.800288961174,39109.58093145545,39213.940183857,39271.489996365046,39359.29670593734,39519.5095261479,39754.25856200444,39843.239470250504,40001.48470109575,39885.97138048293,40034.25865167776,40020.375578536456,40010.96755987104,39912.61200886041,39901.13820249595,39873.659403224876,39986.86900200534,39930.00577030767,39915.1068838582,39840.63786822583,39945.06710671768,40198.19133569486,40413.90791002609,40552.768859028685,40614.94719816013,40747.69635299955,40818.0427249583,41010.02640994074,41029.73306645139,41159.16691604092,41221.867782980946,41314.556208774906,41379.85782982719,41481.178845164264,41642.07241845855,41791.020895120695,41959.71724492636,42095.66127703307,42309.62200923903,42314.78675801946,42404.91354604026,42436.63404513872,42668.72355232786,42914.27982319095,43046.35905212561,43168.8485748896,43192.47444747863,43295.32975667449,43423.33797551425,43570.38582443871,43676.8107766528,43895.189415587214,44107.34458598803,44347.07807562702,44459.80918582845,44569.970148639855,44747.80674213011,44897.17399550354,45106.0213673047,45070.10262813681,45049.906367234034,45007.636205960975,45118.414140124114,45154.03617143731,45316.46695798845,45442.034389196524,45580.1978469593,45706.66449135226,45840.85406524737,46060.36381787223,46262.92577828391,46602.824441037876,46994.542012217455,47434.80660291665,47797.242650615386,48196.0027583306,48580.56036939352,48928.19197851075,49306.28476680447,49441.36761207638,49730.69181159902,49856.87103519822,50249.07614474831,50521.7480762665,50846.94771715162,51184.1328624832,51559.60240401211,51948.71150881124,52034.18410643944,52090.05415022343,52032.192926457596,52263.9265737722,52405.511176532156,52707.58318680119,52841.29039665235,53053.49062696375,53203.27302453416,53292.972518226794,53358.28789003341,53415.096226904774,53615.356481804774,53842.10590219789,54121.56006776096,54414.76178815121,54698.6087799675,54907.59996301083,54960.3959336059,55022.62483267681,55197.729449859195,55422.643236547716,55646.01571326668,55926.282017745994,56173.52520381787,56453.15372686496,56518.58026253483,56647.166209608586,56791.17112906839,56942.95531742405,57242.81413883898,57516.19905119205,57719.87035074684,57909.84771294854,58107.8577000585,58260.39708852593,58430.92905164922,58570.072070221046,58873.75138323963
394466,28,"Cincinnati, OH",msa,OH,34739.73634086383,34891.45698159276,35128.737463220816,35316.50848066654,35320.891148843235,35400.96371713794,35536.68289642766,35735.98399424333,35882.287278210635,35941.66756061221,36147.438831157444,36240.817255738875,36386.43533521307,36274.295333830094,36374.24133059748,36365.254664972184,36580.84233812889,36578.46571508555,36705.91856237395,36745.203475538685,36902.082032418795,37025.735518652655,37169.93915829465,37319.60068318776,37585.07649652508,37805.14473696256,37930.3145017107,38047.330174512404,38196.945853355275,38460.46199935057,38586.11424362688,38789.716220828064,38821.66871390986,38936.01032683475,38895.190354937215,39064.039257158576,39173.26907273894,39412.942789986104,39662.21111516949,39887.42016532867,39979.376163102956,40064.190351368576,40162.3185336557,40282.99784075401,40535.78078237404,40836.29788924754,41041.41872072057,41271.25455608721,41295.0964735518,41474.565502517784,41580.08857041179,41738.41653008235,41946.61085301033,42150.01816877461,42387.464150108295,42585.61674069859,42742.97106891309,42830.93225503153,43067.11332742411,43180.82629304237,43463.58152350216,43578.159966291554,44014.09267726707,44058.418393159096,44111.94328570917,44203.73133565167,44422.663061368534,44571.54868958843,44827.736818967845,45010.74876836864,45227.404978048384,45440.87709078757,45783.97743272467,46016.51021510302,46231.5949286841,46552.872407184426,46955.48561074202,47423.02490821817,47811.449447235114,48414.663323988934,48971.98606023803,49433.263128681756,49832.42488606562,50166.87435862239,50543.834229848595,50918.33641382909,51349.26564253585,51896.89023089575,52324.55692218486,52862.17959875767,53356.50093958864,53706.97584058201,53884.52637745429,54065.560895564544,54296.8245874732,54585.99182933805,54824.94115274965,55210.308764411886,55527.277738298144,55804.311499787924,56106.70264543859,56236.08383192071,56401.26703104248,56503.37766041036,56676.87652956443,57029.39898737944,57214.79908472393,57654.68952506507,57902.00664226377,58245.52122353465,58362.98978662161,58511.17567389459,58622.45603133904,58842.22538964897,59008.25253417015,59301.0284606081,59564.56241522644,59834.63560632835,60233.46146817483,60301.021740266944,60514.41063987458,60560.86081255045,60788.97995698477,60963.768217034885,61159.36429898236,61311.158013112865,61476.528270157265,61574.005623077006,61671.40265016572,61648.60838156754,61575.742185876516
394355,29,"Austin, TX",msa,TX,46326.86830236702,46637.547297406236,46695.0283003936,46708.872139011786,46811.06405575973,47024.58359844971,47299.82116231017,47604.95845350551,47826.49160455388,48058.953240881674,48253.7131003749,48474.1753997558,48575.641345696335,48512.10903508838,48438.09699740215,48559.9398925216,48710.8422249608,48903.24423567365,49013.420132891646,49122.015435782174,49200.92820414763,49252.15492816847,49275.86329570691,49387.88903214763,49549.11219971682,49797.70218461507,50102.183445719544,50256.73162568473,50314.92288152603,50314.42804601366,50275.82525769596,50222.59835710487,50230.573041463904,50274.80004700336,50464.26980511888,50540.28557713463,50604.11909107279,50790.02206067509,50825.59913968849,51012.85499513093,51149.18955697192,51449.32475908921,51703.76211480197,51924.72605444675,52125.347217832925,52357.19126514621,52675.48094154513,52849.44562364788,53009.500803967276,53175.0076241163,53404.06575873143,53554.6341914511,53790.677583866214,53918.635997370104,54121.375428826315,54360.67805639344,54597.66254732713,54799.59026650664,54870.103369197415,55095.35668294445,55334.677033449945,55497.89194513001,55633.813164791245,55323.02454102651,54862.550460226536,54363.54868230467,54116.16321097861,54014.754368463255,53933.699474970774,54066.83301929997,54391.63589281303,54805.424572385564,55363.761734398155,55906.91822272345,56541.67034195092,57464.0591293737,58726.5258911115,60225.903971026906,61771.77680132648,63407.62349637541,64839.68685238785,65826.33344591645,66385.65978413109,66952.34235413106,67319.25258886388,67891.76984070617,68288.2458735541,68913.05268861652,69363.91249249062,69861.86099721247,70165.2233844744,70123.00434586474,70035.41963836217,69847.85804055171,69736.46177924164,69582.52978068656,69598.21540621767,69604.94407355966,69746.2099633059,69506.16918958687,69274.90061185202,68786.25809730685,68455.8242705567,68110.66071406918,67763.17374762849,67636.92268875179,67657.62834307067,67616.47051599916,67391.14294972838,67061.97618026547,66717.12928737074,66534.05223822671,66351.57671036576,66240.55581980718,66055.70294654577,65842.14383259483,65681.81633237112,65442.13579422341,65289.206704203454,65085.29000960405,64946.61361287808,64825.26949056902,64665.034090024994,64483.59505897517,64304.01034745118,64156.071250083,64016.33847203751,63950.44564756212,63849.777499190415,63730.32663401905,63474.14366787467
394775,30,"Las Vegas, NV",msa,NV,38787.56885460295,38951.613397848225,39108.731926040615,39231.961191524126,39394.79383226802,39503.54432350254,39691.177268089494,39824.93365415397,40052.476679779895,40183.80757801165,40363.835999460935,40472.3023375113,40591.626184973386,40650.34622335814,40697.32721312848,40820.147773551325,40955.5092126145,41189.51187444486,41283.792095609235,41462.212949061235,41561.7486580094,41787.695797963934,41946.06207722183,42121.11968955292,42327.17585390106,42595.82394149956,42904.61112641827,43104.62889185931,43282.88249201067,43474.586790996655,43722.92021833814,43944.046880862246,44180.20543987897,44399.53678252173,44624.99577027334,44912.11669626117,45165.765029882445,45466.18066804402,45691.54931780783,46018.22457433854,46256.933669354985,46500.77407849783,46782.557879663924,47049.72559304177,47387.18250961613,47645.16069274843,47974.13156697739,48239.61150852081,48505.59446434657,48645.50919981326,48886.40531722266,49086.60476412286,49363.7882230557,49607.28211728626,49816.69625063679,50030.71792338353,50191.17081429139,50393.350943936945,50543.997399418135,50704.92148629209,50869.27137786079,51089.331129017504,51272.93320886831,51184.7217949996,50879.07267222308,50695.89581215598,50918.632163175454,51396.90969177917,52012.80688903013,52692.601213534566,53297.10260046143,53914.70822138006,54552.51772443053,55197.579853704134,55821.27124641594,56540.69991661532,57940.66831139314,59638.05212940582,61402.57921021708,62954.25075706951,64372.11968067796,65535.26136860509,66288.24506941577,66765.87620878131,67123.34383608786,67423.43257117775,67689.15230451172,68123.64514229706,68262.40817956693,68352.21377504471,68215.22591985039,67778.06371961105,67202.26260672722,66589.91155301227,66395.30020967213,66354.67679773942,66494.8515713768,66747.69283903076,67092.77758857871,67220.77090043093,67185.07547587706,66903.88851108566,66797.96901986955,66733.89921725942,66847.73161518523,67062.30939366792,67298.23361524515,67562.81010354895,67572.46698694535,67500.29180553231,67562.05798174404,67881.64974509424,68314.07662677453,68582.95626306057,68606.89478729942,68688.99136516728,68826.57228835711,68880.03454872628,68925.8116541303,68905.89051460926,69005.34831766202,69115.60244844292,69077.66083175574,68901.86236289574,68747.78488244435,68830.64831496454,69051.64859078088,69264.50948270825,69372.9565656505,69503.22404409532,69552.83719869451
394735,31,"Kansas City, MO",msa,MO,33788.58224232633,33861.962759247705,34050.02269970836,34138.84752579843,34273.879102063045,34360.0274524052,34487.4673726073,34617.484910160456,34643.66485852256,34760.80795946518,34845.109654946405,34949.84510030752,35086.10545291973,35167.99637673721,35262.34944776578,35342.617182615846,35372.96884694245,35501.39529614624,35636.94933459166,35842.16980877596,36051.87915940772,36222.10320966086,36307.38393065662,36381.793957270784,36384.27474861824,36577.004608978255,36693.499244576684,36908.13278341088,37057.63772534884,37146.44945058745,37250.755745125054,37346.46921621948,37485.119286743786,37647.89604782956,37842.48135077205,38002.79047682502,38054.99748869815,38077.96129834186,38172.804319182454,38251.39236747274,38362.649887477724,38477.18528672774,38539.83690590358,38662.5462402675,38821.13507331123,39016.10134179147,39147.74090776913,39169.054066367775,39327.152406596935,39463.48415460374,39611.1604116296,39728.167302861104,39863.31284573956,40008.57434169557,40186.10548425473,40310.382116143184,40390.91054034686,40441.617007844245,40548.855697352985,40764.48669403363,40944.65286036078,41120.68063049333,41391.090521124555,41495.90778472064,41539.07761542882,41597.7074475734,41820.47806808335,42111.91396625668,42483.22798122963,42706.57288388811,42897.94942470136,42776.83849232434,42952.558597210285,43218.109877466624,43626.65318728195,44009.11803747472,44404.54708289424,44845.379015500504,45208.86862610109,45489.75983389055,45827.638355090996,46218.898696658194,46634.07829408221,47115.60084938561,47502.10275254399,47864.186599375695,48130.86117626557,48492.304171313,48925.159687275096,49350.896705446925,49786.23325406257,50182.69595295191,50479.19987138654,50609.456614867224,50796.748710427295,51004.34750823017,51211.900943381865,51342.09477286091,51572.88487649849,51830.92734600432,52087.64731674311,52262.3654845486,52367.611568300585,52494.61317449622,52627.91154238155,53003.0433095073,53353.33846230012,53717.14903890377,53785.3343925365,53975.04411243357,54137.37573979209,54390.51480958979,54644.99961991369,54875.53686000749,55158.33341677329,55359.82296198631,55590.03661176062,55781.30072097737,55951.69133282553,56074.05844417368,56430.28472731249,56725.728461831815,57000.25486697139,57162.355430033385,57301.34637629127,57495.246963639904,57679.001833469934,57921.23883329077,58153.003662768824,58319.12424281869,58494.94490962073
394492,32,"Columbus, OH",msa,OH,34519.37377050844,34581.42842325407,34567.772882114,34474.55215250794,34712.96330719192,34895.08556491487,35262.95494167532,35432.25361999251,35605.854010400755,35882.61979928351,35844.17539403223,35852.12737014177,35937.07126446626,36023.62157779072,36120.6395405666,36272.42737764809,36473.41170030812,36740.22484844775,36754.572994958304,36759.274330009786,36641.24389467668,36588.70368750678,36878.22985943816,37128.61700133874,37413.536795210035,37610.27366997801,37851.808458961954,38053.39037709373,38019.54037492486,38079.49340647425,38177.15015019781,38425.54760245662,38716.21479337958,38818.089026760645,38997.4777929554,39071.07857015444,39339.44687108514,39542.559328293006,39798.65756363156,39984.195629224916,40170.32220172962,40311.6216517941,40476.167454504044,40652.47306833414,40731.50896836326,40856.491449466885,40896.85793233664,41087.51571765215,41201.090856037554,41373.2309575088,41412.71713770052,41522.77278735666,41732.910902421965,41919.86457325771,42119.504202347736,42240.666826218934,42442.831272541735,42689.78430117073,42899.390809878336,43055.22479768162,43165.293034960836,43288.00778194839,43605.27300440643,43626.7985585283,43603.52013732327,43608.67130047883,43802.78548323238,44092.333911032416,44303.21328893522,44749.18143246324,45085.79486076623,45144.96433389242,45246.20485783266,45426.83675224039,45888.063348241194,46216.04513188998,46711.75727826599,47136.242157917324,47563.10103268752,47937.1825434379,48430.66886866862,48824.68511764342,49240.39822640265,49685.02651806384,50018.67033939737,50315.260510418826,50502.55550914786,50917.84089130197,51300.47396392927,51940.068920564685,52421.44564698095,52739.95721209175,52831.63559974162,52765.11274505317,52707.13068065299,52957.67246731069,53255.496749517915,53566.11860059982,53765.719027180436,54032.84247267888,54370.15611215389,54414.74833461222,54568.633350426746,54741.77277299304,54892.26258273478,55075.851721602776,55366.44966980227,55633.75757257076,55707.87085106387,55888.50985517751,55923.59420920828,56170.31885030351,56270.06951691149,56654.2921807741,56960.36392323012,57286.7894249202,57515.05267628777,57656.79355677435,57956.486803789354,58091.6811690257,58358.85029404633,58524.92581864104,58861.84533110769,58938.45561344834,59084.905795505576,59090.047528345,59124.47195993973,59154.99060660751,59298.6644770064,59510.52802731657,59522.339883248496
394705,34,"Indianapolis, IN",msa,IN,34560.39444286645,34620.04264561281,34710.80430450334,34757.259950055806,34845.86630811092,34860.70422096279,34927.233138975585,35025.499457930164,35214.48064896512,35297.120374895276,35477.45168706375,35563.880472706944,35601.832878873945,35550.615451717706,35559.82030868099,35702.02808521499,35845.88133825534,35956.2955724047,36051.59771022743,36028.923122319735,36012.87062586625,36045.34339767941,36072.11762943645,36106.38537748105,36201.44830418439,36423.07331964124,36610.793994144246,36763.175160638806,36879.26352080894,37011.97616251334,37131.1444994023,37251.223264315355,37362.97771567006,37529.753816971446,37620.34572268927,37864.555287134695,37962.22503726523,38116.12653666386,38119.484402177484,38197.29922567417,38310.95846281722,38466.09563790318,38591.05094707161,38763.5939907829,38838.37069723514,38972.42466485024,39173.91626604492,39326.60314403881,39458.40428682573,39473.36239735279,39674.507611080415,39813.235354378005,39946.68165899244,40053.341283068105,40195.78103912257,40327.96516499247,40540.349489669345,40675.48869188019,40799.26161396082,40889.69634049114,41063.011632263326,41279.75653547651,41720.37598700442,41813.98638301141,42113.87581195613,42255.214153875786,42526.211233041286,42723.62338910173,42983.92931726252,43344.44959653936,43549.18405622131,43974.19390900387,44258.233611749005,44538.67372164554,44647.92573213051,44936.72173383012,45341.28897973124,45846.75798263584,46436.79818856814,47122.715421790745,47781.81825782197,48400.635674910685,48913.73292886491,49230.791996115055,49468.64141499582,49769.78382652562,50279.65574836104,50910.311611470985,51346.53790527436,51876.13770927523,52284.518278006944,52587.97462516267,52665.17705344504,52660.201597110114,52772.218827775665,53020.56621540708,53285.340125372786,53460.36609652492,53756.49262562738,53938.429912735584,54217.522409412304,54301.69954724736,54341.471299845434,54440.235012661375,54619.19723389154,54955.15778168139,55281.9299076587,55499.60814781247,55615.051933309565,55866.22970410841,56035.80085831254,56214.811176997246,56355.237499006085,56547.13910641927,56902.1846415945,57222.84333399941,57548.11265623917,57593.96669841093,57750.37502686738,57970.37231179936,58272.863396951034,58491.65560962213,58663.617538304985,58846.02243030274,59043.915369483926,59269.058530414055,59406.692957982064,59553.980851294065,59699.205927050854,59994.5489739512,60178.524644027326
394475,35,"Cleveland, OH",msa,OH,32035.562732074555,32250.397014650734,32316.41557428966,32568.205693165164,32540.574419905257,32414.508228972823,32432.499527447395,32591.244100813736,32781.986966510805,32831.94187433257,32924.418852945324,32964.260478132266,33117.46558954777,33029.03438970233,32950.56658832785,32794.41626236366,33018.57338588778,33200.67800893109,33382.26717220201,33328.651687295445,33393.13088196435,33504.301885084365,33546.54667719273,33526.36542092155,33532.999866898615,33663.95217062286,33906.05581529211,34118.0260593566,34275.165844029965,34341.153422467425,34313.759863473315,34350.128667325655,34466.33244646534,34522.81484165433,34650.61572257435,34573.560040511635,34733.44086234662,34865.934283681156,35112.51350365587,35102.28774623707,35103.551470909784,35162.781282044045,35358.28776914843,35579.412791876544,35631.3147611108,35865.4203377522,36068.59595876945,36363.93025626195,36432.486989036064,36458.47170183411,36433.94833316823,36641.36530110841,36802.046222658995,36981.76126256371,37099.98146191227,37217.044913836035,37403.81763665044,37476.40824418922,37553.218590666525,37680.920721165094,37860.92526256925,38074.967511253664,38253.472480489756,38549.19489795012,38664.38834464674,38823.64384282764,38950.53352979821,39271.9078599848,39604.74452243293,39743.10085500084,39930.81038390899,39953.41145046292,40429.102640470424,40568.22785718366,40961.30201108429,41005.77608100351,41344.88999645498,41636.540592197474,42273.794569268706,42673.46664519527,42983.778137323265,43465.184105512686,43824.942800020035,44239.54644589426,44232.627266343006,44665.92057082895,44975.795889768706,45424.572259264256,45819.1222470518,46209.020833725684,46359.8998687975,46437.602890819195,46709.11696192443,46833.87716941641,46985.512351787715,47094.325106950215,47315.581654733825,47462.273016649255,47638.54625719569,47980.97602173069,48166.319710100455,48227.717555447394,48405.885013867584,48823.906588147205,49038.33090534189,49235.33519395689,49504.41954946642,49915.06754188062,50196.244895933174,50596.152156189,50732.15112512613,51062.50912435675,51308.088112922305,51799.816149783546,52109.252541027694,52307.64221407033,52403.17718082069,52560.0567237129,52991.34000509442,53160.675115303,53452.904554512934,53599.296784217244,53956.01169339756,54048.048008757716,54288.437435848224,54397.957779000135,54630.182871175595,54844.61098621164,55200.71553020583,55538.09459062129,55613.22580397807
395059,36,"San Jose, CA",msa,CA,98818.55003078221,99375.80714772055,100130.12242199779,101180.21886111531,102061.52539630268,103055.22697649544,103828.12201400015,104625.35478099126,105005.36125041591,105704.08197495529,106251.47804174897,106802.12682118737,106955.16312523097,107433.90196545645,107695.34649531443,107442.45794273636,107400.24231633215,107244.56934337596,107264.89677615813,106631.18083046391,106539.61406383086,106283.88926071985,106638.86540520267,106839.42804676347,107579.34062491429,108047.7154349308,108739.74773097898,109046.74544091042,109461.60781545473,109747.6123015505,109948.46151801807,110295.42679203073,110677.56722394547,111145.65665308217,111488.92715428663,111596.38097452027,111864.53610243941,112496.88230784576,112937.71796439613,113453.41333947006,113385.95889422351,113620.27018847299,113859.6843911454,114410.54995680478,114709.53973867955,114832.2952111291,115184.82999384541,115432.14086747535,115707.15988938906,115625.42038868708,115555.35822678421,115720.26200978765,116245.11771989906,116615.50092369372,116986.31356288708,117160.77621302781,117402.73450779074,117752.69189957339,117864.68079880135,118210.39494721006,118364.34761311105,118665.11913965289,118795.8227988844,117979.65636728375,116829.27635158463,,,,110971.25502066068,110076.83570713103,109798.26491860133,109276.59734902797,108931.64155468156,108555.39493755445,108476.25540478088,109041.61522208275,109904.3178205424,111156.67505690746,112586.20954206747,114104.14764490866,115452.1738423485,116662.04915159327,117314.25510984787,118056.18462450485,118762.8097320312,119752.00335223337,120565.8097018805,121578.62995094707,122387.77651394434,123505.81899367596,124271.99132102897,124900.06159729487,125276.04487788859,125399.74376568067,125529.11080518806,125434.87352824106,125619.12442083434,125582.26354060702,125795.96846185761,125592.6820347807,125696.94575024936,125422.55428141703,125323.77697475781,125297.06468670825,125398.39440515911,125475.81348167626,125498.01097942638,125998.17137589077,126647.89811234178,127379.69417068703,127821.77050044177,128164.27997964367,128674.42484617222,129111.4075988551,129659.44487635959,129817.93695845023,130196.31303212467,130659.69636364847,131113.20279991586,131527.3798315515,131701.54533495425,131875.32916241558,132192.4955821424,132742.2964523661,133062.1492858984,133567.01279692096,133988.32026040077,134720.90596576966,135295.93367455096,135890.23782656758,136560.24412993836
394902,37,"Nashville, TN",msa,TN,44763.77447668139,44809.70364716126,45161.077498008344,45328.5188461251,45635.51787024494,45827.354855196245,46067.373799407615,46239.63066418971,46407.124176505706,46706.60767451815,46852.41326409541,47155.105503004146,47366.72596515545,47681.7415523506,47785.82322711299,47868.13215844087,47995.788377984856,48276.687572513576,48421.68554397552,48669.79117580994,48827.451768057355,48990.122475111726,49076.29282150534,49237.21839898388,49444.40120393165,49689.7073488016,50027.29801953303,50318.67934930029,50455.12618281052,50381.83682270005,50468.50315701339,50668.232762665066,50936.64379432936,50921.28436395929,50969.057547298464,51027.12573727462,51332.22004117804,51521.152733440154,51503.6056107996,51530.22124599471,51572.8221261814,51835.29696050827,51916.49229137378,52023.74641642163,52043.61050588342,52481.916479296364,52649.92401822714,52868.54846739998,52701.35151144595,52846.194333889965,53050.67185574929,53255.99115454939,53519.21082690249,53691.183379182825,53958.96058834969,54135.80038638232,54372.0820268579,54422.314870699,54682.94305302681,54888.92792173597,55278.66471880676,55483.40764073294,55561.895130846926,55516.60699031668,55340.01635402486,55143.830160040794,55029.11327493628,55113.73047628046,55144.05791318995,55405.361850869405,55514.92943916822,55813.21783393068,56044.25902566157,56479.833260556916,56853.34204176703,57522.91987005706,58365.520194791876,59440.52151774037,60652.501584211146,61976.5506636421,63291.9497211145,64338.779131197334,65074.24968941734,65796.0188243683,66354.40519504214,67016.31123145677,67495.38560656366,68056.8006268743,68550.20912131398,69122.09772129825,69484.76467235944,69523.08289170817,69449.47481982035,69370.54261880055,69644.53970968723,69731.35661086372,69963.3287375363,69975.38878055589,70211.07563522902,70193.99284802863,70254.73453414436,70056.39738175416,69916.08178223995,69726.15602654692,69741.39193267064,69769.41782590644,69787.13338252432,69754.89619348683,69834.97379996734,69884.14944272433,69973.26443612833,70072.19418898036,70285.4110607991,70432.54895347911,70499.5339497444,70560.90981763987,70547.69953187271,70541.56027484006,70678.6724322184,70795.42533852815,70779.0991792515,70844.19469333059,70797.13333643698,70821.63371576996,70718.93797023999,70754.64052092588,70849.52988825123,71020.8216348275,71161.77775763097,71290.73852745972,71245.59439829574
395194,38,"Virginia Beach, VA",msa,VA,43268.739194383634,43266.08538503702,43297.97040575204,43365.83407453891,43449.602439367,43509.66503734355,43512.6629824605,43548.168775330414,43599.698078316556,43685.37868501806,43738.846171275494,43747.65796103007,43749.0608302536,43768.72249036814,43799.276980326846,43821.08104849523,43861.461640424764,43898.52262123437,43973.25668933648,44032.70120395168,44101.84244171823,44153.51167069128,44143.226774579256,44280.75653300326,44401.11038062046,44623.31685574587,44717.80206163363,44778.631562705246,44840.07761286258,44937.785334892935,45067.531910345155,45173.23522731217,45291.11977888033,45327.8500072872,45361.530027750116,45344.04752927365,45439.53988553254,45588.96273468015,45702.8997077432,45906.27594646963,45988.92642740991,46062.466096816,46146.97921457,46234.766544041835,46296.41394296608,46424.9671391547,46697.3979682496,46811.427554562564,47005.49005034702,47020.37292263927,47143.369258031445,47221.2333543237,47394.613012464026,47566.295859678925,47714.94393644703,47881.3880818247,48065.416687422454,48245.62601657886,48335.13391558857,48550.33297858918,48659.66170034677,48867.02454129297,48891.88313626341,48969.01574055548,48916.01360022225,49027.69357054289,49296.286009923526,49734.36706379823,50124.03734941274,50547.67666168433,51038.45010984016,51441.696436039914,51941.41985172139,52391.46570188898,52995.4040837882,53705.0791243132,54618.03770972872,55667.249174459714,56715.28769638989,57488.09580052923,58217.21241778086,58723.89725290604,59114.94150012169,59513.64950509629,59707.79268340515,60077.30218359471,60399.94003523481,60826.92830837495,61222.12241206112,61445.47062575478,61654.52244122394,61860.92664484352,62176.6762061715,62486.46230918608,62739.39942511409,62875.915788461454,63264.9416889747,63591.42485825806,64029.36881814824,64252.58521611533,64404.741283643845,64302.60943162193,64317.73340074871,64445.4548061344,64790.429646133445,65061.358826651485,65283.47281672917,65553.38967155213,65658.70667201317,65991.93098278649,66394.12375082322,66797.0106280367,67114.4167627189,67389.40751428955,67797.88401049474,68127.24728139688,68345.03076384091,68464.98438283658,68719.35074532192,69045.87507466928,69411.9694769314,69594.05925872944,69667.82129181875,69825.65879521039,70085.33847954348,70539.48161553609,70835.47705993721,71146.84177570781,71413.08028753019,71802.5291906037,72130.35057234795
395005,39,"Providence, RI",msa,RI,41711.19917430173,41972.9244426345,42301.39331028045,42402.293075622365,42584.592534575786,42747.08047510736,42779.09769496376,42772.919449793946,43046.69626282631,43539.485684958745,43847.44241677237,43908.22746094951,44030.170216548264,44180.38052691884,44202.62711745515,44356.1131454919,44585.592333743545,44527.54969292869,44749.725424581324,44977.52278679929,45676.46829902749,45812.95960138084,46061.95803677152,46272.29679196862,46555.68579377769,46735.45719020387,46799.493719857455,47025.65814140503,47098.87113399292,47166.128702508955,47484.21273182088,47740.49455252738,47002.28923534039,47108.1880050228,47389.598032660244,48574.08263600656,48815.15776818403,48957.54244991811,49198.22124824699,49289.138695550566,49540.3199869038,50019.818754839645,50226.65133697355,50369.111530042595,50683.475347514504,50864.213973225174,51177.01713084689,51042.45536823424,51368.098207474926,51424.66760388022,51736.77947055898,52060.26509335013,52312.74652588253,52448.20850956745,52605.591749385414,52840.51249815848,53328.4896240663,53607.40131302311,53669.13993569866,53629.079735042316,53703.76374810681,54062.85763023779,54626.68962980558,54740.67583291343,54529.455306771335,54646.618834075176,55019.33283501225,55672.046484969665,56255.671297082496,56851.62434262789,57507.22760033268,58020.162020860145,58294.064012249924,58735.60189782167,59278.40471634947,60146.634724888936,60830.04685820151,61325.10721851509,61999.45174208294,62587.96778000804,63487.61579871932,64038.17276970639,64590.89329533413,65023.37759959679,65758.62025671637,66370.73940942514,66961.23635413201,67428.28666081942,68357.83413214207,69254.22820255326,69870.20602326548,70147.29277517663,70140.86223650511,70464.19921239976,70894.77415253625,71481.59970667532,71731.04286437365,71899.84828682106,72261.46425447872,72799.53539115928,73237.96719390432,73764.94025807144,74216.29128717737,74883.96831470917,75350.52196937987,75642.10232379007,75873.1961832664,76301.81068292266,76600.95613706,77141.81758057936,77535.37050678337,78096.51842057759,78163.92159323329,78291.80929806668,78801.33182492803,79392.18625144604,79739.95144488568,80025.65605530822,80366.43684821305,80656.24472988525,81147.95448142999,81504.9099525123,81870.11059728973,82021.86382615408,82512.15045271176,82927.16002902058,83139.9099168428,83255.6511540074,83717.08706674803,84251.31865651476,84746.26429986743
394714,40,"Jacksonville, FL",msa,FL,39325.08316377962,39409.07654087454,39485.784309524526,39566.62356911702,39706.25230817797,39829.153848121416,39992.54220078034,40151.70460548124,40273.84539428941,40455.56386869826,40537.06714425734,40729.52693891627,40777.34716258406,40903.61263982988,40963.07168864109,41096.21643836148,41211.1873617108,41303.52261762731,41314.3302787012,41434.5507970641,41569.129236182576,41749.368003875425,41807.55308790049,41795.402464766325,41914.36225276079,42121.01086407386,42455.25311370311,42673.065977083366,42848.212278065716,43027.53549694137,43239.52359014505,43387.27369411794,43477.450409594094,43540.01857124196,43759.75827373278,44045.93407061573,44339.12704286681,44500.08522528627,44651.606900192266,44789.991299152294,45016.717521254446,45190.66436460841,45447.318821660025,45579.81513440971,45739.99581637296,45906.780936387055,46212.42088467135,46372.60461981115,46493.3094878743,46572.02314112247,46679.495229932174,46844.74803109339,46969.16688415371,47141.391477815705,47250.621427070015,47466.46135694442,47687.27078343474,47904.84381994978,47963.60123692093,48116.11534884434,48274.207891879465,48513.64511051663,48803.72254936442,48803.06804044152,48720.214139830365,48584.59091360661,48784.81117755069,49110.32209083092,49463.541859000834,49879.204798104256,50309.45608413241,50730.422392423054,51327.362735029514,51779.12459740471,52471.90104484267,53245.02985205856,54346.185223587956,55568.84041428839,56812.90795640319,58031.63530352048,59139.82914480398,60059.158413773475,60810.23725944094,61564.43832408387,62012.94986727433,62653.64476434151,62841.78626667584,63416.43080137624,63699.56902678908,64244.681787113215,64394.15395871059,64486.74647048965,64440.0684609118,64676.12417644117,64804.27200024419,64913.80862094354,64899.01680504524,64970.23189218371,65270.608367455236,65393.600466557305,65507.73474299876,65303.38151101769,65260.68594151473,65236.38222117384,65259.79811411674,65047.34572312429,65006.60490481101,64931.82327985829,65131.56627651957,65314.43078144632,65481.38005656034,65578.96272249098,65620.96680310936,65636.44778556835,65715.06810342673,65694.05380997216,65724.55688504608,65848.98416641283,66098.62384375387,66236.33508844634,66261.64962099973,66208.13781721088,66125.0403141438,66085.22075872449,66127.63576113788,66273.96053576059,66365.06877599524,66523.13720333677,66636.52285870811,66728.0898027103,66657.70742954726
394862,41,"Milwaukee, WI",msa,WI,36983.81229867187,36367.07653619205,36572.8599059649,36637.87797091413,36909.252901038984,37071.81256024368,37219.24497558866,37275.695396662624,37420.98364194591,37617.10837990221,37345.509493091515,37015.11828920991,36970.70822045694,37481.47786040117,37550.56871458764,37622.34293729178,37661.54124972596,37918.00547863609,37893.41796771641,37863.04625458999,37905.92119598341,38037.72374408726,38106.74260789742,38333.44493918375,38412.9303485952,38371.77956427226,38311.15901689711,38387.28710747574,38558.9374145829,38574.63015077147,38673.501515707314,38719.603922108596,38800.35623174296,38747.26631636869,38893.92988678195,39118.151885154606,39397.37779469518,39448.15671400053,39496.424064258455,39556.40361583061,39644.45125952963,39698.492919379845,39777.18848350162,39884.06888945432,39808.96599369643,39977.78117105288,39978.19578894442,40074.9362012178,40180.11811821072,40370.33716657113,40578.88287412788,40718.47998034402,40790.98449306728,40925.373945814965,41057.357004429236,41197.03880998618,41444.07543945079,41546.79870611638,41711.07199430489,41727.749247011045,41734.04675555439,41792.37963965255,41986.124157551385,42135.11204181037,42138.281489673274,42177.141541973266,42348.648480328025,42477.43699582209,42574.60949642645,42713.01262611944,42873.10352916054,42981.56134838303,43133.820230551384,43320.39081928855,43573.72547171611,43817.35807986753,44103.8322107999,44486.79481177429,44681.25398690301,44991.9440972355,45402.86004479982,45893.941794904815,46243.368084522685,46477.892287873205,46698.585328436144,46871.76618168168,47133.43114567667,47389.25812596872,47759.81436098589,48092.12752243317,48437.915127661065,48802.218299691434,48963.64140483134,49120.7771525334,49199.56496292905,49463.90841448192,49776.67950761555,50130.78749863103,50395.62835298695,50645.443508707926,50785.81926676229,50907.87075807264,51210.85016152037,51422.61988317776,51687.54242616598,51744.37734935453,51998.34314489864,52193.14923549373,52382.05881346997,52387.59762112047,52589.913501482726,52827.86749299863,53183.09466795752,53471.07914550105,53687.166198684645,53927.46093436616,53989.18244435099,54162.600789917145,54324.73461097967,54530.52935266597,54715.62588987308,55032.55303039068,55218.27771514055,55386.25734048635,55491.700166009665,55668.17188638673,55816.5830406649,55988.92454444434,56316.957951597265,56665.81850188127,56947.83008125374
394935,42,"Oklahoma City, OK",msa,OK,36042.675919433175,35958.61681073627,36024.37755918148,36062.851451220864,36187.26528972641,36222.60010212772,36370.714235736436,36504.25896320193,36554.79898886514,36556.607422586254,36682.93385671763,36838.42708778494,36955.367881170525,36946.34337184734,36791.26189748758,36744.493277325106,36656.994895536234,36769.87260243904,36642.58565202937,36611.83178627677,36548.0865130259,36629.65585989451,36527.74171002102,36575.984618785544,36579.42917452695,36748.72541035915,36811.22175262526,36932.23184763153,37043.31108861117,37074.01047266726,37150.738565792606,37178.028296227305,37316.633611547346,37321.7716167827,37381.73661191074,37365.84562347045,37483.569795822135,37559.000682773025,37701.17994143923,37732.959355063744,37766.30841138614,37791.02040971412,37900.79924135625,38044.14586782045,38181.218224129036,38285.07562662514,38385.14450196053,38547.54655525937,38596.02618574848,38700.10551671111,38779.54847280082,38897.80642805189,39026.723742380156,39166.31744444493,39263.47910297265,39341.60252103054,39379.00434980895,39480.35991236672,39592.28342090069,39662.966666143686,39765.58739040711,39814.921018581415,40070.665099507416,40023.70442276661,40111.36563203513,40102.99774908529,40241.90431172326,40394.134139308946,40635.28716942986,40967.989900725785,41268.26818993016,41573.64993477864,41720.123488414996,41985.27673716155,42188.566244220805,42664.71731693011,43121.08176024786,43761.25592969003,44376.17491046209,44980.642734699904,45482.831190200304,45817.985214228014,46085.45043825035,46380.41879527455,46741.65449278114,47106.13830765678,47491.29348647136,47853.900710043505,48192.436243440316,48448.58793807026,48609.48242292148,48663.28043503677,48680.56195688353,48687.47934172885,48825.76544149607,48943.170440599664,49115.28761760898,49234.647617906114,49396.73220078519,49588.675355456,49699.52650504667,49758.156794397895,49786.21935731588,49960.9332938165,50174.55619232154,50387.33400503918,50571.41344204689,50715.95473050459,50826.20617513825,50948.65767445727,51003.6111845794,51053.38291800131,51174.89674286246,51408.17464505438,51634.395891636355,51768.538336922444,51904.85597666962,52092.654033718885,52212.56153884215,52388.04104002573,52543.82608609576,52702.14141139479,52882.194010194165,53039.82044583531,53181.66070014943,53266.70841942448,53387.08956707323,53521.476795955336,53638.51623448257,53715.86059154065,53826.78079870335
395012,43,"Raleigh, NC",msa,NC,42684.15876129604,42769.28682736809,42942.12075334972,43007.99844747667,43269.03725641294,43399.763412674685,43551.52740736217,43639.68326532776,43772.76216681062,43936.36066127524,44142.23064496646,44348.69690988025,44449.33599021115,44430.281599754395,44507.282150250634,44654.35564101393,44782.43217012612,44906.96827643419,44989.80031723778,45151.29705986215,45318.93897354155,45459.97503349851,45531.379088979615,45531.01814271662,45593.078696916295,45845.20297481705,46041.97656742124,46328.19222466274,46471.579405793265,46650.2282939852,46750.25096831874,46790.88417943195,46959.5824308132,47124.270535863776,47233.12937328279,47308.12933552351,47440.86785902708,47793.68515389331,47960.06782281158,48056.30117423217,48156.51432955435,48214.00747871694,48352.506373672404,48519.399196598846,48722.83274702138,48833.82191363434,48987.47896012052,49069.913048469985,49207.90486413398,49288.45145084888,49398.46695818523,49515.046663706235,49707.35511587179,49927.53183578056,50140.09533522923,50353.276907216656,50479.108957517004,50692.444158155995,50922.22962305242,51250.31061363006,51508.6941423957,51678.57823291915,51702.464160088304,51490.77862384554,51237.71684342684,51067.59039011778,51062.504090725684,51274.04994012823,51527.49824534972,51893.2997675459,52325.13727585158,52608.02059816169,52876.05872801176,53167.64388739686,53602.081041048295,54296.314422413336,55270.30856994893,56421.06394477208,57620.1802395454,58668.60880014366,59544.62262690275,60330.47943599993,61074.041133951374,61748.44246850389,62285.51487186176,62741.878383015115,63279.29677083999,63874.57540897368,64404.1599025743,64981.597931676675,65259.18279203535,65531.36418713034,65713.00758733205,65868.85707820705,65811.51261018064,65772.18390240041,65863.64514665231,66169.91873458019,66428.76571888024,66599.30770850736,66668.97468128068,66446.30388796995,66448.49008857356,66325.88455859874,66440.98183117599,66294.23694920306,66278.51020031588,66213.81669675485,66217.91332051717,66301.26385337689,66214.01461587795,66258.14619953491,66238.0600939754,66439.95782939738,66469.63504425672,66487.62206564937,66379.6390292478,66475.53751984308,66636.87244792249,66831.27945554737,66918.81985541555,66840.29486017836,66874.81216714207,66817.8674650759,66850.70844030785,66829.2871622737,66883.14186393778,67001.223353859,67114.75296315194,67192.35177203531,67189.316000031
394849,44,"Memphis, TN",msa,TN,35010.94332315005,35086.757306288266,35147.87444249959,35090.23954206154,35020.77736517645,35044.04353666237,35060.58673577301,35176.05927786057,35217.124392419275,35264.24928147178,35307.31747990096,35370.371913147384,35442.08575238016,35502.48672211388,35600.77171160769,35650.82052790653,35662.40577980518,35731.859105461204,35762.31502765998,35783.99766371004,35805.78302739238,35873.84664607081,35935.74464587664,36013.92535712066,36060.042851964405,36122.78656170352,36151.469971547864,36194.841695890405,36311.84507979718,36290.707992508724,36395.769504931064,36469.76626922218,36649.719434922095,36721.36645299866,36810.895655781394,36856.30914502081,36958.706722894734,37040.09545738943,37163.86699561914,37271.354404858874,37380.95214730967,37583.91226256375,37648.08881715409,37806.60504499807,37830.89272116408,38042.420091640015,38151.64126939526,38318.99513117899,38322.32062075432,38446.79061001035,38561.63680130999,38703.89263355931,38825.17265066892,38937.03454692083,39111.01310556699,39236.34763714886,39424.90045138798,39523.126571792454,39703.87476084524,39868.935868529574,40152.403988866914,40360.790774858026,40888.09382523683,41111.29017728373,41385.64453207232,41606.42597500717,42045.16637495162,42463.51753664831,42846.01077612102,43303.778127962825,43800.166169605574,44174.99907739953,44497.203586008196,44891.09305485482,45276.47131728553,45800.77781727128,46434.02540886249,47124.91672806369,47661.49962074358,48300.298103621775,49015.16901085134,49724.61040573134,50039.71758019441,50391.75977512268,50521.2442357093,50873.024397067165,51085.82900375436,51402.93646688227,51646.92952559217,51960.482719027765,52195.570137659706,52223.80646689153,52285.476892647624,52266.13615878596,52632.01620868844,52728.41967980623,53045.83583955418,53039.76838718448,53279.04968329995,53469.39987239074,53574.852141883945,53563.88312192811,53593.81108139319,53655.8854408658,53519.296079955515,53414.99269470218,53415.52757002194,53915.927545094106,54383.66637746853,54691.24116031047,54721.02968790188,54659.04897982973,54828.81336292172,54945.53510615195,55234.43020905721,55422.719346689846,55717.80345530253,55930.57583850213,56089.30768280659,55951.1740368645,55776.26592191196,55831.81207754489,56007.362046664595,56247.0452324939,56358.30412330664,56544.948921448304,56592.76058730512,56732.33650070944,56870.13306435885,57068.73699818439,57189.26113576
395022,45,"Richmond, VA",msa,VA,38737.130249977614,38883.50147361014,38875.874129279,38926.421151994575,38833.72006078214,38948.509179862114,39052.41541638384,39334.62175742704,39511.47874357122,39776.69704261356,39749.477016433644,39860.05955231236,39795.172857974445,39813.02910189923,39898.91421831282,40100.24453914161,40187.9443203586,40300.44611999866,40387.22896391169,40506.44642688104,40570.803936252974,40679.507238311104,40727.884604878884,40891.49318635213,40974.06481242927,41128.06787103816,41311.78247913473,41454.782393762594,41783.04607890417,41884.2834250233,42209.93658864077,42308.06204323528,42464.526978629474,42527.01941903808,42723.73065020987,42928.874238616896,43126.267243169255,43360.38045452915,43391.74570471109,43541.45396431575,43659.66864475346,43958.42527988842,44007.56312896296,44058.408430334275,44164.58633074728,44363.46524470344,44770.06384823915,44824.54402084501,45099.88933783325,45105.61512477488,45356.850462162205,45508.71568925718,45621.68717338339,45697.7069305719,45862.049861208485,46127.54170482665,46334.2427799853,46502.00720001262,46459.88513378789,46658.20594778596,46708.37601386236,46930.402897649605,47153.77752088973,47154.3340165532,47263.312892855305,47282.30023431278,47610.608833516366,47809.24442215699,48193.53153196744,48545.822085244,48865.75105109132,49043.18821075074,49296.89874241388,49591.424600717466,50149.31724983991,50673.85615365067,51335.431873750545,51990.74958400338,52643.05976502112,53254.54855356669,53771.425588962105,54362.62481797245,54941.063954239464,55698.05345378826,56210.454340936136,56723.29400545845,57026.13441060415,57533.52009294909,58023.47290453357,58597.95910559172,59177.99354447988,59528.83124901371,59779.75958813329,59856.31745771728,59981.2730917533,60036.466450054846,60104.40694459342,60174.108100107784,60304.8632435653,60421.20121070724,60516.320971123816,60526.485648773356,60355.48618776228,60458.81983890305,60754.43252631346,61115.60115419811,61328.04043066153,61350.850351704896,61788.62729876837,62207.570674698196,62536.969554917596,62826.50636764909,63024.678622031235,63396.20276022669,63614.82369870036,63970.3674783465,64129.809002284346,64288.3100706433,64647.686945107176,65071.804528817134,65199.21594074457,65328.034906299035,65518.693588952476,65691.7650605527,65934.62999235342,66052.89185926448,66370.05347072604,66475.48780888451,66645.27012870507,66799.38210413135,66845.63182890818
394807,46,"Louisville, KY",msa,KY,31997.842359262486,32425.971296573807,32664.69155974054,32799.48010848907,32569.487883414127,32606.772352082167,32553.82711418241,32730.72191023747,32760.77362086129,32828.00488472332,32977.62211355946,33176.4327273737,33213.39954197544,33164.7708573147,33190.63497338123,33382.0133073107,33573.201815265355,33796.76280180792,34014.01656278052,34196.61577445802,34314.770623463584,34408.09856199336,34477.15587727019,34595.536128288346,34808.11334130541,35012.74349083993,35228.752453695444,35291.93535372676,35520.20141842869,35610.98139029168,35744.2327109947,35726.30862693941,35859.90204899583,35861.98389288434,36024.69777448985,36144.578145389874,36416.7717310957,36447.251419063476,36534.839269319076,36598.32636420167,36666.67493655378,36652.02113133071,36729.18228764881,36881.163003208116,37058.054891858905,37191.34466200875,37356.95119615124,37471.013456658235,37518.29105103686,37498.491165944724,37585.75332505984,37735.47608396218,37810.824607150586,38002.857942307375,38106.615258831494,38225.70115711287,38266.76756751467,38410.98286400718,38452.84816708554,38546.42465110802,38603.357839716584,38839.236344563906,39118.43665914623,39206.84314114945,39205.15589215964,39388.68422805627,39586.80133564246,39810.44017003503,39945.76592389651,40095.64216518574,40189.78935429359,40445.08717072776,40459.47913959849,40633.02074732671,40621.53843993059,40918.207199632314,41226.437303237675,41446.11877452047,41775.99371516613,42164.49026545435,42697.886693381326,43064.6404536959,43448.287376492284,43785.883241169686,44272.66053476894,44676.685252805364,45145.22918585309,45555.88214675274,45911.02718021586,46268.689098167815,46682.0159284297,47035.34446104534,47245.71536988194,47347.183790876676,47534.27853273371,47648.5270616645,47928.05845873999,48039.7453663594,48337.77292809678,48422.50195741067,48697.8402400991,48847.708185250245,49001.15853197019,49102.33146385277,49326.79386627334,49588.910198730766,49997.32106115394,50211.600198621156,50645.275351589386,50985.81418189429,51311.66698964497,51586.67954808784,51723.157874314405,52003.19368730957,52127.86088180141,52240.51054454227,52334.41583353672,52610.43678477478,52754.25205494972,52983.18312880086,52918.95167576021,53019.27464811745,53015.49821505463,53149.73373805055,53291.297690128085,53373.719147446354,53542.40554238066,53740.347451298134,53897.604091361296,53905.38488151798,53906.45160127533
394910,47,"New Orleans, LA",msa,LA,44846.95839232636,45155.42728874861,45372.97906776543,46003.45441708154,45968.17285141626,46193.95841989162,46326.682083440595,46279.914192126125,46469.34023918742,46370.69976069931,46630.91627344317,46283.244284549866,46903.647503245535,46787.25795131659,47184.78138261344,46642.08604091114,46720.48999723654,46567.04146558995,46424.02805910376,46429.10289794832,46436.65233837428,46744.49152176883,46734.18819554072,46997.36372074934,46866.65687455923,47002.71564555749,46770.234919929375,46908.13243764323,47021.31219291823,47137.937671363026,47236.19078322423,47317.71629617698,47470.22420875315,47483.31322526158,47498.00209829267,47652.189550506264,47683.29642663858,47656.293198012965,47785.67395120724,47995.3961568685,48119.64990890205,48200.48024295347,48281.250991899564,48296.87737430329,48301.14363470482,48340.274629041596,48499.61655248917,48589.138921718804,48745.43771702116,49021.537247203814,49178.51401063518,49268.86154856016,49337.85527393283,49477.253432464924,49628.97739754908,49817.33849183113,49974.50591021405,50123.17941712906,50232.668040228324,50291.53804100837,50412.03593804757,50439.22930107272,50668.30062654559,50670.58379648711,50748.92784019978,50834.83419979256,51125.65285447853,51289.62339218835,51486.6718157985,51635.038185737736,51801.4487817927,51872.43286565342,52098.13703487867,52204.51809229254,52527.57392452228,52792.85401262657,53317.74233774739,53841.35351751952,54413.60428867429,55072.46194596489,55937.70263634458,56775.97384873344,57577.31797540407,58283.83133834584,58927.63756884826,59493.331391444546,59727.00380559065,60132.346185,60276.66625881232,60511.97109007602,60597.322276105675,60630.14705852756,60553.40358673018,60408.264249045475,60361.27984828519,60337.38317670675,60357.73154165681,60549.71392931807,60787.73039364916,61024.769417156596,61279.79198069608,61425.49260838721,61592.89203705528,61785.51373659114,61845.615459319226,62029.57587288734,61964.57820319976,62219.6501829531,62292.53861716624,62307.7096272307,62297.60058496736,62375.30355963497,62622.86827558242,62856.888231539706,63065.96140499548,63315.54557756893,63681.191259183775,63822.186137625686,64065.69410575588,64146.48831832903,64323.68894253279,64452.20430845249,64612.37809452264,64643.272403630544,64551.72419013015,64477.83521407194,64412.6818095748,64279.2816648693,64104.089640554426,64017.24819145163,63915.1584600348
395053,48,"Salt Lake City, UT",msa,UT,37223.00102568895,37310.33206835856,37532.28754669385,37830.586757126104,38008.49217563914,38078.862598476866,38085.38111104669,38059.63175680683,38159.12498199926,38352.645229337584,38814.26093223195,39185.03333654762,39511.84590036331,39420.81226931079,39571.03565629144,39625.31687998159,39815.266540566256,39888.227427195074,40047.997014897075,40478.91622182135,40634.77867170158,40751.98029442155,40827.43497747898,40861.46024101824,40954.5170791068,41266.43332810391,41594.74530714552,41930.43936413793,42211.04503852682,42519.256927752635,42737.545148974874,42855.72209767429,43121.36438086511,43454.075980714224,43404.939862097766,43448.6521123251,43660.44634964374,44137.24132792835,44444.61167636935,44599.43068779476,44634.82373633017,44824.57183866865,44934.7121712171,45276.176233200495,45558.802586974,45789.48569195181,45983.541965154065,46254.8569925776,46473.66939745294,46604.26601237477,46652.38359611848,46833.7018389526,47106.644145411876,47268.44497550928,47514.94095260747,47560.87213167611,47626.9411198742,47693.6015140288,47973.11875112394,48142.6938364311,48244.22348195279,48231.15684732746,48494.31777063962,48329.64964041614,48338.79289207116,48236.85833071553,48433.0119370561,48577.14570871365,48846.061063015724,49197.01332426443,49531.338750075614,49699.761437905,50077.7200433339,50773.36067420014,51405.44561946966,52184.915809506594,52892.26628435533,53870.53835268303,54767.10827232819,55693.28953073591,56549.97321587158,57415.23025997277,58208.19155960307,59072.75786614167,59722.264634877065,60205.91726540953,60799.069077056934,61344.16990739926,61828.832703036256,62103.79923298013,62314.89834874871,62472.19714880406,62561.51966007206,62642.23666666968,62785.19518597906,62993.24401488902,62861.105212085495,62772.223294022275,62586.49069473174,62628.89839969411,62688.237742345555,62750.20402654426,62743.610047561175,62751.41877207061,62691.61175842989,62887.33322024352,62939.233250365774,63025.712151566506,63097.7642226054,63206.39463076166,63290.256836772525,63248.63224935963,63351.44529645305,63484.165564182804,63678.19144269978,63719.980073649276,63988.53713287817,63841.25516726937,63767.26997662646,63715.25567999762,63851.87504567977,63945.910440385815,64069.50127285408,64167.271211060026,64147.608595921956,64122.583818374806,64087.665991378686,64159.45761608221,64098.9052066781,64224.365822383166,64345.30988210037
394669,49,"Hartford, CT",msa,CT,43591.628536406744,43601.11739483326,43849.25879630853,44202.51037990807,44332.08369293472,44048.92959726311,43956.49288640889,44086.14675788415,44448.09679934064,44708.895173095094,44765.592687968994,44886.44248951077,44880.56722226101,45041.28664547839,44884.507293199524,44820.62855547333,44855.82312891089,44981.17826072908,45101.50008992796,45195.277313105944,45208.126970211364,45150.87449913773,45382.861479789026,45479.88547206266,45676.506118364145,45620.789502585205,45757.97369514763,46083.896533392675,46266.75745382316,46310.85329497384,46334.3382843686,46310.01562456196,46291.91086913166,46309.62501597102,46397.74935604389,46527.00982481902,46721.19110185173,46840.64788261351,47129.87406154281,47130.8347940582,47253.45710152332,47344.430875979066,47345.62173802851,47522.93483366032,47605.816348283064,47962.357387976095,48047.81201805544,48079.0167757309,48039.77343191707,48211.68585870501,48201.343626870745,48304.09445593985,48377.460915245516,48540.84700328179,48784.14701838559,48916.235003809226,49131.449671759576,49137.51158935189,49270.47433782778,49458.45564905153,49657.984945935495,49789.23638148014,49877.79453948898,50010.06100605065,50044.41211311356,50039.913930967814,50113.79321273125,50502.76228555966,50982.214774327455,51626.4840766714,51943.40881841786,52284.75036294053,52443.05795991828,52855.707649080345,53072.14326721221,53496.02533760577,54054.72748268184,54814.583404517485,55587.179080562084,56111.15033112692,56687.405128231105,56871.5852957595,57570.99814535882,58100.78039657771,58743.65896899759,58944.330914976665,59290.768887415135,59641.76628566631,60040.58635665165,60197.16154375517,60535.1970666548,60932.789517939265,61351.58128644922,61893.94173689097,62091.112924892,62267.861401580085,62476.40056543372,63129.56231207728,63755.40877683006,64297.04726582484,64694.66670685271,65143.100593659285,65367.92429567122,65667.20945340228,65930.76731757677,66256.64825101514,66416.21978715264,66607.47323530262,67021.42916334805,67351.35075413775,67973.0209689746,68454.49404924674,68983.85994987944,69537.95229744926,69879.44941864573,70351.24312950626,70705.8084944666,70993.74436225057,71260.3832265147,71805.96815702082,72123.94419060455,72354.74471887486,72330.11500992379,72447.10402651089,72576.83090724988,72698.4583678362,73050.06010610332,73242.79100141615,73521.34314753121,73783.3819884718,74183.07457683928
394425,50,"Buffalo, NY",msa,NY,31023.426526059346,31336.933473820005,31648.240428931902,31741.31075038944,31773.011921962458,31706.792643694633,31808.78148211751,32171.837162273896,32428.66778533388,32531.049591424577,32499.51560750821,32512.664792208685,32412.7986907806,32276.190269250765,32302.59264943441,32792.160181554864,33113.768225499305,33292.762250064174,32870.38598338192,32803.102186389544,32924.18879088955,33189.78861146386,33199.2882426847,33223.386456131986,33457.28780869565,33801.2850030111,33979.780567837035,33859.73993568,33945.678833166996,34161.4780647934,34602.853258043164,34731.00818494174,34629.803698563,34722.69219842154,34913.665581604844,35185.991580467824,35179.368469612535,35224.91213330263,35249.99357710977,35352.596904523845,35276.5024571843,35445.73160841917,35527.52384698178,35757.53814972777,35855.01172637718,35876.71209603742,36123.05365115833,36228.831235459205,36535.752016663806,36417.89921989241,36582.97912562127,36744.48990689957,36987.92860031163,37009.03153255987,37108.70778986205,37169.847784765094,37418.61248974741,37605.05411942351,37627.0739856319,37716.92297118543,37753.742415151704,38075.34606208597,38268.73994136265,38644.52468600561,38686.40037377118,38961.80193874126,39076.73278173382,39303.28500852839,39508.6611800057,39832.134914683,39980.369232911566,40069.78951426788,40338.58825481416,40743.34424198104,41095.26681289402,41367.62814551675,41726.45693980304,42182.688847471,42547.325425601324,42999.9793173564,43505.85883382095,43851.04357083603,44236.71973350959,44595.0597083101,44931.33780080279,45218.85502437662,45476.866279269794,45742.40525632354,46053.81604364169,46339.841777834736,46755.20183557917,47033.6337408126,47224.78794364643,47318.842229193506,47589.85665434028,47832.84914370426,48307.12297167759,48348.170684545104,48605.1847177835,48656.915241984934,48998.84044537979,49188.098475945866,49503.75200477414,49672.47627625858,49745.02552153702,49962.87847194128,50088.247142041946,50310.15877565673,50448.07586645475,50855.949187202925,51290.860924977715,51432.06565670454,51583.69586945926,51602.85080108002,51746.612271781865,51862.66975870714,52231.08564974906,52468.18812748344,52747.75424914917,52904.45176510042,52992.99155600855,53085.31194797341,53039.08715583579,53314.60739255477,53406.496606317225,53669.32691134503,53729.22388573506,53895.005085885845,53910.334623532,53961.818217790926,53968.59833630422
394388,51,"Birmingham, AL",msa,AL,35144.23836239051,35220.981984016675,35390.63757157401,35469.754467533356,35404.92791459167,35386.26865833481,35466.53162136302,35501.28528847055,35635.6666198863,35714.03136671165,35830.289398381596,35948.109029810905,36052.74867041516,36138.322615314784,36059.01835984546,36064.57211223452,36161.25324188797,36308.59061592601,36343.46390057496,36371.81563995359,36296.23295803118,36306.561144551626,36318.76200026766,36457.675092735284,36503.1308851379,36580.827137240056,36736.57219544358,36841.26471354721,36912.75477566563,36912.69097068819,37043.011311773145,37122.32035603405,37388.68511935951,37385.464880078,37570.53358451742,37476.002707988,37576.34694827485,37605.26627504493,37834.700947395424,38059.063225216516,38279.29798253006,38396.95220357407,38428.9198809515,38511.416045895225,38510.71363535761,38777.04632617374,38905.35077165853,39216.6730525302,39259.65025153293,39464.98093756398,39486.1233755386,39523.850883947016,39569.53936790307,39721.24934471334,39895.70617826753,40060.58982016549,40214.631394791366,40279.15806460046,40354.56317332011,40398.90283119522,40573.200770885174,40650.655723738484,41074.89480664088,41223.973920515666,41182.376992008554,40976.75249875272,41197.668010808615,41472.62827107124,41767.87932587656,41969.354406014085,42281.70024403243,42541.03743572812,42834.67001559907,42993.03651166896,43037.4666046617,43243.19828396378,43797.7825198448,44508.68784143118,45064.88408046794,45528.758731730726,45909.20676325373,46254.87453177669,46446.54705880372,47000.34378369796,47384.308985015836,47782.92855345479,47886.30262784092,48110.475113215776,48328.19536623605,48540.350445405515,48756.90873677153,48960.13498288783,49043.28763981271,49074.30872033248,49295.934419323436,49330.89391604334,49508.60281402127,49667.983228387115,50144.91643554495,50554.73832506322,50830.96728118195,50970.64535730597,51108.617049883374,51197.21595796674,51298.94992775093,51386.96148906838,51561.81028898637,51741.888599480386,51969.88675724281,52133.64694446984,52251.740859364756,52293.810802049426,52321.52052325884,52488.52809275438,52694.03694674761,52820.34773572776,53168.623189010454,53545.834454630545,53763.90876306264,53950.4472882326,54045.40682790959,54181.52205823782,54245.05219946803,54354.536750276595,54516.707320863025,54616.12746167717,54672.71238777806,54797.85481314324,54745.81760846738,54664.24324628513,54601.6556603282
395031,52,"Rochester, NY",msa,NY,34781.616142734405,34562.99876393427,34801.296416716585,34967.31660504868,35077.10468726016,35127.839029736344,35056.91005826865,35101.57637891478,35054.350856991194,35361.68937399892,35608.6974056722,35752.71370454829,35664.54029829069,35829.67453864689,36092.12026885948,36112.41523690521,36205.71610105686,36179.914708161625,36208.56584711178,36311.29178907919,36399.1502620753,36533.49799776809,36606.829716127846,36639.77260218558,36738.860541597365,36893.64484064449,36936.226907817865,37085.53743161921,36966.083617422344,37105.714331541014,37278.476950159864,37498.94973878598,37601.349140649356,37548.80833603051,37729.31871317141,37803.256161473415,38161.8067660523,38209.58290419788,38405.677506974476,38387.08955404137,38555.65468794829,38551.263026297835,38621.51241768911,38733.270958847184,38942.368365159586,39090.64317375514,38965.765356628595,39146.90958837866,39119.23620396744,39394.585260886444,39439.24612784208,39646.68209080597,39831.615636816365,40047.52077423678,40181.17470008426,40234.84151600172,40278.430898137274,40426.482295736634,40688.541418570545,40777.07672103231,40880.88837255476,40881.76070787173,41145.4636402088,40958.10299671938,40900.608101042075,40933.05122465738,41244.72591262379,41537.68089443386,41976.602533418954,42356.20104268088,42875.73884324155,43375.75087191397,43605.287519347636,43796.58483422986,43909.863998204164,44396.42833618362,44833.78190526411,45202.74124870322,45638.85573366679,46246.90534028878,46605.458270955736,46975.93036458842,47124.05509923733,47346.76022985665,47599.466816667154,48127.431931970765,48861.37944564183,49472.75479055882,50063.518579660704,50586.70649788098,50923.51066665524,50919.118619730725,50949.16527790903,50998.543758070395,51152.91442637494,51257.00562353878,51610.39547322986,51636.72791034284,51796.14506029454,52061.06548616399,52506.010109749346,52836.75897609515,53036.99250326082,53327.176386560895,53678.774586356136,53955.480515476105,54267.15567294424,54546.61644377958,54556.89683840496,54874.24433887583,54909.405007168054,55306.04892065339,55264.331746058335,55462.55214371852,55615.47302982169,55799.12073429495,56027.69562846005,56313.50432894209,56704.119062207494,57018.963641136485,57407.110387266905,57650.279081452005,57998.84281273283,58019.183803223146,58299.86619022971,58468.85960919524,58780.04362281373,59085.50532058878,59319.17479697991,59532.57540611832,59619.76713345134
394640,53,"Grand Rapids, MI",msa,MI,34637.558748005424,34856.216232477294,35087.693265839545,35383.754545261516,35689.860047789436,36080.80331991173,36389.27010864403,36813.95434035879,36965.80308977355,37243.73158528461,37376.97438654627,37707.060262117535,37870.70189715905,37974.048734659365,38259.01453206543,38455.29897024831,38895.32993099366,39186.80120133102,39488.41212647664,39574.82560311134,39792.08923534927,39870.903928161875,40311.27247558335,40662.01952047092,40951.07799239669,41286.48343326907,41378.50014143667,41738.17794433474,41863.9705209802,42096.49634391577,42192.12996165379,42179.530578591206,42292.5945010668,42630.05365046731,42646.41736334488,42653.48899746492,42709.89857184697,43037.75016519083,43454.23899392857,43707.24782935651,43782.005356690664,43834.78734628563,43959.68757849947,44380.20372727371,44606.881885187235,44799.94102607492,44951.40490750084,45353.50541350245,45531.683977145825,45559.76741278828,45605.57914199613,45658.917709844594,45914.09489538872,46157.81932876273,46409.92466115948,46520.48049169821,46692.562738199354,46792.77080692491,47006.38540878153,47035.580153366056,47230.29715432569,47390.73790298263,47943.2220821864,47869.094933748194,47841.57562299747,47988.198169633535,48162.11703683453,48167.4794780539,48303.46178274608,48950.415227426885,49546.729053521834,49903.96768159268,49799.43156307325,50102.70640448094,50701.6137299875,51231.1013600212,51758.5883346857,52202.002897706436,53066.43478229568,53876.96772046029,54539.71943076482,54339.985762106946,54711.39220804772,55425.23020903414,56399.78594350192,56831.02343492078,56863.5017586602,57534.20926078795,58011.891025436635,58403.906250688284,58580.010367688985,58995.473712360144,59462.65614873558,59957.70996967603,59932.00750210917,59749.18097451616,59855.98522245727,60063.81771165866,60434.32045150413,60713.74768818417,61234.72768702198,61609.83985720004,61787.1352480626,61770.842539764795,62029.64567276405,62384.13848176791,62860.44865164118,63073.11558431148,63317.91597279,63555.522102067625,63968.33787946186,64008.090237107564,63982.192798788274,64073.50649614867,64356.507858137316,64815.12598444047,65046.09619559505,65255.61970239154,65270.09656294647,65697.37929599996,65900.1664857353,66153.78674964861,66258.12046016386,66553.59856908185,66815.4459419921,67078.18015246451,67320.32538697505,67468.06144402394,67645.34931805628,67808.63632328305,68150.62962962964
395167,54,"Tucson, AZ",msa,AZ,33352.62801323049,33366.71080365565,33454.242350957094,33514.51384828419,33561.2781487014,33597.18147260286,33735.48545231104,33811.803037711215,33913.972740169585,33961.66232376236,34139.93193382189,34247.09782924595,34394.97675952507,34381.195984825776,34381.86814832912,34357.727170065074,34496.966635405865,34623.99740134078,34727.7174024063,34854.53393349082,34941.339863978756,35017.38217046832,35025.44293155898,35228.478073197846,35404.48590960238,35749.388733590895,35984.77721965571,36230.55671141408,36379.22598087098,36447.98068352257,36522.24870675401,36607.22165196849,36778.357173416574,37032.507541228326,37207.776741362824,37243.12334152007,37306.36724229598,37481.207039526176,37756.27270808136,38080.83249499471,38233.63052071592,38475.78664358703,38623.124282245546,38875.64356211412,39146.548415466066,39348.77692293527,39578.76858320935,39877.02687063768,40113.55256703158,40341.48221675506,40471.02438948177,40570.27928192219,40829.241865958844,41067.682347355934,41385.9827737411,41615.91783724067,41797.58980369801,41997.82800071963,42230.79191231611,42444.17586660214,42701.372572855566,42877.58186919912,43112.50598294539,43088.40214437528,43114.62930642042,43200.76494090785,43543.91009309252,43891.898721090256,44433.90449901197,45128.43850965003,45541.51562834779,45985.11147887229,46180.073561943296,46804.142000846274,47304.097648806914,48208.883659030944,49021.76629200596,49908.6289577158,50659.75054888488,51716.89725708513,52731.111216536876,53514.03100142949,54109.640845690716,54606.68069842976,55147.80618032357,55581.37668038729,56071.38893419604,56404.45076850909,56659.46943242774,56913.18252169001,57137.14150928856,57309.05135589873,57284.7200024246,57117.293163232745,57249.896723245794,57363.671622284266,57688.53107263504,57833.91103876001,58108.85729590132,58353.502237364715,58671.79376420359,58868.737091250514,59101.33876853589,59122.390509210905,59090.56554440812,59229.00411307699,59266.10781569539,59596.597688556605,59748.05784334299,59976.95438194767,59917.761103953504,59919.639648185184,59914.764565923644,60068.240382291806,60132.7152554057,60158.456901752994,60304.847647480485,60555.718622540255,60763.201492719556,60706.66929976811,60654.66204434233,60611.46282959967,60691.32572206712,60734.026513951976,60741.75889819463,60662.69823705395,60620.126060058494,60681.78240584846,60689.91323320671,60545.021864779264,60397.63270420571
753924,55,"Urban Honolulu, HI",msa,HI,76449.48169773133,76906.14948795253,77461.10247190464,77395.04645921067,77717.81613748494,77650.48966688683,77989.74624512858,78224.93504054769,78432.11165218525,78684.90317644532,79028.36958942014,79376.43474431243,79362.16543245588,79329.16175483604,79105.93462785348,79268.44461418755,79285.51992387157,79493.09531523185,79604.0724450771,79581.70084292459,79558.92284880162,79483.45262435326,79656.39335269576,79524.5776540333,79825.74046709039,80194.76026031155,80689.29701161355,81259.15993906898,81147.38825812298,81115.1947752325,80830.87703479496,81040.30132562776,81222.09744607417,81532.01261853828,81638.50779178532,82024.0728821668,82011.91390005333,82088.22012249094,81933.62108226815,81843.9235532849,82036.02038399159,82454.06277712219,82796.66268858504,82820.11412064005,82869.67621400353,82955.76038416965,83339.6650288823,83347.05656640336,83590.15440015722,83638.33383547292,83908.25430065545,84042.0396558981,84308.734570673,84340.62444021902,84555.78401890246,84812.41661648257,85064.11571979833,85243.51011648474,85243.61173466755,85466.73504462054,85631.86909804193,85896.69820675826,85418.74850804813,84913.18722247178,84624.88998826043,84668.0265884675,84669.99476545046,84448.52428725628,84535.14117327212,84673.2011987345,85381.33399384153,85884.09874026428,86351.63557749314,86856.63456399493,87536.26849564916,88691.47983316098,89559.1512017585,90467.5533990185,91458.25660721396,92606.62433523047,93623.17001027415,94306.26381087596,94686.14840679859,95131.20200157042,95213.40945283162,96015.8772816198,96469.85936549127,96861.85188991632,97061.3465158545,97215.32824910905,97606.8616077898,97886.24507094179,97933.44597260654,97995.54304510394,97929.00249234658,98579.4570327028,99436.33575310509,99719.41479722303,100012.8929180881,100202.20975428386,100614.01480957777,100592.2634634835,100710.16420868138,100781.56143531886,101257.66813837618,101684.17971765148,102187.20597539569,102215.43089140618,102665.82611455157,102847.10603803932,103603.94849662531,103810.89436428409,104274.11133507943,104609.64627571176,105030.42391660702,105479.57547991292,105797.83967046421,106296.64764420273,106710.67779856526,107183.69189616786,107307.92550397338,107786.52919183265,107881.39450739195,108463.40768405088,108789.17514828329,109446.58348904933,109919.23894989071,110413.90519125015,110865.12416391654,111211.98209120102,111635.2013075832
395169,56,"Tulsa, OK",msa,OK,35108.40415063863,35344.84973165641,35436.63097375338,35589.937788742056,35540.62333253104,35498.86782157454,35553.864226962556,35744.70021437349,35789.450289910616,35785.697960378704,35752.5213745807,35738.40552236868,35822.325895329195,35789.34381605543,35889.97591766148,35870.98615701102,36100.761057705015,36127.137491616646,36145.36340536355,35976.04663015916,36016.71188405434,36042.657665513594,36039.60706558778,36167.85889832592,36113.554992025325,36229.111714081715,36149.37500746469,36266.97693187858,36304.966301068365,36386.001699196546,36433.16821150431,36390.85920050601,36378.627847280804,36432.07297305017,36647.31845461485,36715.71483429136,36835.36489976409,36804.778569563736,36860.227434448374,36879.28456602291,36921.995138451486,37051.84216176923,37105.24718720109,37296.22716296758,37387.722564682226,37549.82679668355,37526.353141492866,37560.39639961229,37623.44475539468,37749.16558773522,37892.66772079797,37996.36811696219,38085.11953279706,38130.57955451722,38255.81315671994,38357.935275672025,38489.77311931285,38546.494159955226,38678.95711294445,38820.89417053586,38955.9614686217,39093.39805877632,39360.01024091579,39394.54394130723,39512.07093227821,39647.55529491574,39960.71425033845,40215.152372794415,40476.40247871847,40809.06852921132,41137.20064270326,41485.31638038268,41794.82643564648,42204.45879003228,42443.62521162471,42928.6708986937,43357.16910384162,43895.77104123147,44491.99964652676,45163.01745249413,45980.07609817265,46367.18405390944,46853.54542543707,47348.70034375675,47871.37224019438,48281.935948076374,48759.787716595914,49292.3166786649,49613.727708682,49762.97211311726,49810.19842539607,49956.93428711335,49703.32355395191,49756.957540044765,49629.015267126684,49847.98712909316,50023.06044242445,50158.46116807591,50471.127595323414,50557.748978035524,50991.84029212996,51300.78419450414,51633.365064518526,51707.02406488272,51796.83909112419,51979.232502511724,52364.0046150572,52683.234598865485,52993.47038801128,53078.19820278626,53026.70570522598,53040.23323568267,53333.27382710628,53789.57468924831,53951.22667941352,54041.53119403689,54278.000515765634,54604.29195887622,54653.50256058858,54674.3772780869,54705.99461008954,54941.30202909413,55173.56742924846,55441.07537985033,55351.33713942859,55221.520344212855,55317.57170378794,55560.270839209,55746.86908177236,55753.68076504673,55894.078403424974
394619,57,"Fresno, CA",msa,CA,42140.37771681588,42329.488296205156,42382.85551377221,42512.76359637304,42588.20459908717,42598.708725077486,42670.844013487644,42826.64132937665,43121.06080622238,43368.63938560171,43618.61138130508,43766.97566755409,43647.606084865525,43825.768859899465,44146.62254250829,44267.62225372347,44327.95547292108,44392.63007054598,44769.389707573064,44873.60922077591,45094.91722409097,45141.29904880008,45229.01900374307,45333.30563694496,45630.82577479577,45752.00959177839,45898.020354086206,46231.89494925464,46754.14302252155,47172.274679608476,47228.69960781291,47429.64349715694,47695.548007658304,47968.10023435611,48273.59737464691,48403.61819086371,48558.98554423237,48709.01081998132,48905.70245612834,49204.04176484173,49251.86969488095,49448.19356874148,49709.410596620866,50111.02143412392,50278.780830549935,50671.481912926996,50991.544447812186,51404.82077731978,51543.434602877365,52010.75736514691,52345.33689248868,52548.95597781711,52878.534576781916,53155.98177909038,53507.319380006025,53737.39438291912,54097.48185817822,54320.69840847561,54584.103618155386,54869.72540764883,55331.40746842078,55566.509329944995,55591.44059740068,55222.9586190394,55129.55774288846,55371.668580258374,55897.81312424753,56431.795789155876,57257.06107515214,58244.16869963852,59012.93878005728,59444.38157991657,60070.167633209414,60793.7286755376,61908.337282420754,63168.554433388614,64677.22313921752,65713.11709383666,66765.24979056932,68014.30937722932,68738.3806277424,68791.21717443615,69212.4057322155,69832.73100102898,70723.62484256597,70824.56816477631,71240.0117879753,71726.90214640283,72056.46457075606,72184.69310439503,72031.13964759966,72032.48777221396,72218.33495125179,72884.26577614539,73101.91223878766,73713.53429938214,73838.57811989207,74515.95484070394,74657.20332888245,74737.88920732372,75080.68923149233,75858.2568514926,76343.56801044162,76317.4394341918,76330.29455174174,76637.70463350216,77107.67495536683,77245.88513286338,77205.69495284038,77237.98130808484,77260.4199487327,77677.94412169869,77877.55122736953,78128.24900623152,78551.92526423447,78765.8579315598,79183.0857835692,79097.05546199124,79401.87010011949,79543.04714552958,79975.81795467001,80214.38374445059,80625.00801807908,80714.94048363538,80852.61164057103,80772.24680818657,80744.1499634912,81070.6260699515,81178.16153427173,81424.27185485646,81347.99794525962
395238,58,"Worcester, MA",msa,MA,41728.445857797175,42051.06673655957,42573.24819024222,42692.747122828834,42528.98894294991,42588.06284164244,42533.019170829684,42870.48012071956,43008.1279296971,43288.870463997715,43484.97217318503,43869.51257855133,44014.34783022395,43920.14464407628,43644.14528579032,43716.042606979296,44201.22007226432,44784.124884420795,45338.098738337525,45450.2899688266,45551.52710710597,45657.5890934875,45716.26257190344,45796.88151037646,45887.84080217367,46236.50403653256,46647.57011978983,47124.60538031531,47417.0455065297,47446.75532145757,47196.560831708244,47160.44581429668,47355.77530512185,47740.515914573385,48106.69350625193,48439.711295604844,48601.43669679846,48855.318503655304,49057.207734375006,49341.22533906313,49571.62063188538,49861.37612820172,50174.2532010887,50646.45990591023,50858.75148315543,50854.64391201492,51119.59268033628,51401.18710674952,51796.11667210821,51862.46251561904,52104.667638508545,52195.881466150924,52351.08264749237,52573.43380797662,52937.522946918456,53157.92851676319,53478.3167990478,53870.3798212828,54079.475247720766,54284.96622709674,54506.09607139822,54899.59272520345,55254.81630754068,55231.48884582675,55316.29872224762,55467.141428602656,55492.88932965166,55968.22940547617,56242.239016302374,56806.08224473706,56926.76271898064,57461.65091944369,57613.92558765317,57960.03738189412,58163.746481440845,58698.220643754226,59423.42840021617,59988.8167834062,60738.72276103382,61446.16029639657,62350.198684842064,62980.72400020235,63793.670536030215,64032.894671196846,64610.85881649061,65108.629837944136,66014.15476245288,66665.63136047838,67449.04675052322,68338.25150060099,69007.07547115104,69100.38621556408,69050.20392634218,69049.5659908463,69492.99703083443,70108.20737783134,70734.17112726207,71111.49388326672,71504.23179641248,72132.7636744037,72410.86915301919,72657.45224382819,72883.55055875395,73505.9090728333,74069.26456640285,74884.02040176914,75002.02470781025,75477.25344865375,75552.55427736236,75993.71390880703,76298.28275522518,76576.45842868446,77120.29627530798,77394.41754477735,77832.79727948901,78326.04590145047,78881.11397123075,79137.81633833393,79718.90128083687,80046.2876778559,80595.57839496748,80976.9384839395,81346.33761487577,81640.0572904187,81851.54888532673,82255.8299323092,82561.07029280323,82724.2120561534,82867.45026446112,83086.75451563974,83270.94255815797
394938,59,"Omaha, NE",msa,NE,33850.4869700848,33892.28856511977,34052.061265346994,33968.97303235175,34078.323492853146,34059.71745933754,34282.348249539005,34384.16614641642,34416.69921110416,34337.677419269865,34483.712492026854,34707.293643837605,34931.80310655128,34981.198792754505,35031.19809818457,35140.568696762006,35177.19384268798,35256.2067952999,35298.466626648165,35451.65962076707,35628.710667633524,35919.14346222394,35948.28604349652,36030.72798462726,36030.72154183103,36243.703166240375,36413.35962083079,36554.101727147616,36516.42383820778,36661.65185840974,36761.38023214672,36842.86029923966,36949.753067856676,36928.929594209054,37127.79780517907,37091.27463143102,37158.98738898336,37230.965527201726,37332.43341482776,37464.97886985365,37567.959898742,37671.07172715366,37824.65958393995,37968.8319741073,38091.99542230365,38246.82716171908,38259.3426518408,38355.1756324498,38419.22888841729,38590.27549606611,38673.55507681481,38749.61493223508,38953.53917101206,39067.80946376149,39173.61277408399,39283.02289000358,39402.72252885801,39546.7283838568,39751.34948413625,40001.369624561514,40253.93984163859,40389.55910621792,40502.29857744459,40631.14526331162,40746.00662991431,40777.039935602035,40915.729182542964,41029.107483787724,41140.83864721313,41107.579661063566,41162.748424680154,41342.74143126311,41608.039293702845,41931.40575852199,42024.44994258556,42250.28743593508,42572.40993626561,43140.83323158487,43590.67804774506,43969.943502513335,44258.951020196604,44687.13113900107,45046.64256439819,45335.12316632906,45488.709895529406,45687.716711017274,46042.9853993455,46493.77107771583,46874.434793482345,47187.30511457993,47560.68107448715,47894.30176059695,48301.02554295985,48517.58132559633,48827.2835941064,49096.17507084644,49545.78103275841,49847.357597014685,50219.52778945407,50409.34600096428,50694.05884058912,50755.258354725265,50852.084478851066,51001.20462203756,51203.10927705221,51457.34834837462,51608.537826383654,51730.78853295477,51760.33979326517,51900.529312205974,52083.56007948501,52289.4143087487,52523.9827794476,52843.64957241515,53060.596466062394,53324.89347013481,53418.29426556556,53549.48054583576,53702.46979634807,53954.509972248794,54204.587851943616,54422.50836096094,54536.1593387474,54690.803782997355,54780.214288659314,54915.13050207682,55097.02205082962,55219.72686263554,55428.359096158,55609.16217933321,55798.3376254992
394415,60,"Bridgeport, CT",msa,CT,66054.33343869449,66449.62280477553,66713.16027143176,66809.64398606152,66753.65474479264,66787.35541692373,67247.16592867892,67534.10805987054,67645.32033355636,67593.73120973105,67983.8335138388,68067.84273422489,68577.28403490108,68298.62521662569,68434.31696522812,68365.81418627396,68411.176196486,68392.53330021702,68258.94190407707,68421.11430647665,68613.06778720772,69012.75001784979,68924.72976318524,68933.66928044276,68784.89904959478,69217.81563482828,69448.73124925925,70009.54623248708,70537.32553677647,70796.17909499782,70703.88826241948,70632.11485728495,70531.25583659667,70776.97067040087,70871.37531117455,71568.40407653082,71653.19983383843,72258.36411160989,72367.4759807307,72489.64116324525,72496.0444692648,72853.88348347244,73176.94289426124,73343.12311893448,73736.33022505122,73764.78363483488,74273.37904850442,74325.13112710179,74708.38107118105,74451.24006677743,74699.11774610456,74826.59927458382,75048.19055399265,75144.96421146032,75452.24076585188,75812.35788701697,76007.44216766869,76269.19036109236,76323.33319725785,76422.01498950008,76598.06076701845,76915.0960450802,77615.37295437617,77719.76861251685,77729.52457159241,77969.57167637447,78302.9166984093,78905.93987276085,79529.94580380674,80434.42434060031,81323.02223513971,81844.56477833711,82122.28732019573,82268.76140300954,82930.34534822257,83756.42515279773,84770.4654196624,85605.12315922267,86471.77649244516,87127.88559922042,87960.32867524931,88299.97060465168,88842.13186501373,89583.27656839165,90513.08956290239,91306.41360391404,91845.68975819448,92716.83575829494,93740.31653022015,94757.1598613983,95333.467103192,95743.27583710125,95929.48689205605,96206.65361313811,96221.89555109158,96144.76761452742,96320.11479963068,96621.5813378292,97630.96640612173,97849.09551316588,98214.20668997348,98374.41958874592,98814.17578669418,99240.58435761591,99297.70152667166,99779.21549212362,100434.85825635119,100989.84394880636,101134.88894791648,101691.40398281092,102046.61923658178,102873.46782808952,103210.11242578067,103854.29222966192,104590.70296793991,105388.15550966395,105938.8026320457,106007.85739927192,106629.36366524042,107249.78514770052,108008.54667275457,108396.2316546153,108599.89273963778,108747.33605543127,109160.25559441053,109433.20151834602,109570.34837841653,109691.18312154063,110212.75383043167,110858.58423844317,111000.82129877052
394653,61,"Greenville, SC",msa,SC,36418.08375545884,36586.42052809358,36732.31509761993,36985.280290794944,37093.975096298906,37321.4134883543,37352.699272557125,37474.995115385966,37616.691079134645,37728.23253796815,38011.36267049194,38143.59528708939,38448.030777657215,38554.27311886878,38758.30456801577,38717.43988286755,38822.598945049416,38855.467103593444,39069.7727305201,39165.619008355636,39371.615793074576,39494.37330076452,39495.45145479029,39486.34339409187,39524.60301942031,39776.923969558404,39960.33597535752,40176.63396130431,40262.604193743995,40346.60813082138,40430.11397712714,40565.714693807015,40435.121226075105,40563.49391299681,40734.188661771426,41322.89778926893,41456.906686985836,41514.79289981456,41487.007025836894,41843.80998073465,41945.079825532375,42095.33713267525,42148.92099425309,42517.50136521028,42737.037556927986,42900.76947919739,43041.250621816536,43116.228710593205,43409.323801696846,43313.592688064,43558.65199022333,43533.20048113743,43749.39244038069,43938.58389624169,44171.31370787167,44149.34286283445,44353.579298621546,44490.22579627569,44645.850745676136,44648.682156155286,44698.37336792843,45050.02517361734,45422.71224580482,45471.6621214817,45023.19593706868,44808.8843118542,44695.315804498234,45041.10928962853,45355.73525391777,45865.269032894445,46185.8652408723,46592.50043746629,46883.89907511287,47102.05436769525,47539.01947238823,48034.7994134133,48747.65906948202,49454.04211251489,50299.528210991106,51006.476774575895,51498.73751041146,51928.42121205673,52397.93451333981,52901.21929879449,53286.049666987914,53510.758463366255,53958.56920322759,54495.0604142122,55198.91042313362,55791.7621851283,56331.99454155876,56595.91914615017,56788.61333888551,56688.51610739861,56637.531902418224,56661.13591532844,56861.725304328094,57239.061050916316,57421.13057496866,57632.337128414794,57705.53341077368,57747.52304432664,57728.64356134817,57801.09505263419,58087.17871103025,58478.25546560774,58840.6995633851,58900.58113755958,58883.01686423608,58698.687351776476,58762.0000877106,58966.209156313744,59396.34027037749,59791.11887390443,59884.00649735336,60044.54225467001,59954.55712686876,60266.23676212477,60599.3509808306,60968.82997010576,61311.765684029866,61708.58222171017,61926.92266972282,61974.479217345324,61845.50067189697,61767.48426105621,61942.44999565857,62062.958759917085,62265.2998228354,62136.92591855524,61960.721094852575
394312,62,"Albuquerque, NM",msa,NM,33935.940291310704,33869.19190506636,33992.409010760035,34135.52904853638,34276.704307802385,34277.823899632196,34309.3165130425,34367.46798014912,34440.86023085346,34544.737799658775,34581.104331449125,34757.18392764783,34821.58032721775,34853.29854498169,34858.45054280967,34978.509836685706,35114.723494641235,35153.15098602965,35128.4454089377,35245.21766724661,35310.854396296025,35375.56943310412,35431.2519752845,35457.86150185249,35622.507963007905,35842.376500468796,36054.84725321333,36054.9246185224,36074.21441030763,36187.82618838879,36317.22668419774,36339.66137999918,36426.81739531235,36571.597854570566,36686.61477926168,36759.051159718234,36799.7601289863,36874.056214528086,36973.98874135269,37162.94439374958,37275.22700674801,37331.242440017406,37423.41117196616,37564.082306089294,37728.60804719056,37866.85079563543,38031.492849367,38227.3943393426,38348.99038521298,38497.410519023775,38616.77688440881,38754.23675352755,38946.20600513871,39166.61589720757,39370.577561509155,39566.580767300125,39728.55238208401,39888.7195889686,40055.918623443366,40230.47489800031,40463.21732043797,40655.34096549006,40828.28379476176,40748.18088678297,40573.9255761341,40767.49386559963,41132.11974032738,41586.92328274995,41928.736273236456,42293.696769240436,42753.28218901451,43130.39405417876,43514.282268011266,43999.855671196165,44533.70602042678,45293.77141994771,46067.75390478815,46846.51600428979,47572.50619009388,48427.620691316646,49257.12894039363,49797.420751048325,50100.629919923704,50677.55168672636,51151.58926819427,51723.838209432535,52113.51467627421,52711.95661905727,53426.249889735554,53915.47734979568,54403.24593923905,54473.01557441742,54679.10579764459,54967.49305781997,55435.3709115482,55667.61030572952,55999.83982966794,55936.84791388969,56335.12567966452,56383.31061413177,56690.324659718564,56730.480774908116,56842.57419003064,57012.303517984925,57197.75678104064,57493.5025713578,57845.08673107839,58016.161450115374,58044.01936150199,58188.9597465534,58233.83996619892,58510.125208853584,58561.565468478926,58789.9515862116,58915.51243881296,59129.38525117786,59292.141396827974,59386.190520762044,59531.905514177975,59719.55794061224,59965.416959591195,60266.64485166342,60429.6145090625,60511.00271849169,60591.33196099213,60696.98350801798,60829.35962015472,60928.47209355772,61010.43049226986,61061.196102587564,60993.256979216494
394357,63,"Bakersfield, CA",msa,CA,38440.41014438905,38626.324884947666,38821.16463800106,38838.87076706382,38975.588684372706,38929.095961364284,39073.48700833441,38991.1232914907,39053.031390083386,39238.85038352112,39381.003725667426,39374.762279595176,39382.854455337576,39379.39908099188,39493.94689595419,39564.29450958918,39482.86767899215,39675.89516178586,39834.260887982884,40099.16231663899,40088.679354154585,40036.56259143344,40089.13898712474,40288.34195147834,40496.51211434027,40632.490009209665,40676.33581766363,40813.93095921298,40989.93192844633,41100.769701046134,41172.03918891247,41293.74508526231,41556.90717511776,41620.58054356241,41714.18036989287,41833.30679765552,42052.71626334715,42295.72003323954,42355.51866009088,42439.35005098595,42585.35754620703,42745.046138995414,42905.8227178721,42988.98892106012,43232.28855289608,43504.7023202731,43695.646530567334,43837.21474801268,43984.65556023091,44266.413803217656,44576.609797904086,44836.76996541766,45058.655268864255,45250.70467211243,45466.14779377213,45702.13403546334,45792.19688948397,45966.44354932459,46168.03354992255,46367.01281858833,46504.68323879066,46536.27729942359,46629.72530602029,46796.191587880094,46966.61042933963,47510.936833976826,48306.60805393624,,49498.592762336986,49955.548257468974,49925.025057124694,50595.08364981152,51307.76037509722,51692.47340732296,52088.574941468956,52288.680419763296,53144.01959115864,53791.12847228879,54105.002735630405,54501.8149461073,55945.57305332237,56925.35659820094,58257.39347154362,58790.90167980386,59631.400659581406,60524.968022093846,61027.120011963154,61808.32402115331,62404.21387521335,62960.75246283508,63502.800147369395,63381.0536331241,63391.48037544104,63493.04448431892,63561.2408204457,63638.61049012361,63528.658254766015,63733.945155681155,64283.728354437786,64911.108315052166,64989.61813515157,65010.84591855619,65314.06837899414,65996.33602934163,66139.5301459424,66353.37210120102,66395.61908191493,66854.9725466421,66874.15569585108,67110.61379856545,67112.14183840659,67547.42709826662,67742.01851596749,68021.69654207901,68126.7381719902,68292.55157193184,68492.86349870532,68770.31787427627,69103.60183543655,69251.25600634288,69744.8954879059,69893.08017746118,70119.05808947865,69900.1023739267,70152.49278253845,70373.33000331555,70590.85239483224,70694.68613312347,70959.94054077251,71110.85906017265,71279.06965915771
394308,64,"Albany, NY",msa,NY,39997.43006848886,39994.30221770301,39989.3867268866,39898.08948902545,40042.046087613,40306.921158351994,40556.389847271595,40638.120424069086,40672.709736125136,40474.52949719224,40649.33706999613,40777.04271903143,41114.42058314361,41126.06588392601,41280.9981365791,41390.07384064076,41468.07673186499,41538.747291862404,41514.896925230496,41764.89370874668,41942.26713032839,42189.64757185187,41944.685717079934,41898.82891786947,41723.603813049136,42001.70619427841,42004.94571910872,42304.00145912927,42620.32551331369,42700.24553345583,42736.33551892566,42623.39148932185,42668.85720986171,42818.46714480129,43162.909293359335,43326.55422314578,43618.33648639233,43720.25082010936,43851.56363379819,44054.825050802414,43958.6025899864,43859.461850259395,43713.77878636314,43993.56733969863,44387.456393593566,44606.805970703375,44476.12994515456,44446.9850278681,44560.245625091826,44594.69391411412,44710.281915100044,44641.62505373648,44792.24502714517,45059.96448443426,45406.34994073151,45446.50793955686,45339.12477969649,45308.18204290824,45538.88702850071,45746.858930640105,45809.19732390346,45945.73575324592,46396.53817281773,46424.28668985572,46312.25221885058,46137.03145982574,46339.952585203195,46719.10833853413,47005.217074759166,47408.733330613235,47663.081852268355,48067.55799512989,48113.82854810015,48253.685792033444,48381.76047548028,49036.2222772994,49414.46593806826,49905.005040208525,50053.78113822687,50396.166432126956,50939.081485550756,51187.91677277778,51720.9818574064,52053.92541851927,52626.01169863983,52887.28454739057,53312.43269427843,53684.65208491375,54213.504856951855,54520.3887020585,54935.917301234585,55359.55071197237,55565.33235182261,56035.88785339583,55930.26037900653,55995.94100146423,55804.71550590298,56104.22168160064,56241.743306906916,56164.07123113336,56522.55655622288,56920.52386592197,57399.692356551146,57429.957072615245,57669.374986622715,57627.944455078396,57913.24668081353,58011.89503603791,58701.29997714942,58987.27662859936,59209.257480322514,59255.96220853813,59484.0401575601,59612.68598968605,59835.07323145026,59901.21658134517,60131.57819162832,60272.3768150519,60701.4450855283,61098.94994961103,61110.98967828434,61251.15303332611,61481.66060384426,61948.22919691478,62024.61761354037,62203.165766718084,62257.87507689527,62654.818191964274,62856.235695581396,63218.26227110287,63296.27705627706
394753,65,"Knoxville, TN",msa,TN,34123.60783061419,34295.10436287924,34490.64342568588,34819.70751656816,34777.87750108785,34868.48911277168,34814.20537063375,34798.526003104555,34748.19873575941,34632.41708249068,34941.28711809247,35304.67015949605,35765.150596317144,35674.30951980237,35462.74787419486,35537.912628252176,35911.66913275386,36048.2588643696,35945.93830442806,36079.32457871102,36251.75129388957,36557.90686447581,36488.903804809815,36560.453933113015,36692.03674931979,37122.30586703204,37400.21177062698,37498.39135696609,37485.407787141834,37770.14307323326,38045.312031393856,38045.50251628781,38461.228808081454,38674.29535785233,38977.87210460561,38747.14893344846,38775.02471973068,38862.8399948783,38852.32119626375,38941.399943723125,39139.76479293235,39488.48844536953,39873.355617410045,40144.349297226756,40258.538006316645,40348.11491966006,40632.91694886716,40899.3319565901,41070.5574613441,41120.144068081296,41449.007849221554,41738.51223646838,41951.72743574305,41950.40216130294,41994.67993190996,42234.72010401661,42393.59230222663,42662.212150911924,42815.63342819138,43236.378315307265,43597.34085909951,43986.42464106614,43794.22911206006,43715.020971199476,43621.90920137986,43869.81012313568,43880.023705552514,44164.55363107052,44685.02370701881,45564.87879391278,46394.90012327027,46691.37899270941,46982.700280472454,47343.5469684653,47853.71741965511,48451.520369746235,49315.83908182455,50445.570838134656,51803.64782662072,52933.11769491086,54101.795970129046,54766.46846297715,55091.26988486181,55664.78701863481,56359.690411590884,57492.976913825434,58291.453167500804,59501.32313770249,60313.85312695339,61123.41516712533,61783.861614348534,62184.462764988304,62094.26550571801,62168.339453972076,62682.12487216369,63251.33415506998,63640.88074926694,63849.018686259114,64521.77476970482,64728.7248229143,65155.874121108005,65486.383396973724,65859.98314680457,66177.6552371068,66555.67992054077,66887.8946848536,67285.74834462594,67580.74785498793,67851.70381008879,68000.266270497,67825.06965208652,67966.976127805,68100.44523230403,68027.25554886764,68118.6169596063,68268.28353470226,68714.45295595862,69158.90199785978,69519.51957973848,69685.92173294931,69879.82861059702,70102.29826263875,70357.18204037762,70463.43146603768,70503.64176629584,70705.7409190888,70735.51980286394,70762.2587246606,70579.95029690271,70351.45291090157,70017.34966265531
394367,66,"Baton Rouge, LA",msa,LA,40372.97180875617,40363.56512609796,40583.821239346675,40993.466545909956,41111.24336147017,41253.348179398155,41300.0326870384,41545.776656900955,41485.396515629305,41253.670288603964,41074.673908712386,41169.52367500087,41299.123676775394,41659.49001595454,41901.691502551366,42167.184514628236,42208.37345919603,42424.2706483825,42264.412329704995,42217.32679830011,42583.55619787538,43252.959966074486,44026.037697993,44288.29063408574,44399.96421848641,43983.0090119423,43842.992424665914,43586.19396778325,43700.66438281566,43450.281580102856,43514.172898339515,43578.04404488698,43692.88786876101,43733.70244363919,43456.38528121685,43586.85377650325,43561.18574461335,43789.88097273615,43607.26670453709,43728.92465573546,43651.70084341165,43800.4899014074,43736.20110260895,43748.9800319501,43612.61597954766,43521.284637695404,43548.226656099825,43463.10144264446,43442.19786927802,43518.107452413606,43732.50212035922,43753.69426822442,43784.12351850775,43767.12630058578,43824.05909351066,43789.45114908593,43761.638406408914,43670.38364044248,43611.62707618798,43528.20015008873,43489.13761543102,43336.75003085585,43716.1574251794,43747.59763286895,43851.68099849491,43816.85259494423,43950.53445353892,44122.36816879569,44363.12481855098,44479.03808685163,44660.86505672247,44763.11228455983,45031.079176038584,45080.76652212192,45273.66790865846,45647.682904480185,45974.46898167711,46411.76476186472,46696.7050400373,47248.914231749055,47955.95751647487,48608.98136395341,49049.14238046604,49443.3372256494,49710.84707988545,50169.72648438628,50333.22081060865,50475.131245020624,50602.748015118304,50866.6257179712,51168.65625276153,51259.49416399975,50950.85652579058,50549.12526395302,50260.04656201285,50181.86993395476,50308.75721288938,50495.80010724748,50833.05244956801,51020.89932391047,51274.264078007465,51354.15273551769,51252.72522781653,51064.66860910821,51063.91377363281,51340.690806420556,51602.712545284085,51681.50124804384,51973.029587138495,51891.621608334346,51836.02835574773,51679.81473880041,51925.590263081634,52138.3471904446,52401.59319704118,52600.51491727969,52734.27031313326,52961.260182306636,53096.22332028104,53283.99613801426,53213.244972745444,53355.85349137359,53451.32479732872,53687.511809078766,53574.73972557793,53529.60876961111,53515.968897686595,53611.86705438554,53722.95598274402,53628.07664246678,53576.229696993774
394843,67,"McAllen, TX",msa,TX,32065.02697704456,32459.27055325951,32624.971864240095,32581.844528572183,32554.312379621995,32475.887708720264,32462.84293375468,32474.781490241126,32502.856126148195,32401.71827323711,32684.02694532602,32986.08292278215,32980.35757040718,32729.276035125175,32371.968318514653,32745.55805842705,32781.25624916911,32927.81942337216,32855.96873364687,32985.23279463488,32885.29140157838,32941.37424378427,32895.30364391501,32868.59089152243,33002.82592257319,33149.13256730003,33298.95673504712,33007.42541298089,32979.62807678042,33047.48145614648,33185.118100943015,33283.33703216619,33463.41825873905,33502.085092757516,33519.46992900315,33383.3598968987,33519.784791306156,33567.08390131043,33724.771335900165,33880.562214915786,33777.13867234026,33760.58955716605,33672.3426814961,33815.15075353613,33859.88364937678,33886.241424138745,33983.78455306653,34106.904049930876,34207.806492601594,34266.5443958055,34279.72633716755,34362.11349397397,34580.28972642112,34665.448029821215,34811.71999752593,34755.96220435134,34781.2193561455,34859.33045532315,34900.644993252055,34990.89830963526,34938.51587610489,34964.53043896944,35329.83672082418,35433.270503881715,35417.89523486997,35278.98042563462,35478.686701633174,35717.52452987928,35898.530447105324,36026.28023955086,36146.84013922488,36464.54128542517,36727.164324468155,37088.46810473158,37235.49368017327,37457.88727686584,37794.09076245603,38129.432689214365,38544.70793265786,38752.81956592119,39411.69448115748,39603.763234648424,40108.53298354584,40240.88441795756,40545.00535786144,40780.58724536262,40844.49067479219,41217.69792988531,41588.76790331415,41915.1674828013,42084.09015353416,42214.833355921415,42258.47936366142,42381.66387721594,42481.103010434636,42527.986838081684,42727.38950158859,42892.54120222826,43274.614051055396,43443.50075011243,43412.22038219791,43606.84187028191,43548.61005844484,43754.6151482451,43802.23683187885,44021.66553785557,44006.25277429759,44180.843373665375,44124.786539629546,44227.24246464344,44119.099721078164,44324.884520509324,44320.22937113739,44215.428184837365,44291.10762031438,44367.72969560816,44410.59740967739,44387.36930125524,44474.5660636639,44512.14509039388,44604.28300974231,44595.583997104695,44675.731147184946,44546.64532370321,44661.07326138193,44745.192695444144,44837.88235426105,44810.94576262101,44883.08252375927,44912.85259659641,44960.84611479107
394908,68,"New Haven, CT",msa,CT,43440.032568034105,43306.04521248413,43483.13902530374,43528.7442862892,43555.73243486318,43399.51067558751,43674.12668180215,43959.09167835483,44037.95343595126,43954.51680225301,43872.139495325966,43986.440414938654,44227.87637934007,44443.078857531385,44617.76543200125,44640.189712532825,44922.41148534835,45009.566856886035,44979.82020062858,44785.21936522998,44898.23138385371,44999.432412559065,45178.91284717461,45229.83507658025,45457.52609581119,45581.62026585634,45555.74745300159,45717.662828032975,45814.12184893291,46056.239688961534,46157.56375887395,46347.49045806707,46318.867929237735,46312.07079121187,46348.949929310256,46576.84890107462,46630.47946570888,46666.555988980974,46971.774756425526,47172.98617959578,47297.568271859804,47361.33755243112,47581.39259522766,47772.57788113145,47948.38052671824,48019.87490857852,48064.811567680044,48275.26036491427,48530.49413819873,48770.618207615276,48821.40271799452,48897.23103849928,49011.444546267,49146.964105203435,49240.45257268538,49342.91788517928,49501.77668312585,49730.54942807368,49936.67200205315,49932.37399728461,49932.359116277534,49968.46042868124,50724.04289019368,51008.6525954935,51042.680221998904,51119.28128636081,51140.384438527966,51463.32341058123,51787.363022305064,52449.141253751695,52726.11742290871,52917.40230968986,53230.04528643529,53690.13960644448,54087.51896875884,54288.49485966426,54941.46925849843,55718.708950515895,56854.08466431103,57402.13648032271,58181.90180710187,58358.64738917585,58975.1533236925,59674.40958884175,60160.44191820301,60529.525439912264,60961.39842248929,61983.663255306994,62714.04655153412,62958.97843929446,63091.874699463544,63375.29372611253,63854.74429651068,64230.65919113193,64641.34421019296,64833.11196141161,65476.310599809396,65708.84861391013,66055.80034078256,66163.10567573729,66542.29343471551,67344.13817338426,67950.44035692516,68670.73734272047,68750.88014097558,69207.14538168398,69774.38338836131,70206.27448197988,70624.40171752595,70766.31381013423,71329.11324712417,71806.60442973662,72193.38867584249,72678.53301760151,73053.1191676536,73563.06926892191,73751.4096990253,74067.96037182029,74087.41195624278,74479.02757751769,74668.67430186764,75301.58519930855,75513.33536015364,75774.20116117831,76002.3925213818,76024.96145770242,76242.92376122855,76272.32623877519,76820.37792224501,77106.40044989745,77528.73604854164
394561,69,"El Paso, TX",msa,TX,38034.61945935396,38087.0923667783,37970.9869144788,37917.08089298339,37923.22366576924,38004.715616495654,38084.77434967988,38111.21565267228,38236.70368209772,38174.420843382155,38155.33501638712,38059.33727478466,38107.547718982525,38086.664588329135,38144.77114586542,38192.998866456626,38189.18120927804,38128.81043834486,38076.10758740312,38110.172975539455,38047.69417645311,38050.619663344834,38045.14699462269,38149.269214268985,38136.606011968055,38247.211429179726,38366.01175230827,38452.79095417207,38451.05593670838,38452.03685344336,38469.35918478477,38506.101455467644,38550.56295595706,38679.988422557566,38766.44493392667,38781.03444229998,38804.50109264638,38867.255468798285,38946.124146723145,39026.531757151126,39136.24754055988,39234.137052847975,39335.311509054205,39411.48649964437,39504.623919865815,39661.24171362886,39764.87449240705,39868.49837808678,39935.67297440548,39972.93023767224,40020.36725231354,40091.6716223536,40201.34699166276,40337.162871215565,40470.79768802355,40606.60722339794,40751.939103093355,40807.67990648636,40936.88026614512,41092.26126233352,41303.311651650365,41507.88806001448,41874.032215775136,42097.39911044459,42267.76880734788,42433.68347296205,42820.79953903866,43217.25628335177,43492.36765886616,43665.44312230281,43877.23223967688,44212.16679487787,44376.764540892946,44470.84937086233,44716.23772083391,45281.71213728821,45904.98689398441,46188.922697157155,46565.81857292348,46991.80275903249,47733.64579851808,48353.62040106072,48893.36862950512,49449.347588135664,50004.40988431715,50913.01977299319,51377.60685640004,51686.303381589474,52029.35652144018,52953.02154459174,53631.05263117084,53958.68469159576,54055.26682425048,54279.24355129235,54676.85483995708,54850.344153711536,55215.53544305645,55332.81058512875,55769.50441943092,56023.76647298273,56180.29840755325,56180.325196407095,56173.81215321167,56487.29261007987,56631.39614452275,57071.466080926584,57141.459963468325,57222.34319172339,57157.662346207195,57468.93371434857,57699.381959430866,57907.16171624279,58031.49293897618,58206.27350675374,58193.277268250495,58296.641238923214,58331.22195682121,58442.37562891792,58733.77210412038,58981.56612769817,59237.40157323602,59232.57846727201,59209.37577943115,59301.56433527441,59480.55187497167,59568.72391287895,59841.49310449471,59924.45759214335,60165.566759796675,60162.55439611974,60152.424037413686
394318,70,"Allentown, PA",msa,PA,41002.685210182346,41032.83378338739,40986.3963759507,41101.17732931792,41162.45225403492,41386.459277351416,41480.6278626789,41686.91326218111,41743.460830741984,41861.67065912284,41818.439690060986,41798.84307922619,41931.99872121187,42131.27624866576,42179.084850356405,42180.72905172403,42238.092294472066,42345.85506647027,42458.748970048364,42550.802057702276,42715.58569709115,42704.25324050611,42950.375425667065,43040.60666142472,43244.98854763889,43390.2364305212,43725.358780748684,43794.42399441048,44000.18230836049,43972.891374209044,44108.57995248345,44097.13558361241,44270.73575726616,44515.267930102564,44804.516600330826,45007.425543703386,45058.28861826287,45123.76557680671,45271.77349538461,45408.836430196,45556.23123123543,45585.763519004206,45781.82569785464,45963.73359393647,46130.40306382473,46213.13811522959,46218.84547586526,46312.96244001698,46353.41985425787,46624.933511584415,46681.3707148578,46891.1378501318,47025.83109812202,47360.60518477831,47496.95183671537,47727.936304004674,47879.04674572493,48110.87343755165,48343.74232285239,48600.78468257212,48962.778666288104,49164.44073023487,49016.67831420388,48978.507326706596,49058.24051915682,49198.52124455645,49418.91910196606,49947.17659795993,50595.513981873766,51417.75815386188,51976.28199246992,52497.76682018082,52627.20561516823,52976.45353680085,53577.333995712026,54333.03388756211,55241.54357883706,56170.104533447644,57257.802490058944,57891.21026825916,58402.33162547337,58856.17703033689,59605.53558083158,60372.83372674943,61091.70633312183,61615.33238470887,61891.32526867191,62284.072077999735,62563.36485879079,62898.75715721502,62819.85073186484,62930.27924621335,62908.1262126452,62989.36540408931,63007.55200227206,63246.10407808633,63695.86679112217,64293.26459724905,64724.875050679395,64876.205161034886,65002.08897768314,65068.27192984379,65332.19509235335,65648.10803399172,65878.29018120897,66149.5040406965,66068.03359875947,66061.40207130104,65993.34911114375,66167.17092384624,66523.94135680204,66855.30776343278,67256.68150858599,67583.62406670256,67875.10364652191,67921.62886810425,68385.6130023799,68511.18134424016,69044.5873354098,69385.66164173001,69680.08267393669,69731.00990606795,69754.9085855008,69897.87582670584,70008.28113527477,70183.16396818217,70355.93188580842,70652.22228413553,70678.87918400846,70907.82744146275,70976.73525182923
394952,71,"Oxnard, CA",msa,CA,68854.78789679501,69071.06392331727,69104.43597051284,69709.77265616857,70488.57415384146,70811.04356971211,70899.44966274992,70906.34639113737,71164.77064081219,71503.19449258871,71771.39727601944,71890.25468966406,72192.18387302458,72401.12843596673,72925.16137613013,73169.66203269955,73253.31084057015,73664.70647701067,74106.0304116502,74615.5563682872,74767.40065076685,75123.33114335724,75342.7384172473,75302.79295441117,75346.72537665798,75655.34791378715,76573.26540378896,77027.53249468411,77585.16112548164,77433.83570727702,77884.23571949183,78159.89324914533,78900.69060581761,78989.75313434993,79045.55420135343,79677.51472902,80267.33065940176,81054.22456020596,80789.78354475218,80931.14578779295,80975.61224169518,81421.13889014548,81740.18994801563,82001.11012288112,82150.1344811326,82477.20307122535,82938.2573347717,83422.10786604568,83441.79835266453,83239.23190748639,83554.7698770072,83825.43663323636,84138.7299817067,84428.97151277844,84500.29010248244,84677.36722895103,84759.5855369325,84965.72999667177,85098.85155740584,84973.02841060168,85185.2429931882,85402.36431777955,86270.50527673031,86086.89035501615,85825.02579045565,85977.70509790102,86134.40727461995,86719.7358400613,87639.16926523494,88704.38648581355,89424.47051006697,89960.26420936803,90554.40075237103,90929.40567902118,91786.8420794373,92960.90196578835,94561.10324864218,95869.48696759333,97131.71134238064,98284.31996852631,99560.43553835769,100214.11849840853,101286.1215899031,102415.31720581569,103269.0581723227,104514.77092901096,104669.6503938064,105489.77773568292,105747.52234414125,106163.38454852736,106525.91863210559,106552.065624129,106697.35105487137,107065.39716575455,107384.61730913386,107528.32407358302,107359.45479976006,107006.312843873,107515.5127011201,107967.74236188697,108445.5821182479,108489.96298375168,108957.18095397405,109481.06750780962,110019.48007387148,110265.23539079943,110657.81322018206,110914.28118299863,111207.57186784182,111489.29585706191,111762.47002219707,112085.68902620091,112463.02217350017,112914.933092621,113310.51052975074,113893.70398593825,114246.31712344791,114564.69368311012,115155.58504874472,115647.41805621465,116279.18659037957,116891.7704771208,117245.1236813424,117392.67578661467,117546.64104747851,117797.69171297706,117852.06457940649,117764.86908298894,117779.70795334989,117886.93475780179,117650.09587923298
394486,72,"Columbia, SC",msa,SC,34875.362100465,34897.1763305424,35195.01221013159,35348.51142200558,35397.354399993405,35431.711144226145,35596.93732675128,35751.36625503058,35862.40566662409,35919.1751431388,36034.422464145755,36228.529453992865,36336.30454045827,36370.58502109739,36271.2105112045,36292.34124061375,36409.81555121527,36514.35380208491,36540.23584922637,36566.340971011094,36675.99717064122,36788.73664577727,36950.87515344517,37015.93534293267,37020.370049503734,37179.73410404742,37333.579146095595,37422.33565598503,37471.59055119263,37626.625390496156,37914.734383320996,38093.66377241236,38144.62420528203,38260.21386536607,38189.64421197044,38352.33906136657,38439.690835356545,38670.96754254697,38834.7955393406,38973.71199720215,39104.74393950497,39205.68261973918,39231.21494216402,39444.8290452069,39662.66740351107,39939.44434009778,40044.38014747557,40267.811402434985,40329.62002904117,40442.40305052237,40569.83463362072,40727.95266387216,40894.82903489939,41036.11267102357,41181.82727446336,41235.19580048111,41332.62827270551,41350.139659681874,41580.72835605919,41615.941527808485,41828.67942241453,41894.12050498029,42324.69896533187,42304.30758801773,42357.98094427175,42487.27249086423,42717.13182955939,42850.27964692641,43141.51579049037,43519.73269540048,43700.714554974686,43887.809656155645,44194.9863615568,44661.76075388283,45122.05554009491,45569.757819986065,46085.03685177024,46780.75070701268,47374.45734842089,48178.27946500718,48686.09042884493,49385.30155640324,49936.43054052106,50389.12374026105,50670.47265747669,50801.24108324669,51215.718400696554,51671.48571973352,52312.60797126404,52663.27285616893,53060.04565897278,53176.442915849766,53445.48810072841,53534.168814963006,53850.78758143973,54179.92890987891,54332.09062075965,54736.85737958945,54979.68400952901,55388.17416493713,55543.93386053274,55771.73488551065,56117.70999126982,56445.093091249306,56849.69459933942,57028.9194508731,57096.52930985552,57208.7606445168,57352.78151273365,57479.25888600037,57495.74494624775,57719.25476369269,57965.01170243565,58303.247719403254,58564.36311704375,58932.70263154427,59074.83901932654,59306.832506424,59598.86284369931,59937.041272408496,60357.499008747596,60672.68363104469,61081.48575310239,61218.523216513895,61415.702924850135,61554.55912383722,61682.09873376195,61782.54179519754,61990.76657118348,62265.603421296015,62488.31226226851
753906,73,"North Port, FL",msa,FL,47754.80957738221,48074.808509404575,47995.50629826909,48023.40438204059,48510.59936835065,48851.62937785286,49167.06876384882,49198.62531032526,49484.20063624469,49836.03918475574,49954.76250655933,49808.34813502504,49873.0206680468,50290.50155537762,50719.85826633525,50666.19754668859,50418.71340575895,50559.1038385616,50816.25672070557,51008.90591783481,50869.97327461073,50800.192831601475,51069.44825200957,51533.00931812459,51707.54415486237,51744.84880150043,52180.33021101299,52904.78055816182,53120.17469392342,53070.63301946231,52777.86416568763,52876.648760851145,53203.687426582015,53710.61433566447,53752.73198153612,53877.26165240989,53919.56778025666,54299.29137518283,54138.848857703066,54025.6740790546,54186.947189517465,54424.91839218443,54796.263033523624,54922.41986764515,55145.83865841037,55187.10300516002,55311.52156090056,55387.39465910723,55662.5486414639,55792.37869511749,56028.12232062108,56187.91913393275,56413.60565394879,56633.60814963858,56839.25129141346,57064.17286917923,57161.37492774815,57295.47091807255,57531.363890911125,57732.379873019556,57877.6156990899,57988.56735376932,58283.646397580065,58204.63776050821,58138.749446240356,58083.48767709945,58241.72393559248,58279.9865580215,58751.46582225544,59463.737193460016,60345.19413989646,61277.081425518874,61251.34297208264,61836.96354946449,62617.11579442937,64079.80770638307,65793.13846048014,67845.5426573954,70382.5216144797,72999.24773799855,75062.48440887326,76595.00643365431,77626.93702894567,78548.29680464229,80028.62075570064,81021.65549215046,81932.11719866571,82963.07045083673,83657.91987087578,84387.77932619303,84117.30631936596,83563.7647134831,83493.78961568026,83594.0684617508,84523.63130461822,84816.1779477917,85588.77022881697,85925.57048283449,86532.90592216697,86499.43203952548,86376.28136698861,85887.61321595397,85692.76751291165,85562.79731033853,85538.96529006585,85444.65287375459,85133.58374566586,85098.26622082327,84933.16442053128,85073.21096106156,84935.86946656807,85004.902702836,85263.75974318689,85604.94252623022,85511.26660646862,85892.33908947767,85840.84121051485,86250.79668591384,86030.19346207807,86063.68824593817,85839.66494377717,85625.63902766195,85462.96414653938,85352.00177065984,85153.00398096332,84997.05372078196,85159.26392693484,84938.69630387504,84870.71888287312,84430.14753605687,84369.6979994828
845158,74,"Dayton, OH",msa,OH,29158.903889553254,29165.164187555627,29071.93490831296,29076.35013966877,29222.015977745785,29380.00129171238,29421.767043003143,29456.37755253945,29446.317179985617,29564.39930560379,29717.951755944283,29946.764816229486,30035.48835009562,30149.248289272564,30350.239492113484,30412.96528667616,30460.691473790128,30419.566347751777,30546.613589319557,30550.36063118674,30562.82316776969,30520.494466802473,30543.641499754518,30557.02613116811,30730.803888885894,30953.992705925208,31100.574404134273,31153.350344629158,31277.520203176926,31448.885324605653,31714.64813433236,31769.967053931603,31931.153486509607,31953.80590922363,32018.653568310645,32108.24815363505,32137.203958612736,32287.998045666864,32399.350463548486,32670.878127767442,32764.36583855079,32949.329697709596,32873.57294261033,33018.1779642757,33144.82113034099,33370.91896439658,33483.60726995389,33647.55648357862,33832.73298635726,33879.78401830664,33973.132455617706,34020.52048744172,34179.324131708665,34267.94435330735,34487.93694412322,34673.13377386959,34823.70379896964,34978.14909861135,35190.80483410754,35357.96162691748,35516.799592161384,35718.29243729028,36011.933478994775,36183.531556413865,36337.40825499646,36488.183707745186,36658.214671301444,36746.58043578447,36760.234559474404,36952.90505175111,37131.594727144125,37551.30449072268,37767.96088783248,38020.83210594937,38285.05501736071,38686.19288679517,38980.57495239447,39383.08480890182,39676.59616335812,40138.93595500987,40744.05306832336,41216.81593975629,41643.104896271274,41815.18548319635,42050.56578211085,42447.69125541825,42722.14922579935,43077.9172455134,43355.54631580066,43742.932192338005,44172.6070406223,44332.9870575019,44518.249363393494,44601.37803718873,44848.92220168605,45045.40804770891,45321.433475274054,45462.78525425975,45544.5776511696,45728.588732120515,46098.615663233235,46368.52690558898,46541.296294379245,46827.80855981566,47051.86572784227,47410.764448638576,47587.38330948176,47807.12714300885,48062.92346758224,48244.18341521841,48674.059234133056,48769.33464247547,48896.411759038216,48891.90892876126,49099.311465538514,49299.703846091485,49489.18364437289,49694.541791216434,49882.1031706076,50114.09046706906,50257.27088582558,50478.36767861534,50550.746052528906,50798.69672528383,50936.596591605885,51192.26908650445,51316.67656836528,51431.996138667084,51567.82611694906,51639.774864211155,51772.68778362438
394457,75,"Charleston, SC",msa,SC,42713.5325921636,42979.40862521134,43277.516953964965,43130.81845588447,43182.039017562594,43346.955888634126,43713.388875242956,43893.60755286639,44044.81708263137,44305.417697925615,44542.483093444316,44795.488149162324,44856.33788578843,45040.42911336684,45201.790809627295,45442.00895241013,45661.15270428896,45956.55699034712,46165.38449061392,46332.76865843795,46396.36941688344,46442.723707378704,46564.32528698629,46681.51033975471,47054.81292781358,47219.02725854186,47399.88531578055,47604.25284041647,47906.365849924754,48093.44869357148,48173.615831323325,48289.10812610974,48568.160718091785,48735.18996401153,49003.946101827845,49098.202344383586,49166.07914260659,49393.15393311081,49485.40904096946,49691.8782568911,49565.741237535425,49649.63882338419,49786.75138520406,50040.22521282352,50138.64006729773,50253.733018730905,50402.11096885181,50658.24905405048,50762.861505647124,50897.08166090951,51098.26467407598,51194.33195152832,51495.56813101454,51670.82330738854,51867.28509334743,51966.67163526124,52127.22511788566,52328.83373897329,52438.92966748242,52550.71376089982,52746.110817588626,52878.1425962756,53015.17050046906,52663.054066846365,52360.12533923297,52226.93128431779,52384.22954153738,52659.13938797521,52805.91264738013,52977.28021634981,53341.51998491189,53741.73679398562,54447.90123507691,54990.04956844309,55588.55727265914,56138.484936746696,56916.53685378896,57871.9163066503,58912.94889498405,60106.35529718758,61147.406753381394,62044.33074975559,62713.47784153305,63328.82979994339,63684.617207199946,64205.156426988135,64856.59100037786,66058.24518937463,67111.6671129492,68050.21031392146,68673.28538234538,69080.9318292426,69586.7062783713,70040.9282051771,70466.65400465726,70745.59369439824,70909.90419763641,71401.43617878087,72025.31931500514,72577.21582452494,72962.96847201453,73050.12976350152,73350.47744639993,73523.12887762417,73663.03006065056,73761.12615821617,74001.43916102951,74599.88286346571,75131.89763783876,75343.14376326102,75293.89763598292,75090.68257462501,75191.44968804152,75474.60726265285,75780.51458922363,75994.32517845342,76259.29858252051,76480.34179315022,76612.12132800012,76621.43686208568,76750.53663508841,76895.21573271826,77111.0438956777,77332.07401777562,77405.18754019019,77481.8673789023,77478.23741146551,77622.46874942021,77697.73524903585,77814.03258511199,77916.0331914469
394648,76,"Greensboro, NC",msa,NC,30454.828691458384,30508.737963561634,30547.32573757532,30732.51913291697,30820.214768531914,30888.22521741453,30909.725369411677,30852.787134692542,30913.072230136837,30990.220329933352,31240.724926182473,31315.97207650032,31465.302000968368,31500.93983674652,31471.397641701078,31418.566442342326,31506.20470558986,31599.38690444165,31694.076486863065,31804.408310875984,32001.362966872945,32084.301832565896,32133.38098385244,32195.245133767326,32333.216399955214,32436.233476771948,32633.55892895504,32663.34636934074,32780.420481671055,32832.494900137,33047.47188021342,33152.71343683497,33176.30358987401,33252.657344526284,33196.221511237374,33336.2663295268,33312.20777817251,33593.70491817041,33731.90648352263,34033.06698645433,34023.36656140591,34143.153552051386,34243.85390210127,34443.411540031695,34619.52089743204,34723.4255831242,34859.8007694795,34971.802826356994,35208.39152026137,35311.69639998494,35417.089206844714,35484.401286897184,35731.50507164615,35916.147062527794,36041.28358460589,36149.283594317414,36299.62320450722,36508.443418418734,36765.92940870031,36949.574801136565,37105.46269121165,37227.24542308022,37426.940510058645,37440.704666337435,37513.89799183594,37703.591505350654,37858.61538709731,38262.51515021275,38625.35324625552,38969.98172204903,39120.057307835224,39236.65349075502,39325.827618190866,39695.936155721865,40224.225785716335,40852.71013321263,41361.60800972329,41746.22138910523,42347.899689558304,43010.761867495035,43650.63132483261,44334.545721152645,44850.9729759006,45388.84622988691,45927.48859369569,46392.51724906768,46876.24087922264,47240.326863243456,47686.06459607739,48133.796784745195,48631.803171114036,48888.150955230354,49099.82690085147,49173.939555563506,49424.21723564163,49798.38941819968,50037.13484857761,50358.994418043054,50452.56122757804,50669.964249711535,50740.24349437829,51011.45548065788,51112.650056760795,51198.28252211116,51361.55219161401,51472.23970264326,51791.82551862995,51899.47654604031,52287.005384247364,52286.88383886045,52607.071042258016,52758.05769491998,53303.05270357379,53476.10985922843,53569.19540526473,53634.76629598,53744.4321084138,54008.502650059374,54199.68198251725,54357.41695311538,54353.25037159186,54604.087862345456,54697.542090918265,54870.086374643266,54782.82584378035,54876.546796491944,55086.07392153401,55362.232940133545,55561.167469857006,55680.33581401108,55704.66266666153
395134,77,"Stockton, CA",msa,CA,48073.65271341414,48279.77333165537,48597.63817899762,48983.992683840064,49342.02640378705,49557.779187620894,49606.004131677,49913.62422012669,50289.70456847926,50909.70746365234,51452.46829686768,51790.3689924866,52129.859025893675,52604.008743441176,53067.08862864597,53247.812365879035,53455.138783741735,54079.41233736208,54646.573227439636,54806.35791974169,55140.26177294408,55388.69705490127,55989.51653529822,56372.370836987044,56788.2650218577,57045.486114769716,57123.805767277474,57754.559955934266,58198.95142432993,58657.91138926975,58946.53662369521,59742.07448936276,60181.24091880931,60472.35410397703,60236.227686021186,60614.2206766809,61024.167976145945,61678.900819329116,62154.89242632051,62438.10347316062,62703.5131685053,62787.63503201333,62992.18902688231,63240.56511553172,63667.29490762589,63939.08324612521,64506.53578050369,64626.350216223655,64815.97027689069,64704.33540987096,64991.28774879515,65206.538353844844,65542.1473480221,65933.61375205217,66351.68179331381,66566.4074195015,66796.85745815745,67250.47462310531,67680.54823742024,68222.60689999347,68710.841391345,69367.14290960421,69296.01025663372,69327.99579603593,69413.59164846574,69537.60525096516,70107.3777041922,70806.47009682491,71725.20777507724,72818.28809152232,73721.64511673225,74827.83784769409,75447.50445264255,76112.81183133648,76929.21409771487,77905.33178247816,79287.17821419964,80465.6435750918,81563.32336378522,82219.92470059301,82896.82752400213,83016.99351849034,83089.1778368807,83472.64007886137,84122.73018308273,85213.52876732989,85491.05199954237,86315.80556594658,86173.2425225768,86384.80777032142,86025.10826558672,86234.43316310455,86265.63279773404,86543.32259828702,86942.28233370419,87030.13037536503,87112.43366385675,86691.12478996975,86934.92332304224,86762.5635969414,87278.1263109956,87534.99963974004,88110.57254887214,88331.8938782485,88605.99984786168,88769.67880075141,88884.44243812656,88986.4804855212,89297.50748878985,89581.47597435635,90093.64881271117,90177.04491168621,90348.39897852212,90357.99537681487,90650.53888301269,91092.07702238229,91442.00899942144,91624.25842011928,91642.56446769141,92011.88301665627,92167.25424427007,92489.02517548983,92459.52631383638,92844.18429390014,93001.66929001843,93344.1030477242,93428.41599556878,93468.00993283038,93586.41867735109,93849.0507948709,94232.70985951053
394440,78,"Cape Coral, FL",msa,FL,38950.27274220972,39435.34679062226,39676.83552502104,40222.035572191926,40593.99530728896,41106.03876330155,41483.06671936854,41739.89890811036,42198.88012346585,42424.83502545981,43044.86637326523,43155.62138718417,43513.877627332804,43389.26152425822,43627.414477449194,43857.36754369338,44139.77429881177,44288.55896702765,44481.32800153304,44749.129881104636,44890.64381494038,44954.662394895255,44970.79838414056,45182.909214550906,45429.2804182575,45744.70617288581,45989.57639283019,46143.54368554625,46242.821024103105,46319.95846986172,46469.05728561316,46577.28888270845,46760.43629808371,46970.29115663878,47253.31312366877,47450.00740091385,47688.55820244358,48035.713474830896,48241.93483472386,48252.13115698162,48272.55687215849,48354.09866441753,48561.97509160722,48960.52145057187,49064.84976355646,49266.81524606984,49011.34879328369,49179.58085003896,49292.824046490554,49441.64373884016,49518.282162466116,49776.45748650767,50042.55353719034,50288.578259102156,50384.62799713585,50333.3580862539,50486.43528708347,50569.1468740536,50960.34212934483,51039.81457527818,51121.881232701126,51118.85241373943,51697.00911734608,51639.461229646746,51765.93426676602,51941.51716773031,52478.67786201177,52835.16042748759,53210.12557137435,53644.87813062332,53825.062743637594,54224.069530784305,54539.08673083861,55200.88111178145,56165.09585475978,57232.80478463977,58358.172066696854,59747.58444202643,61391.65639880024,63640.251926035686,65473.03875569221,66691.51546188051,68008.25146549728,69321.71763728978,70866.0056361748,71658.90733774437,72118.5571969379,73399.04165228807,74929.24125170636,75932.76297976263,76364.80972423132,76006.92341614618,76365.07600460823,77446.97272189047,78842.51439647138,79938.94555667689,80188.0267104226,80508.06731003874,81207.16412646708,81216.94158129243,80765.92880323055,80226.72436147672,79788.16808702452,79804.03325373268,79517.07159584311,79390.99858680218,78862.23209937735,78680.48042696908,78620.84123119373,78718.08857528404,78323.63518644265,77984.88293956219,77750.06672622514,77841.9734718565,77718.60270076929,77891.58539718638,77916.59098088687,77860.6795687182,77580.36709574114,77128.84657143622,76872.03569010925,76554.84239566044,76427.75304600886,76334.40733908907,76256.90004413495,76010.72392270392,75918.77102344249,75477.21518022653,75101.17910200865,74549.12069642374,74231.93664553281
394399,79,"Boise City, ID",msa,ID,34692.405391132525,34769.50644457392,34860.54388958847,34849.13233554747,35155.17427729693,35228.040122876955,35484.41598660328,35578.59007998203,35839.8752707881,35957.54698041001,36154.01749921922,36415.28762828236,36672.50296395559,36994.212217816836,37081.58420283024,37316.359748260016,37349.002523775656,37660.71141119649,37850.280829547875,38139.72785877306,38279.8180018319,38582.58905092653,38662.85783260243,38901.19237408794,38996.31902193819,39237.51803999377,39627.091037682665,40023.66390085775,40402.930766962716,40514.98923807308,40760.742073036985,41065.99788407409,41400.249312145206,41629.21735625785,41917.65794144168,42083.06778216587,42425.18615156309,42755.191537626626,42965.71042601313,43195.10036855656,43384.66512411173,43897.36146456338,44276.04557548895,44608.48770779173,44904.95205440434,45102.03667437789,45488.09675030074,45789.983943299,46096.75132444608,46325.50938071541,46622.45602131543,46872.70842639525,47205.308435404215,47364.572599296356,47586.87296042979,47797.725163926036,48052.701961430525,48409.54818295944,48631.13219565632,48945.518837512805,49192.615111084044,49468.75521120146,49711.406618501474,49527.00536387759,49437.343066276066,49374.57551028497,49915.95544851316,50597.573039974304,51455.88405457749,52423.78937481942,53355.92528199144,54604.54026368231,55423.724755145464,56350.657026211535,57213.34132702488,58513.02264601565,59975.811940627565,61352.302914323,62357.72611226382,63129.7447410267,63568.82890813943,63907.61074955666,64408.344069284576,64477.54654067153,64811.08681989138,64993.8396017162,65371.12985216597,65920.13584911865,66293.48332872332,66711.25689767416,66904.32220525616,67072.51998622133,67200.9144142288,66936.28392889649,66850.3056045626,66605.37692061368,66784.76488113911,66833.32920382234,67155.15441008529,67120.03019877702,66843.23215019776,66461.40949540724,66220.85691325061,66161.22851689521,66210.94048619237,66538.9718695406,66484.12561602729,66865.17695082478,66917.51421010059,67456.54087014844,67556.99461748649,67676.86979402129,67771.53632155043,67839.30294584199,67988.49330743057,68147.06489303333,68441.07200667408,68638.70289933441,68904.74451029883,69044.48253520226,69192.68530645214,69052.3385957119,69084.33513674964,69225.37621574057,69534.88727649672,69913.33090845669,70221.39232345777,70445.43489931124,70527.06103170667,70625.7312268413,70824.79581409195
394484,80,"Colorado Springs, CO",msa,CO,39231.74110526459,39457.43353984467,39480.133560427734,39546.6443864761,39693.957688491006,39873.06913182281,40169.46218044113,40342.79894763869,40532.19148634796,40717.810443407296,40999.533193848765,41163.72471622223,41283.47754505565,41377.68248670596,41577.20139126139,41992.49223896489,42242.76697369791,42640.48391229079,42712.03929931487,43022.427615908775,43211.88592634113,43559.719486484864,43710.06959439451,43853.362368815,43986.1728030348,44357.873069811925,44780.83925813639,45156.61764924705,45359.31783950298,45592.57587861512,45843.7679809737,46162.76020674577,46456.74857031277,46613.841633899174,46811.40264898178,47063.33889339725,47494.42421417418,47662.358168963416,47831.85750292878,47995.77294725956,48298.94029292125,48383.53791981284,48608.901886890686,48726.87481321114,48887.50268725291,48922.061804920035,49283.7718904628,49539.19701781524,49860.90089974006,50074.18523809338,50266.056706650255,50436.06087120586,50621.75529631275,50927.48539939745,51183.75569044924,51438.100017417004,51696.363354615925,52086.196430225486,52232.40969392059,52438.54713118395,52500.52740190417,52731.14873195473,53220.54526865439,53211.161925619126,53152.10930187673,53208.20390346611,53484.93247629969,53949.90141819884,54445.75048510502,54968.69815509815,55554.569060575086,55986.53611894103,56308.12168550405,56733.516566716426,57303.40766664358,58127.30645875233,58964.93590327365,59928.97225224384,60903.69048763872,61790.41095786773,62366.924974786794,62658.202310271074,63092.47553919287,63534.02316681826,63990.877543303905,64219.8106661715,64566.923135298086,65033.39842853083,65581.26587370719,66029.63003366352,66325.28563393647,66363.8618874231,66311.3157712312,66339.39406427092,66352.14219879237,66551.9277183514,66824.56615801161,67188.49785024574,67475.51002580163,67539.15184042978,67510.89984870385,67293.8955610413,67145.80436891445,67098.38628177992,67413.67304831724,67719.49581746483,67963.77853319509,67979.46383822308,68164.08423592939,68314.24074730718,68448.48136797734,68387.185740379,68516.36847787754,68606.8103900703,68883.57316925845,68920.56625525407,68996.43253828947,69123.50903092288,69186.92533616709,69287.53107614808,69195.84408365651,69103.5071573545,69004.24602732046,69099.69991798993,69049.32455000893,69103.82412584388,68984.45402731317,69017.76778130722,68840.93696813301,68589.11705101021,68382.92717311464
394798,81,"Little Rock, AR",msa,AR,31715.855915207394,31850.521327631937,31922.95816648394,31956.347738979483,32083.72577349346,32165.229664989307,32227.189640489003,32210.314620164318,32226.103749149494,32354.16902464951,32443.98120563449,32465.81394283067,32389.15829938438,32467.21020442298,32416.343563603474,32553.12922734183,32455.568112870875,32480.805633899425,32442.904427173904,32542.519511026992,32667.49343590794,32776.69651834184,32858.51119467402,33022.96810963637,33079.07316800821,33073.32378876925,33033.37294234138,33083.679422193396,33119.691008001675,33190.47388644724,33205.39822997357,33327.32065987867,33317.99024265454,33296.433222462154,33397.442547566534,33304.953306464486,33448.10499461321,33408.2397209306,33581.266566733335,33650.42182824279,33654.26880196397,33627.52145483525,33613.96799637841,33722.4761826441,33941.84533218724,34104.1296507039,34155.745607731005,34202.79796686412,34272.70312528158,34375.468840607675,34427.9421327801,34477.95506732538,34630.43539004909,34765.94996792826,34931.99217892621,34924.779753401745,34890.51947892108,34906.04188963514,34955.2555085608,35088.70340094791,35114.47424417401,35210.79763499556,35378.387935041836,35543.32328490723,35598.680922159714,35858.61563407427,36174.48884494123,36529.799384412145,36869.347739443256,37089.96323486054,37338.657554832476,37575.6126533341,37805.92353449387,38091.20506865703,38486.62923435756,39000.3251811528,39370.46202491128,39655.63782685097,39824.729350668575,40350.78311133537,40779.34682790247,41170.83518434309,41369.16037476373,41601.77352781091,42015.73274942907,42283.415876481915,42391.571514993295,42426.996333547235,42650.561497032264,42905.749763321204,43317.60590061977,43333.9546846232,43477.3575688735,43441.48150110495,43658.74048774682,43690.03531122085,43695.660229936344,43786.165364577886,44021.110076409095,44292.70084938293,44496.62364557319,44686.04415853355,44814.14765197662,44822.738010403715,44943.54438062357,45148.004469908155,45453.953140068494,45676.57358731787,45924.19912149833,46054.47796710588,46176.63317268565,46221.479830254815,46482.79850224778,46749.37365635514,46892.95538801816,47048.48247961733,47133.144540716115,47229.8987040995,47222.646951540446,47357.64507000598,47438.070453057284,47589.24713665266,47696.281143454165,47850.70855213225,47828.20528994165,47800.036701275334,47861.11579728279,48037.68358428375,48182.6795297796,48306.998834692,48406.9458427981
394766,82,"Lakeland, FL",msa,FL,39373.576826535966,39421.001932138155,39764.8486454871,40102.11430999652,40400.81707551274,40529.54802105358,40666.32774713877,40737.488662632764,40875.32465886855,41101.024103028314,41352.03183456115,41346.64384041537,41603.09964639184,41672.65629661803,41847.66081894371,41891.92992081463,41994.55970775933,42225.26774467465,42330.29473025946,42615.53926310894,42970.66333812214,43056.59843583565,43094.11881282382,43167.37555986347,43407.9642617733,43699.97395292302,43902.79840077934,44072.24212744098,44365.40532099003,44580.83272622103,44719.09875617952,44727.28173678736,44850.29417424414,45119.0021749767,45464.90021072622,45704.91233680623,45826.57622817902,46016.703402135565,46322.19201189795,46708.06081556685,47020.20484343424,47250.56360599064,47554.46499919365,47746.10331264182,47948.150085526206,48100.535043946016,48369.151441883405,48718.93169919993,48974.95470875,49176.98802675655,49319.9825607661,49454.13871183092,49576.5447513161,49784.79488142137,50005.2968132108,50344.93025250523,50598.25708646365,50871.056503631495,51019.838101276786,51157.63276900026,51387.343652320815,51620.08302307013,51927.79759258963,52568.41067040472,52589.46032386832,52446.57067227991,52103.792027279625,52497.5111245393,53306.02559496307,53755.39561034267,54286.52809498942,54631.864532063715,55139.699550772035,55377.35888316159,55912.509124758704,56469.427471630945,57501.01036047676,58837.36640141193,60341.41908083378,61618.632338115036,62743.201055169884,63821.71052097746,64783.32625720901,65459.47059253511,66064.54444385169,66697.05794578951,67478.71974995398,68122.22283697831,68860.7041890842,69391.72555678761,69858.39823922624,69877.293949409,69741.8811025527,69850.11119367067,70094.22746538882,70368.36727674778,70485.2786802531,70691.90455763658,70951.92370683583,70972.36700322056,70957.72599471247,71112.59853199603,71136.45360452644,71326.02682338815,71211.16776294047,71277.72177944257,71238.7929270832,71370.55985564353,71437.50957310609,71724.26082222222,71809.18994070614,72005.97463470504,71980.13745365544,71866.62335949649,71809.61741621792,71940.0946287254,72056.40135844205,72057.05418266545,72179.19354755455,72183.03972793581,72306.6919811929,72212.1863646613,72193.94954672757,72229.8373566729,72409.52059445909,72605.68023805058,72827.31577684985,72926.58224973695,73217.90230798603,73464.78970392632,73652.73839002963
394304,83,"Akron, OH",msa,OH,28814.28013879975,28998.584735596683,29036.945962490445,29070.57071800169,29137.943155160356,29228.581016494525,29354.11403900104,29365.80164448818,29405.884388708597,29475.83222952942,29457.323324801837,29635.9296417195,29813.93723856128,29802.41662899664,29634.157800743185,29559.86228321424,29637.00905952878,29871.063693643962,29928.53675330004,30020.506460363064,30082.955181024863,30183.920146865035,30268.39877278343,30197.492574247997,30188.863801786527,30334.823648530208,30570.94295582539,30793.608509354406,30898.610480813986,30904.83911258735,30968.75532535641,30964.277216448514,31000.83884453138,30988.1629777801,30999.090057229783,31118.953386771023,31248.90677785712,31294.40215664678,31311.27931616558,31359.672415036584,31348.268534833565,31424.24184283808,31418.467288966836,31502.045291128023,31614.446266070318,31701.08949932868,31890.250565728362,31986.02082847659,32077.628893891502,32220.4267091887,32330.854716778184,32405.887079671553,32553.762025255226,32649.929920661452,32815.17999250192,32938.87345765883,33023.38609353706,33141.986885568345,33173.8898597091,33250.95780299432,33312.301928617926,33346.93817546858,33616.98038569109,33819.833818601925,34131.42705270445,34198.62707554524,34355.175966577095,34409.12950549365,34619.3963802339,34883.42649371855,35187.673755717966,35563.79550976587,35919.80620476282,36299.39896916975,36379.44831484553,36606.68629435314,37040.549691564825,37524.5941406902,37899.213465005545,38330.47778448686,38657.95845974745,38906.051014993864,39199.92624559983,39441.038787095895,39723.984691013284,40132.726610841324,40660.53322641901,41238.081314913245,41331.85329723521,41775.70985513233,42010.70858157704,42325.034881412976,42558.4515297632,42905.51013021849,43233.97332161479,43627.34407082279,43688.156846222504,43638.07118190368,43709.318643092396,44141.945965482155,44603.4137195349,44778.08180996024,44920.31718058528,45044.76014549193,45204.22572572177,45347.12495975377,45640.56251662439,45886.235453049085,46255.743849566,46482.561429730435,46637.33137765193,46648.03917329971,46878.84904234197,47157.35784853761,47456.381736491305,47605.60845413567,47604.070520799025,47927.05446207884,48212.3905934066,48323.722797532115,48484.95149646015,48770.83476468748,49022.060777515464,49171.47138627186,49223.15396140384,49290.6343193555,49393.95617130895,49587.796321803464,49886.83847996932,49901.42046162264,49855.2733214498
394531,84,"Des Moines, IA",msa,IA,36857.56023208976,36793.49476547789,36806.196987448544,36818.05239233337,37108.08985006058,37249.172650638226,37388.32739151129,37255.826398395555,37228.1174983135,37234.450435037936,37314.1826663169,37507.95503299681,37654.07253694065,37849.58750646736,37667.86129081747,37655.83610945998,37586.65503457832,37540.62278459146,37610.140401141885,37688.906144703535,38007.8233744596,38234.3178158098,38379.00334465381,38226.86413541654,38179.16148751959,38248.82840065815,38575.78932039053,38780.302521918806,38743.621548107636,38776.10415909004,38826.67400089221,38969.04203925965,39086.01037411408,39031.95882428068,39062.85921187205,39012.25533444025,38978.41507441844,39125.507501147134,39266.20080017506,39386.32195078004,39302.49122638927,39586.785815566174,39597.46516740865,39718.32592263125,39374.55151191392,39478.47721031648,39473.62746995847,39834.445236999374,39954.57147977533,39949.76803856825,39882.918461861664,39860.258922950175,40116.40002016698,40061.99717208665,40189.724932683814,40201.237678185,40529.48565133259,40623.694898053305,40779.94531717953,40756.09311170053,40895.784844720794,41025.941798506734,40971.65348795328,40913.52904557458,40838.258095524194,40873.56787349532,40992.06729207387,41219.159003976165,41289.07122234524,41574.54959144963,41712.97765301107,41822.090853751884,41841.84871418038,41987.61618678409,42131.63408350097,42238.477346633335,42356.9761876658,42483.03813590576,42570.42388846864,42735.00440255715,43135.7866934156,43462.61378208872,43698.977722415766,43912.263078566495,44163.53106340631,44437.92739221614,44673.964256832405,44996.88972559213,45339.33586647409,45693.641310721214,46090.130747033654,46305.18045700209,46408.97316112334,46403.56249277984,46590.16453373453,46785.3980532517,46917.802064713935,46941.53891735537,47107.1709996287,47244.927587109225,47383.42494141338,47478.54642950931,47598.95479723151,47756.18792070458,47766.01969929515,47877.11832380508,47967.71184053082,48227.91266998806,48419.4190284968,48615.11442667753,48608.664176247796,48772.216883249326,48877.87654661889,49077.440916741056,49079.383278380104,49091.58787698798,49164.57033038357,49271.79501106889,49298.55538633861,49231.1362117399,49239.35841282888,49284.94319369288,49419.56217975077,49416.310198215426,49448.85732806643,49427.173441814826,49532.59629471497,49644.709699686064,49792.922860882645,49889.97284686071,50019.83319521781
395115,85,"Springfield, MA",msa,MA,,43230.600744306954,42873.62112405796,42640.40154313077,42173.53620383605,43044.55167158121,42941.67146323921,43050.69690808346,43124.10051901347,43605.227371951936,43981.79682024494,44006.48104668987,44005.74398631143,43861.29568648206,44349.66428586216,44489.30167660902,44734.08117156006,44524.803984987906,45108.19693652432,45232.649540567676,45453.76012614522,45557.50834577061,45629.733595000325,45516.633038176835,45030.94043500438,45139.993516866954,45614.64478298194,46132.677138831714,46451.65037094954,46349.94092306637,46273.13588535318,46496.40358065611,46542.331248282164,46783.65361042426,46868.69240950174,47124.70833295271,47446.82180530751,47504.46879606445,47362.483881059576,47268.78771358981,47406.977476407184,47839.1872340235,48388.163140480065,48759.57363531892,49243.68135018546,49354.97057850998,49310.13482586859,49480.42115892535,49651.40172782709,49743.24542830884,49899.93003843154,50084.70938761364,50187.223947858365,50339.0550227338,50261.640631773975,50286.76363897243,50313.11611759068,50552.218048927534,51010.8551800024,51280.43664475077,51613.13623971979,52034.37301063338,52098.44077733905,51943.802596974085,52114.84929019616,52315.52786067793,52916.34573636956,53120.35033655044,53498.56160166152,54160.08319132877,54196.90395520762,54568.611689703604,54546.72207722728,55248.99598620748,55972.28517676322,56438.22668293189,56475.042085011584,56353.56356802975,56748.02335749513,57372.30107931458,57991.019371686816,58005.260292219245,58407.43690472947,58846.9718394272,59569.39444005366,60459.88807890087,60874.463801379075,61784.22724525289,62079.74332488866,63109.87563186236,63367.390100651806,63924.52645622874,63980.963119252534,65066.737775401394,65801.5244213147,66869.1214857222,67256.62817737639,66854.3764221046,66480.20872722109,66834.28448871986,67748.71168970766,68356.88756168568,68405.28314236233,68849.38782876753,69457.1029672498,69528.55049960609,70194.24557820868,70463.47974095402,71034.32023752217,71181.9166208244,71680.17089377905,71907.11601492047,72347.52803639228,72379.42142784395,72718.97089438832,72796.23570251642,73571.24941374484,73931.47508255314,73775.40883642962,73854.03358024856,73985.79554439826,74775.86388220493,75380.72183285981,75700.58143216885,75703.16235695273,76014.93245634774,76526.67305509871,76955.92300303545,76858.77640295107,77154.74553801431,77611.07339898038
394931,87,"Ogden, UT",msa,UT,34819.29415931207,34807.771584817434,34906.432099764876,34907.27681747206,35120.05096048018,35112.653174095685,35312.430861966335,35335.11623359357,35537.777165208274,35779.774937068425,35883.02887284377,35939.339072591116,36014.61427766751,36290.53028372987,36488.36596157714,36560.68059162198,36871.58511237243,37282.26383425385,37694.64565187947,37831.18222721264,37969.27768130699,38082.68389271955,38388.81233980563,38566.81679937526,38965.09560469231,39176.88444189818,39304.73716650773,39393.9207792391,39217.74109222143,39595.986274355026,39863.03684096368,40275.33846066418,40464.45751140126,40465.62968003464,40572.79215125061,40834.35354817694,41120.19764468288,41595.01621108323,41728.42994387125,42212.565028534555,42338.44375766206,42538.43146664232,42491.73791785035,42731.31154395883,43110.3181410969,43455.49945587321,43728.43388073029,43946.56498373799,44178.67697516369,44082.023374329474,44429.19932488628,44555.42249305801,45048.18950777529,45181.47694516454,45568.61557410804,45724.72620347214,45883.846311043235,46177.63917310793,46439.337534300816,46700.76961882781,46896.21053324872,47295.37524904954,47283.704934698275,47217.64331615147,47125.74782588903,47387.274522396794,47800.781566120786,48213.28699948388,48401.499454920115,48892.47249736268,49590.58518522658,49858.211873935885,50290.0651464393,50501.85802333776,51340.213593062785,52174.78656943631,53111.899227799164,54012.20350028348,54929.43654414879,55800.37301382184,57055.7638006373,57644.64434313722,58052.63549303252,58925.16121875025,59687.48009169121,60650.002582836765,60600.73706493447,60911.73761838092,61246.19782279627,61852.27804178683,62075.337113723464,62129.512197719465,61899.95406771598,62227.886408662576,62377.54742611561,62270.30195967434,62227.13977224771,62660.33182047309,63478.74880406681,63844.86024304329,63773.877180173164,63601.750368044595,63550.79607820909,63695.312902214675,63702.966719797456,63829.55086251247,63838.50674427082,64141.611131210535,64162.43194046879,64187.06858975318,63960.000719382406,64031.39009491833,64360.454610388835,64556.023170514505,64703.91100807561,64639.90598441198,64824.503189068884,64891.29355298421,65453.930220949784,65514.47149842804,65756.4622911053,65709.95872191458,65833.7630405333,65856.96956506168,65862.21387444763,65948.2258269664,66067.1174260471,66264.23330211847,66354.98849969212,66361.13467150803,66059.53299226027
394816,88,"Madison, WI",msa,WI,44556.22734858416,45015.22733315314,45295.838403274094,45597.51338865337,45659.60478634875,45655.12515698245,45590.48440591988,45860.68138290637,45952.75145402777,46001.93836981949,46193.972122956395,46326.38194109268,46498.98877497605,46532.513512824225,46572.30291762507,46638.891820240846,46562.93398074612,46475.82075696766,46519.10750818719,46666.70125035877,46682.39476759396,46770.27685460647,46957.84619315974,47271.01015879386,47440.639249556,47423.20375956691,47732.48375349182,47824.29441210914,48195.84651174546,48264.49246279268,48449.95898054367,48446.643737245286,48661.93499715838,48892.987022826615,48784.54198444282,48704.659306804475,48591.53136778725,48863.69489018757,48967.95085388794,49147.04334839922,49221.321013486304,49430.99521510545,49597.3619457845,49788.210444873745,49800.09274969841,49885.39623899251,50249.150263157986,50305.499750048475,50506.29937659326,50572.04673171969,50626.02130466304,50735.47373376466,50835.358762211945,50991.617074161164,51109.91415752472,51277.89200716592,51521.01644435514,51693.6374189179,51799.993621068854,52117.63770121515,52382.82319206191,52618.43514363476,52631.286171622,52639.56803408911,52588.32849675677,52533.239507419654,52577.28958184145,52781.45368521102,52813.9583617602,52890.15151849062,53074.742926982566,53194.75350845676,53343.48256443211,53341.71793120433,53861.13246189792,54287.21325506069,54610.46021270575,54721.44395705359,55099.16937834986,55526.078171053705,56108.8545387674,56495.42776379687,56707.337610411225,56983.51234294559,57185.134308097746,57471.46872691228,57525.79136012337,57838.662900313866,58448.57938246428,59172.91855952944,59733.54626419222,60140.663397399854,60488.390035252116,60651.779054003375,61019.80628875169,61458.98902616054,62331.895447408606,63148.43016435094,63783.15085194743,64273.57184274826,64754.96040825712,65307.42963336081,65793.45514850959,66220.02277989275,66277.53087491299,66386.50795232055,66564.07978133368,66754.06090789541,67106.53945664324,67309.10044001277,67708.07935406851,67936.34752349691,68114.53388268927,68285.06771149665,68419.62545567437,68625.33436156408,68796.49258537339,69325.01769522051,69789.94427725862,70138.74391288638,70132.59843835999,70249.5946768952,70333.11261070646,70561.04983216617,70761.7910581532,70907.10034102443,71135.09731233343,71357.74725795403,71779.58490807691,71923.50161494518,72024.94858577849
395235,89,"Winston, NC",msa,NC,33322.342722447815,32991.90421830424,32966.2909370278,33004.63092554338,33057.1402100793,33203.15564150774,33266.67958313078,33444.255574090595,33679.428835679275,33924.8115417944,34091.51151534815,33867.2057908386,33977.665923251196,33872.686271633334,34047.71073176354,34129.243974606645,34220.88745353998,34397.19302342323,34515.946588633495,34609.13865033026,34643.349210376524,34652.86016061182,34847.79935326205,34989.80173617142,35124.34921229662,35150.44352309181,35436.763947878964,35520.76597194584,35722.43799201709,35752.0001273011,35908.8917866427,36016.6919868503,36112.14991180562,36261.71087737177,36415.97624250515,36600.79519846881,36754.94109413668,36946.58923450247,37066.295787580704,37363.67513500044,37321.027154618285,37469.59749916189,37411.335783394476,37778.460311129376,37999.449186454956,38079.61913261311,38166.036534573905,38451.45575668125,38699.401082626915,38720.456312116854,38805.8770117743,38876.474718697384,39152.529588956415,39349.32353350464,39663.36354013281,39671.00437821713,39814.614544522825,40049.203780123964,40248.098498947395,40297.430992343936,40388.76617637655,40668.371185713106,41170.88877662947,41096.03759455822,40997.643037670125,41060.703868276956,41625.63431636241,42152.11973575095,42543.86785495249,42906.636066769854,43206.285587564686,43588.02676114293,44068.88923088243,44268.209276152025,44595.9433732616,45224.71229542195,46064.47347042219,46911.43713765489,47319.79654158291,47951.65167776471,48444.01222363369,49121.110867554635,49813.28888221573,50405.54187341006,50761.569805760875,51375.142419003125,51711.62276230234,52250.73345349857,52372.642995004375,52809.31227271488,53118.162663637835,53454.52798201872,53919.73601359288,54240.56989966581,54357.13858354651,54307.11718174831,54590.75872574273,54710.865308746994,55291.51630919576,55511.32831821982,55951.41627780441,55762.967450560966,56128.76408486185,56302.678378639044,56525.19475993698,56213.07202349757,56228.14284323081,56644.91681403818,57256.00688248814,57585.49855455641,57580.36373923081,57587.39945634059,57667.56837719742,58078.61594503918,58336.13591975676,58524.44199967314,58701.40490833709,59276.01138193061,59889.72236527039,60103.92612114088,60020.436584005925,60175.936059995285,60394.24811631188,60709.14947042921,60917.38239271055,61092.1331844865,61128.29931996382,61275.621834897385,61350.611098164554,61375.01645710308,61218.31957396564
394528,90,"Deltona, FL",msa,FL,36698.297440949915,36822.71612629325,36907.79993360382,37034.2752221012,37265.19730115976,37542.71582873916,37782.67999648967,37880.45383660281,38268.975804394555,38618.207361737324,38835.75279822439,38803.98228831645,38845.41090977239,39098.25360799889,39401.04735466624,39691.48454796169,39903.11926982034,40012.297859817736,40168.09029554693,40328.06148034822,40459.84410999301,40572.364292512204,40825.85547781194,41059.84250875466,41446.91654363533,41600.8588399913,41486.98796650973,41596.36067040522,41839.5290162042,42447.529822369455,42682.19380899421,42922.83107253097,42967.6849430637,43129.2681984994,43258.09649435609,43638.55244642353,43840.08780965982,44040.0610495524,44401.75347408195,44783.69838424299,45037.155318276666,45187.171649222546,45328.077749018885,45580.16853824458,45818.46903477295,46076.09458229682,46407.39767774726,46592.68741478359,46780.72760362391,46970.089937220706,47217.76809291507,47331.69493586692,47493.65374612949,47564.532377154785,47829.089494575615,48002.146636396916,48278.35069955562,48477.30892762919,48602.48088838506,48716.9850861968,48879.566529683965,49081.52682821251,49320.74627648581,49344.5993719748,49478.71660163686,49607.37671368781,49947.21110697795,50125.050302866366,50468.974768079446,50855.73715380137,51231.968370235336,51537.841605924325,51979.53091942343,52564.48752698637,53222.04742156088,53859.87897494665,54412.9685405264,55170.46566831717,56254.66300307018,57588.73000558749,58797.243654573555,59944.519869634256,60932.31794896031,61755.73805573038,62321.17289511115,63025.28127174935,63645.22537437724,64404.33011370432,65356.36717906245,66285.85154176354,66784.97437747543,66796.92442288708,66954.90665075493,67080.98474445718,67354.7669589433,67523.34240463143,67703.50429200302,67877.23819796092,68115.24444218581,68437.92392594379,68423.02662127907,68399.02972640452,68154.25673512017,68318.28469890455,68252.6630154308,68365.2131652879,68220.8970648418,68522.06219976112,68644.49117346569,68801.09859534996,68664.93347249764,68607.00879635135,68815.32573296965,68950.1490407725,69296.17347943007,69410.56005157286,69527.32815224557,69621.82309923365,69814.8461538118,69791.5845477146,69924.16064374482,69977.71693486441,70218.65874526126,70313.77519596709,70313.67461130484,70358.29222723779,70409.37964936504,70514.47406343109,70688.15842954983,70787.18040670094,70896.11286747037
395143,91,"Syracuse, NY",msa,NY,,,,,,,,,,,,,35978.26429279927,36259.215814286996,36746.734653319865,37217.72285737656,37567.08179165486,37714.11034064675,37263.18558866275,36859.64583193357,36834.03533186831,37153.55664971144,37343.106663723025,37862.90301725267,38069.08471150136,38872.59822204799,38642.61405187813,38167.171142125495,37230.94660537946,37353.40304246521,37860.389309650775,38249.9060255326,38532.43689086259,38959.36813075178,39153.783951507896,39336.07762717019,39264.090976262974,39234.375905352186,39249.59051841077,39390.37909485861,39348.05675880692,39548.71824162801,39231.710245239694,39535.3224056137,39522.60914827838,39808.119043576444,40155.78368798116,40081.42571751486,40035.88107531209,39710.31244157775,39961.90647072358,40242.30553274517,40885.89109346711,40884.51419467366,41207.409238751454,41092.26724274309,41208.37828410475,40952.57130318761,40805.58136524228,40954.3299862969,41266.48891719388,41645.95272759074,42156.75678611797,42226.17370028141,42409.754641821324,42797.04169282391,43057.769434031,43349.245504325496,43420.52783060497,43461.43996429546,43612.46632945154,43638.95009213091,44104.64819272728,44526.17773185985,45083.648809596016,45682.44181741924,45956.40224094946,46547.075613315246,46836.28690177236,47207.68938055142,47833.539860595374,48315.67246975926,48801.6164173455,49659.60277108222,49821.53533178838,50279.95763810182,50311.67103511157,50812.676103920014,51628.12167841649,51726.95146971345,52166.63568759519,52324.26850121685,52680.32593277819,53186.56174136136,53511.39598295367,53131.84537035051,53048.144077291014,52953.04946009561,53677.326245457734,54015.626302066776,54401.83450661578,54551.50004549228,54696.41391284832,54963.25151486398,55049.123732799744,55351.412603089986,55668.102934535375,56075.12486539526,56807.411044893626,57111.147493203716,57492.351069582466,57414.58644386494,57559.53613178793,58001.191899068814,58395.52716618199,58638.75461454843,58656.81051883785,59148.32987244224,59316.79309033399,59729.09553330322,59871.45095234262,60295.57389400255,60316.18129517734,60796.144804476586,61017.98246768842,61278.293897018666,61510.27693631287,61858.12064498359,62424.14631725105,62473.0372227868,62811.61684067567
395006,92,"Provo, UT",msa,UT,41999.368962170905,41929.119744910044,42217.938858429254,41770.96089583962,41786.57656573019,41835.19950458465,42295.28851223592,42405.91484323707,42712.385068973126,43253.88875493454,43878.60639579718,44169.315093552425,44110.95348117325,44021.00268477783,43862.385328101955,44124.04512750954,44457.29217863571,44726.83075081756,44834.806120453955,45174.84823888355,45298.59077910394,45644.526400662486,45666.432879459564,45910.00219869499,45941.49873097466,46258.55315103261,46696.95738139601,46738.77451528151,47155.113934989764,47251.00816304488,47586.23618893611,47759.99731839923,48230.34339947342,48157.38218138583,47979.402802557015,48013.4515249295,48536.850648442865,48869.58286496667,49044.32498404467,49406.10297935541,49477.179473900746,49576.63979884004,49753.52006938547,49915.39708441034,50036.671759300065,50004.74795653615,50390.86774472231,50628.717267354936,50921.52534924716,50977.51190009041,51103.12334491831,51209.422077585936,51307.88990181987,51555.02823506574,51631.550067598,51752.8212523979,51784.19273811621,52139.569030291,52273.75591276244,52363.05355573608,52205.975780773115,52249.27845738915,52598.88055567715,52677.87348242261,52528.655444139105,52680.38763261029,53092.54976019044,53479.36690120997,53638.70320789661,54282.76859029599,54788.45863052982,55462.80812512339,55979.643303396224,56266.074407325315,56870.75671860924,57358.346756665516,58442.94812071015,59162.75170087356,60073.86821045764,60872.94743345379,62059.26706114034,63107.510305839234,63841.792864209034,64310.59419556728,64623.13881610085,65421.671311256396,65983.48637734607,66797.06640909647,67159.0009588445,67641.6732936118,67622.21602994452,67830.49315954286,68172.83928173485,67921.7728818804,67963.1642668363,67808.77154281689,68114.21223589934,68330.39503840584,68462.41106685628,68489.14766709495,68596.45425095112,68609.67700096208,68965.74588488619,68890.68900094835,68892.1508099448,69194.94058248059,69380.24717210613,69698.17556991606,69823.25428798581,69937.36225357844,69838.84592750033,69889.79761544142,69980.43614668028,70252.22886958005,70197.83507426766,70504.55595679992,70341.36419593384,70339.30978664114,70383.63342073301,70477.34560774619,70520.45398285601,70513.74123832137,70737.95162221936,70845.21456079447,70949.7011448077,70945.85281693008,71117.19983637251,71177.89262755176,71520.40928725222,71722.47305040671,71900.52648922215
395160,93,"Toledo, OH",msa,OH,26963.602037677952,27240.958577955807,27131.47007170848,27269.915279354314,27277.892809368295,27413.47570234489,27318.517507824316,27301.05713399135,27369.16488472222,27596.895199428636,27834.810699107184,27888.2166131995,27830.51599260325,27752.011956573086,27881.194362388233,28069.46852370938,28253.60333885287,28237.916450450084,28353.859233365063,28430.2448345059,28637.454032854053,28753.098220228512,28865.57953669902,28893.11133957658,28873.974657232775,28906.391846511593,28927.980475389995,29067.202671462634,29180.399923840057,29194.269001343306,29225.650217819875,29124.942609931146,29190.850897165965,29236.63489675851,29405.90441644889,29571.31992014192,29680.00109741686,29755.423453950112,29881.725858702455,29897.791287391316,29982.37437708061,30014.109499534075,30075.492992787546,30247.037796553068,30283.556608589995,30438.486856303833,30478.44808178349,30522.770881007116,30637.826983047922,30681.665703045033,30752.56710762294,30830.876355830267,30877.48685115257,31051.59631073709,31175.94916242153,31288.468788662438,31396.7135239887,31439.942631988757,31514.1142305051,31617.361682453862,31709.809755763188,31870.305406842625,32086.855114521448,32130.44539802082,32107.293466590923,32239.119796010098,32322.732511049588,32324.25836636126,32458.066010224455,32815.03242680266,33087.4071852624,33343.910669113924,33510.856632985735,33804.5866852793,34087.54055010489,34405.395611322405,34856.911141272496,35175.36669587179,35744.99608954482,36206.886142831645,36998.85652988226,37298.58817704007,37709.5498776511,37838.84002495935,38121.46502789236,38362.860751809436,38743.14597741739,39190.57655861206,39700.587096784475,40296.862029277574,40484.14142808527,40614.98143852047,40232.16892392709,40159.00520749946,40181.20882771302,40285.017130319866,40463.74612594573,40609.55072834806,41010.58696605127,41181.01691965305,41131.402496437855,40942.453488342406,41198.76454077689,41473.40306401224,41804.8943200155,41928.93442531367,42041.816449966784,42257.97932052928,42596.069027917925,42842.51218250708,43066.57126977863,43126.80773340982,43255.26880166271,43556.63118858606,43751.635275190005,43965.72006412527,44090.23864662233,44260.752696411495,44429.12447863032,44621.17594685004,44642.655113414185,44758.33549735874,44729.95805889186,44932.054776296005,45175.74583494392,45344.01706115435,45448.08236215081,45541.29618940807,45771.87979434618,46022.06271628634,46255.39324351132
395224,94,"Wichita, KS",msa,KS,30168.583894744403,30294.054241543286,30365.508070023912,30356.677444378172,30451.124452108277,30459.248519477238,30522.112461816385,30546.170351706765,30608.179535461582,30527.194878079863,30584.842260585243,30690.816818598465,30789.160805596537,30842.34423484643,30818.42734073865,30778.84352118447,30600.425025063938,30588.996295577053,30653.644961401504,30779.17401362495,30822.936126297343,30937.2056797908,31072.90941278126,31043.279681317726,31020.04331681971,31025.44591559246,31177.436651111544,31354.612600040753,31455.304146103277,31463.29114440278,31396.331476582396,31371.08860462511,31418.07825157454,31447.05209960203,31391.202764148537,31540.745482661656,31687.808401570644,31783.159580177686,31746.331978849867,31701.23638112257,31801.026816899273,31838.92901308193,31902.97421440338,31949.82118071448,31988.159710778717,32116.64456229341,32133.41766932468,32129.876277876272,32100.97948694523,32279.902306665932,32384.804385387695,32495.081553812848,32559.265147356036,32689.283174650445,32822.04161314155,32941.99693251942,33052.474999882026,33098.775844280004,33270.85490818677,33398.54258925544,33553.41571101527,33574.98705764745,33619.57549333079,33619.40516328813,33777.40651812047,33992.45008345417,34204.952333508816,34335.88240193364,34507.4961597187,34669.827599387216,34836.29931744529,34923.55817150763,35076.24399208001,35288.55529434826,35458.578442328435,35813.43864306876,36096.03178971026,36549.4714590733,36745.89537974261,37072.13830946313,37235.12368926072,37561.98602902314,37845.74922055995,38126.625715113565,38275.012441057486,38507.21012905595,38877.73483112654,39172.6660534996,39292.32361706138,39396.54283918734,39732.69948720338,40083.044691433926,40311.36482803953,40467.92766493659,40779.746436355956,41003.45973315735,41290.50225193639,41436.84944243028,41717.41704214177,41919.5388936866,42214.968268841076,42245.80691639159,42343.1344425397,42323.18090430649,42663.05359336738,42854.240201524764,42938.01141014777,43239.88654377242,43353.952602089514,43679.54364889715,43675.31555891573,43893.343092726485,44053.211489427355,44188.15011920011,44233.77839940257,44289.91558030792,44369.69289549757,44432.492511804376,44688.53287696724,44694.01465658197,44843.51670164877,44880.156566507525,45076.42079335968,45152.71414529889,45268.90344482754,45535.06293002489,45795.64379111124,46101.88132640463,46243.52936733189,46489.129319120475,46612.74774527561
394549,95,"Durham, NC",msa,NC,40725.18390048769,41489.245219436736,41615.52897213896,41574.23148023941,41865.3192163406,41909.072989740154,41965.15253765916,42004.43823832348,41995.810627272316,42129.043042975085,42572.96800665175,42921.02805330456,42942.66097578816,42993.780948554115,42979.9632527651,43291.67861535386,43166.558320998716,43403.58668248393,43483.80609527867,43752.33594041553,44061.938995108634,44404.812472064965,44725.44301008098,44784.491457849275,44751.90920446859,44740.70603353374,44824.682113533905,45065.418309405606,45178.01459502854,45355.67605512547,45571.04583331797,45864.585105931204,46036.77806611318,46081.209008079146,46065.51462658748,46318.86757654201,46583.40931524194,46754.35270524789,46817.74072544347,46969.44644686936,47119.12970920135,47205.435497716186,47271.235825646014,47354.57436126783,47384.75873859357,47773.6719693885,48275.07123060763,48544.69109629037,48639.047774815,48620.56592838919,48959.15800712319,49076.30011942132,49341.65448387804,49551.02368927585,49789.569648351266,49932.92686276832,50172.912544817846,50182.17723349229,50130.68261345214,50187.634303804836,50401.747903637435,50743.76759244238,51142.281009791535,50994.849134262324,50949.48111145224,50467.2817758294,50541.25658746866,50521.822990962195,50666.80674093138,51070.31191021985,51485.21898741232,52087.25410643258,52300.077334612746,52461.70453245325,52348.77119947988,52987.188960808155,53686.704335359784,54996.89649415782,55926.635955774036,57034.80046276505,58120.81039946933,58794.55553631029,59228.40379667694,59619.72915745514,60151.91820709367,60822.41863623192,61385.45652008321,61943.68853553018,62646.315938256914,63216.95502964826,63900.26360080193,64094.99749928556,64130.80190906148,64006.62437979694,64290.383300712085,64425.599445342334,64677.23890278588,64843.18398126668,65112.23122505874,65201.15250030659,65207.6892426663,65065.26958514272,64848.94789790989,64798.89228228941,64596.98590563257,65036.88814171813,65031.48429986085,65470.841382848914,65350.44167712985,65640.28275476724,65487.30534446797,65632.12734609746,65545.71171593122,65569.80903636054,65665.82729519474,65913.77845462134,66028.68704209143,65852.41865315007,66045.0552027814,65875.99038381537,66044.97188361593,65903.12484106237,66062.63843935817,66046.2814823948,66202.2127888474,66340.51077307932,66441.39038927088,66427.77912869178,66609.6266437874,66742.70125317709,66731.2918472784
394352,96,"Augusta, GA",msa,GA,33302.507546930654,33365.23701548481,33537.28940577158,33628.614724810934,33896.269154570524,33935.4765534151,34058.89435034775,34093.839946050095,34157.95025270752,34151.15010458735,34254.10909207908,34391.021679214915,34480.42037548692,34659.957943767724,34700.69325114741,34732.76879639513,34626.14137639538,34813.20722820737,35038.215056621695,35186.456730398146,35215.69276138337,35229.31539376895,35222.108774361324,35250.24075153658,35331.90965643786,35519.04401127189,35654.474898339264,35723.700261196755,35799.277580882626,35811.30369584985,35945.09968072978,36079.931169643525,36260.06828860856,36407.06048114187,36690.197303326044,36840.114095572004,36981.28038054897,36822.61361936805,36955.284817501495,37086.1476180405,37371.62571048917,37432.69101162301,37492.066701439566,37492.13821188173,37607.83785858009,37746.812687988975,37856.02212344448,38012.69714939417,38108.25218603305,38411.67873546884,38533.352692263456,38696.110774723886,38761.07013769921,38982.94593233309,39139.51701234447,39365.96199334252,39508.946561935445,39661.271995393065,39774.71543681476,39914.86989552791,40102.49139779032,40256.26383992868,40737.99813268742,40890.19121686543,41131.70760483135,41289.20591444061,41769.06216398819,42284.564975162306,42815.33692662191,43110.449391180664,43346.07501513832,43740.11436498389,44114.626288090214,44316.935142348615,44537.563385486785,45090.5791662018,45758.74000440947,46491.639554701054,47014.22246538807,47694.876070343016,48088.60319086113,48795.9210563168,49213.64622393654,49514.61502173161,49638.085652022666,50273.74201777456,50832.57434707037,51153.327185364775,51342.43076838418,51609.20477068607,51881.33315544513,51874.62271594507,51897.620777349366,51815.26989980601,52156.25118588816,52520.21798326035,53098.775033893435,53305.14136590645,53668.36275859462,53796.66358595011,54070.026768735,54165.19678326427,54532.561035567756,54683.08027764196,54984.76063654881,54995.55621798119,55070.03216424502,55121.43501342405,55068.13773699943,55062.14094422728,55017.965771355375,55270.211550817985,55535.8161383773,55855.9779659954,56040.72613454071,56210.71336919197,56593.00964756606,57137.991593598104,57601.59450862706,57935.979527903975,58259.210960089804,58604.2821752143,58897.68056008488,59094.125334282304,59212.551578659746,59338.18207575735,59418.98452282025,59650.05577005262,59608.43246360535,59564.67446143015,59436.61756312538
394957,97,"Palm Bay, FL",msa,FL,38298.276788680916,38709.92603092127,39022.1394726985,39444.0020492428,39739.331009746005,40058.81434754141,40212.8681966248,40529.96500284942,40712.28831076267,40950.61362406713,41198.96978376901,41501.687576823846,41749.39333367843,41837.71865338497,41968.339830525685,42025.5693302617,42163.53025634344,42435.009934045105,42829.842421194604,43321.47683259864,43564.979801641166,43758.073758827486,43959.764661762165,44306.86861180208,44661.76794940765,44979.675142833206,45326.69274288006,45655.76834653526,45881.95701534822,46059.712099510194,46330.73530016898,46502.61274187816,46842.99185185255,47193.283685595015,47451.88841133446,47680.73610544163,47924.76102143233,48224.811810412524,48462.727783691276,48727.26033098488,49097.399185434944,49431.86707019613,49608.13064191194,49869.885044844144,49990.341694001974,50311.76320632055,50508.93527770686,50785.26921483148,50867.61675471654,50916.81917809211,51101.29732813558,51283.61120267071,51420.36370070049,51578.2608331647,51786.18215555029,51946.12862026387,52188.656358765016,52274.853476791126,52503.42409907735,52648.16106643727,52935.28237100501,53234.34377691726,53426.06233785076,53438.13773989512,53181.821446404894,53343.9166129381,53629.33166741894,54158.969240421204,54470.535061306415,54965.695297859966,55443.825493702345,55960.655625507934,56463.12427613138,57190.40114710161,57826.64256000956,58684.82479782312,59804.67368449317,60920.99658568715,62135.84954220274,63342.240583867744,64965.35469081669,66057.875351168,67069.72077027657,67823.68873949838,68713.53119432423,69210.68523332298,69970.41298763629,70925.7635358487,71796.5788236308,72664.35749762866,73344.12019368848,73608.35147692086,73402.29286532135,73507.39194011485,73859.09423481123,74220.08653098567,74292.95638408516,74375.45384835072,74818.25185680386,74846.03463727637,75012.516628126,74862.22526071809,74789.14885381632,74842.42824815093,74700.25310832458,74528.70342737569,74351.78610434078,74342.40417046192,74848.68107874585,75190.74902214193,75344.6781046497,75284.5136141545,75233.15190176862,75363.93043153561,75472.31437994826,75684.87752505417,75852.78328137766,76127.93314443827,76407.76560514078,76536.62377326784,76348.53505830036,76332.20704870751,76211.2609358378,76382.55122782476,76472.39529169865,76559.83807310385,76642.87227934989,76646.07920571599,76827.20046303244,76872.06803284479,76848.3565331496
394711,98,"Jackson, MS",msa,MS,,,,,,,,,,,,,,,,,41201.8176897203,41338.96048546574,41493.374064911986,41799.679615126006,41846.21999555686,41950.45382872765,41903.710567874696,42033.70855607709,42016.46385850679,41936.98246460464,41867.859948920646,42074.94809095811,42471.81730545675,42639.01391577375,42580.76820200803,42408.06159117283,42435.36093959778,42585.042495207694,42750.75067433927,42697.14538357255,42796.036980087425,43031.92869869977,43337.11109632082,43300.71014817963,43224.51870710356,43175.06505301799,43313.762874283304,43233.77659995919,43263.416493637174,43171.042281751535,43294.421818340066,43516.14255690787,43534.765784001014,43670.35834305712,43674.356483774565,43778.2655955966,43861.38503998368,43975.41742132001,44058.98982147637,44322.048305697885,44453.662778956736,44616.17079253652,44625.28166058133,44628.02665061268,44739.36518755992,44725.285149001065,,45537.61357392467,45725.51590006124,45356.713033091866,45168.47306695081,45519.60179977143,45948.582641441586,46403.948951240964,46413.51893373218,46498.02326087143,46583.44637713497,46728.939681278025,46970.215774333665,47426.97753406677,47978.120709543975,48747.54522226569,49375.40621851137,49612.965464929744,49594.222964677225,49653.586281307136,50079.25146321189,50454.61564937972,50803.04483865266,51154.522164837894,51421.57600609079,51794.84580576898,51921.57591524165,52363.44676015289,52899.62132683467,53362.661260893525,53675.791119614565,53793.64150919542,53891.39673523127,53888.54753373656,53765.55012160875,53886.87276515723,54251.64272259197,54683.406123599976,54965.59715787938,55004.066355738425,54973.52386989512,54806.61320173607,55034.58513157809,55220.99241957432,55512.12577694996,55630.97055630169,55966.25748464375,56225.713140137515,56547.21806469627,56711.88608147384,57242.61217966009,57560.187387397666,57795.68124181732,57997.538077781384,58183.81781196727,58367.97691759308,58644.181886489074,59045.49629541055,59339.96330799698,59566.26363889647,59638.287580423996,59770.1036683886,59745.52902053852,59937.98570527014,60217.02582202704,60621.64514355027,60874.8818771204,61184.829258122554,61354.205882352944
394666,99,"Harrisburg, PA",msa,PA,32620.161233156283,32785.48617798951,33055.37230957832,33277.813955066544,33264.6811202627,33064.63164445514,33059.0207608442,33062.47302636745,33232.78287061602,33236.6415239845,33399.71827384404,33495.35128389998,33668.29423877501,33660.483824867406,33547.52593603628,33620.194976452,33697.17755867633,34042.34774377551,34131.19313017985,34178.45579156539,34272.777906936,34285.22274659289,34292.13814863423,34169.7288305778,34268.78453394384,34413.668728351404,34657.759151419,34758.85761333726,34796.539318232244,34888.70115373254,34909.28016914352,35002.06104546663,34869.53602333363,34994.30986695732,35157.97191490382,35343.94192683049,35411.09391991801,35390.5064869318,35522.92860244988,35764.48225394258,35965.36789251829,36078.85124073853,36165.51936629071,36306.7478136566,36416.55175157245,36712.63401922788,37003.85421844419,37352.48924994172,37343.0249006837,37297.45350839688,37360.207216618495,37377.70574011061,37473.38448387326,37565.707600787086,37768.53338888624,37905.643758960956,38169.73946464805,38183.135216718474,38182.56851955793,38159.170419006,38428.471481587,38774.36679195182,39043.136514360245,39034.35849594932,38959.60390385996,39217.14686155697,39469.69764121054,39798.68675701749,39846.96549842958,40208.90628563985,40614.96859013517,41133.64825130471,41296.46939996066,41490.747624476586,41684.87147229085,42127.902630274635,42699.90766158443,43409.352772194645,44036.36235924363,44656.43843406722,45248.49794064109,45695.51293065336,46091.130692515835,46528.02513996354,46899.66770527093,47165.418817378515,47410.02811914229,47909.93933411653,48282.82504163619,48412.283624137184,48467.1041953387,48533.38630308876,48666.13180929648,48767.79070522942,48901.18315338429,48829.79539883712,49039.89731743025,49369.892964356935,50004.72211294671,50154.504848357865,50397.89919195717,50416.22928801538,50688.25765911511,50783.20363735103,50969.71002049105,51098.71698841172,51199.80446423878,51290.95401847578,51264.24038754837,51305.80859089225,51303.96151993669,51594.883069922136,51861.81249734937,52137.226490127665,52245.632736365515,52295.16533070683,52444.24063480415,52701.46011537085,52970.04971007505,53311.273849554804,53622.56421092334,53836.06089858363,53928.56647063945,53969.67855771992,54004.43976878704,54193.106841066976,54402.20161531534,54740.94556389093,54936.4077362174,55082.003551016656,55219.711711711716
395113,100,"Spokane, WA",msa,WA,29609.069528988974,29787.787621127896,30002.92025400792,30140.151848001347,30127.175778741817,30137.73101861162,30220.26246565975,30540.26493258122,30711.315155374738,30805.774527218528,31038.578500223164,31211.638964320715,31532.1229495292,31555.401953319393,31657.53578987899,31772.22754448121,31971.4448191929,32244.47824308841,32463.934676901114,32665.000661405138,32875.282911537375,33209.855200222315,33383.90134282039,33651.68147626499,33801.19354890211,34084.094835727636,34106.16987931562,34215.364325456,34484.28705980072,34805.75943428329,35108.75671207335,35334.76655437479,35582.14675201568,35827.79338167136,35966.707845160294,36128.55916238085,36100.1726489761,36726.12183054935,37221.603963690955,37800.11213591431,37779.49211014436,37975.64479714144,38106.114367665374,38359.67337194527,38381.078786413804,38595.30728188498,38843.70630647186,39221.025095045945,39660.81296718042,39622.26609407329,39756.72547623776,39777.37017630893,40170.5676308079,40343.545226609254,40586.704717034525,40766.0512749439,41116.313576584595,41281.08060315091,41499.104498777226,41575.284564668575,41720.29685408269,41868.445891764444,42575.136389997926,42586.08392374764,42537.251561898986,42262.72666753534,42621.646635010504,43270.77177362655,43956.250173645414,44608.32542666818,45024.543901908095,45710.53875725941,46330.13104353553,47177.721000144214,47650.30199545608,48870.95994563155,50269.71113131414,52130.22081370789,53243.16510383897,53901.90313683168,54142.689929616194,54197.61612133967,54428.55953748897,54738.71755214539,55158.27233211994,55522.30500966586,55966.61672538721,56420.30843091926,56673.66352848543,56713.415992327056,56569.25955868557,56789.2014609066,57040.61830668782,57298.4520456053,57436.39414983295,57396.95570780503,57488.53922823522,57255.349910049226,57284.57614261546,57158.18771973914,57213.631504151956,56911.25264154199,56991.382599331075,56976.106510166515,57232.629832114086,57475.114031740915,57626.52682215708,57886.19835691916,57978.824742672914,58164.118215979375,58185.21747484701,58071.328236211935,58105.07611490069,58403.220549735845,58703.667605982024,58883.57276865199,58696.24069302475,58914.47440366837,58960.24428940969,59042.84450042076,59156.38182683251,59344.944994126505,59519.26697813152,59834.402486052946,59972.59367507558,60099.00742588651,60092.21561262742,60161.78801343932,60379.173777141164,60292.76108855428,60397.25234153753
395075,101,"Scranton, PA",msa,PA,29578.752361764808,29368.324030455795,29429.206021233003,29325.528914024933,29480.36123848236,29382.160233728417,29408.986849685458,29325.741048624568,29582.983409850884,29537.91212752734,29758.124049045597,30089.56891405185,30157.025211091557,30331.06623250052,30049.016439193638,30486.970244982665,30273.048125952308,30534.991338124582,30396.56188080661,30842.26971469572,30669.779873409767,30663.21347709555,30442.255491186148,30369.993035666917,30636.41356902617,30776.349160522503,31165.31816920649,30986.492809611962,31106.543837900852,31109.51038909389,31395.012543599674,31438.340359158246,31635.093077906757,31845.548496053085,31862.081318149474,32224.256429911693,32029.918450024066,32282.748607314377,32190.192578306913,32542.20987676435,32665.595965056997,32768.897124171956,32995.43066980048,32981.801570995194,33163.223717540895,33202.109009175176,33381.76657930308,33546.47861501674,33714.298827271174,33900.393251828755,34133.47187235784,34156.82401791947,34338.121390427266,34499.9753380402,34495.68577363601,34682.7418089724,34754.34316674807,34902.630874389695,35071.481125366314,35033.62983295064,35201.91521642769,35145.154773548806,35410.70245061588,35415.62024726997,35983.44922156429,36127.91307097576,36682.76451912544,36743.87179120089,37150.565608347824,37630.250582629254,37903.34170751783,38623.719590448025,39012.39670027927,39495.70052016051,39913.80292732883,40440.64787501638,40819.71049205185,41487.05562682283,42016.1750731418,42598.73910793245,42750.479768991376,43053.56420598276,43527.442427101516,43762.91878560871,44149.34322663263,44667.37621904975,45336.960242068744,45819.72495984108,45841.7756063444,45927.53417136382,45948.61287793345,46443.1874431026,46853.41140083155,46919.910719447726,46872.68657854088,46933.17858208894,47245.478679467866,47344.97535714686,47221.513712981636,47281.892974485505,47627.35043541421,47857.328216797825,47911.32640238141,48049.041491966505,48323.739741291276,48765.29845698162,48835.47051862453,49069.46558693927,49192.183005436884,49610.89612815691,49662.543786014714,49869.37317054528,49856.389525224804,50199.79598631674,50690.93797986192,50719.671639855835,50703.93928168545,50879.61920321979,51247.784324970075,51468.19858329047,51611.30269111821,51579.65091448322,51902.627542260445,52031.07537863299,52274.37187451487,52253.80450930104,52211.78896734041,52363.12869483045,52494.27671532187,52441.814403476696,52423.54111862403
394460,102,"Chattanooga, TN",msa,TN,33546.554472686905,33784.566581793784,33730.68353989962,33413.998780176225,33261.81438469662,33506.31144530419,33969.25058882147,33926.09559772819,34252.34974285796,34537.69588813976,34907.36408136234,34660.58340935084,34908.06550696303,34858.58270755898,35586.52492907678,35558.57702327015,35867.82689961825,35430.175350024176,35474.388057968565,35404.08087009452,35406.71023868369,35576.90169002391,35538.65759624939,35581.929596644215,35514.58418055063,35910.919043028676,36011.55907720152,36234.49430965464,36174.60244429981,36513.25549669578,36777.953059541134,37068.56463878666,37289.40002861814,37272.225832731216,37255.5060878333,37614.266418721956,37868.52545228357,38127.07632589145,38103.912215171906,38253.359753522884,38428.32837291516,38617.06613834228,38722.307049467054,38862.57984164178,38939.61371634504,39263.00075852927,39767.0734401578,39986.99482687206,40108.648871855046,40014.42811023777,40225.638223747075,40411.8433435794,40641.106604506705,40798.00052496173,40945.55427141487,41088.443312807845,41285.974862967174,41368.60480967279,41346.8987156379,41350.8615789124,41489.63424002252,41694.510319477464,42087.54373769471,42382.832584984026,42454.329484578106,42463.11529457009,42780.563301003705,43166.18264493325,43785.03318884084,44086.323160998254,44444.07550682434,44672.47331144504,44912.056553600196,45129.06757477165,45330.26686769712,46051.59163014097,46986.281150851406,47942.137337116765,48532.386405842204,49173.75083243032,49911.71983349049,50792.82869624605,51467.6922153387,52384.17776244716,52678.28973004127,53399.304529355344,53862.35778086911,54363.82313487398,54650.359599098476,54877.47310660582,55031.94055758138,55088.34617635795,55211.6686695351,55331.60778674798,55651.113448424185,55485.147425796924,56037.815637055566,56124.524998962675,56657.08726261744,56637.37218739643,56585.62377584468,56764.50179366216,57158.65085104753,57608.41894432069,57747.251489288625,57944.29247384507,58072.39202312992,58292.58452384991,58351.12304800421,58193.7958102148,58171.360772643566,58327.20128761859,58820.07491614825,58905.39570734265,58913.639617960536,58869.05727673123,59135.345363904395,59114.01715457592,59030.06343503497,59150.59904196507,59148.0288427913,59425.971994855856,59412.51215184134,59485.1930066032,59328.591219708665,59360.19123553603,59352.71867728266,59358.18088255186,59245.51606903191,59297.85005270019,59377.289840432815
394871,103,"Modesto, CA",msa,CA,40908.311032547834,40736.24816607923,40828.17973732825,40699.8538235468,41465.70085398847,41973.95994694033,42431.03665063576,42483.03467662155,42911.262812106135,43273.705747099186,43601.402414279095,43840.08044034299,43765.54777566251,44271.39763963098,44990.555161613134,45911.86684481694,46032.96512069399,45997.11765414759,46064.71557580996,46638.769487598904,46804.13386281702,47448.57025384748,47836.85333414465,48389.588982671645,48657.269924152264,49075.04943221331,49410.10803861514,49752.43142039531,49943.35469632547,50480.92129127017,50937.62978921864,51174.13134049274,51558.964882285654,51272.45782789649,51538.11645767533,51478.398505427635,52242.3628375718,52444.94612919103,52975.39068618203,52891.869554962155,53376.90984403687,53520.10968792516,53997.00259302257,54266.25353685777,54783.51162861192,55317.94521885906,55565.99406193378,55842.399611008965,55684.51380769401,55912.074902197615,55871.63689884453,56278.535163899265,56477.70970536619,56815.198136629275,56911.10916511132,57180.202944904704,57255.238001259415,57556.29763987853,57858.32279897642,58276.978949743636,58685.965044665514,59039.89523875429,59505.1974745715,59771.901606490515,60118.393900721036,60385.19472967096,60988.13189461687,61404.78849017463,61945.12317588061,62743.68326658492,63477.09837701862,64121.25190957634,64727.46263311866,65214.63497545093,65841.72448792127,66080.9053949705,67039.09572756538,67953.91966094334,69194.23993185438,69838.14184711379,70394.81672745236,70550.1390005647,71389.8249684816,72288.04778164659,73135.38877675825,73707.31698031185,74391.82802457977,75426.71113786344,75641.52860886634,75884.74881312037,75564.80850196886,75951.73029156553,76004.67897133995,76328.78082131121,76269.00428560881,76195.17745822587,76663.9327657914,76854.06162355414,77139.76064032414,76952.5944122452,77219.81742173959,77414.27059242259,77850.55716780282,78185.67636985988,78794.33962002693,79222.2666997533,79357.35410673109,79721.69223991272,79859.54146900293,80144.76064510597,80146.42304110208,80266.33778209236,80480.605048122,80839.30685675809,81005.8017870927,81265.63310936754,81471.91156770028,81986.29927688398,82419.62820953158,82667.28183080576,82792.44647630272,82963.1515747236,83236.67870617403,83547.97005324496,83666.27130039973,83657.14527636336,83739.89881443584,83622.68842363801,83434.60085473777,83006.16420003676,82791.08912655973
394768,104,"Lancaster, PA",msa,PA,31604.71417881278,31712.346276374188,31990.618201472796,32090.701765286893,32218.73775139835,32115.685975393586,32185.66308104189,32178.474779981407,32390.155284516095,32603.344128687146,32730.681508582373,32839.45202312004,32776.38707213336,32822.28162848279,32680.081613745668,32940.37744030263,33233.77215380333,33480.51542318855,33444.73641426227,33431.64335825291,33416.86364159504,33520.39742050626,33658.61308469965,33875.56861154067,34199.196568470936,34359.60070095472,34405.1726143638,34510.64873437366,34446.66179219087,34653.35963383178,34891.7556503233,35194.158064531395,35321.582896963184,35334.4169910906,35471.869199520566,35639.57453662213,35610.3188948924,35805.8558074453,36051.11326480176,36293.59400923833,36363.4848323195,36457.52106293934,36612.55425692781,36803.94006303131,37011.69088055248,37156.67812683051,37306.148945277375,37389.54358059969,37590.13009385167,37611.42872746717,37747.90150907845,37775.02240951811,38017.9889820538,38123.636705866935,38220.879473033485,38255.530012001625,38359.13350984211,38544.9523905558,38657.661094692165,38791.386262162836,38914.85952549639,39096.97788831081,39220.37932277411,39224.02616094699,39312.79284460171,39654.533472727526,39980.39277571027,40283.40769927019,40631.77053190323,40945.13754420515,41322.48104306307,41645.874492903255,42059.78104905922,42591.536989846885,43013.50180881951,43465.397989259836,43773.69600251317,44037.477589747556,44509.95896663779,44830.16018402209,45270.397003465696,45685.49667157661,46122.15693179305,46654.546626925476,46848.970974920296,47040.821142544104,47317.73511788304,47804.48357469404,48190.04882576986,48740.02931173758,49028.03249092108,49545.98651468497,49531.247238592034,49882.93021350013,50098.847943360925,50434.39870120988,50635.730878051065,51018.19368286495,51460.8423526593,51765.082223641206,51966.2898937319,52143.252393005234,52219.074673971256,52461.55705195044,52721.2879782167,52963.82729157684,53028.770834953895,53361.49150748456,53515.1332206723,53666.49964117101,53587.94738126757,53847.639720800325,54240.747785511645,54583.070810888494,54990.644318847444,55082.80007077129,55436.970987735964,55611.0481710765,56037.78628803469,56141.122683785885,56513.214708943466,56777.27424822959,57162.62511121527,57289.371387482875,57376.74022485853,57471.25997988431,57603.93853880259,57838.83542820271,57955.27005166776,58124.639444696564,58195.98039753675
394997,105,"Portland, ME",msa,ME,47195.00191628082,47383.537571924346,46895.572780627066,47489.92605250698,47654.079377566195,48534.35480872596,48478.756682966065,48774.81512628726,48378.32752895656,48768.64220677107,49306.273447300555,49513.91140294223,49718.374633432664,49992.06665764248,51067.807468065104,51534.65929274251,51210.18894376381,51065.81207354649,50965.91284008213,51816.22487415664,52133.604044843734,52452.55430371688,51584.758177975375,52052.67698158123,52360.037302736855,52770.46704898814,52704.15017452811,52414.480560237316,53138.93889093494,53170.282764630356,53872.21526930854,53649.32132654001,53922.850358271484,54014.44442188191,54538.00786535044,54592.32087147817,54428.00260679303,54629.906258163806,54641.14664729651,54877.67980729196,54878.47792265705,55253.460217222346,55277.79816882321,55757.16058840357,56223.305320548076,56818.573672823506,57006.38378515681,56720.866246187106,56973.48164590035,57067.69026357686,57385.75767006234,57748.55193658622,57978.4623566495,58220.2705903886,58438.95556244031,58561.39120897544,58602.60739808547,58626.28286801708,59020.8913429365,59766.64801162374,60261.89578931653,60690.6308312451,61089.662875324975,61080.14470623446,61057.82017710289,61268.340841911915,61807.920378394956,62341.450294505004,62824.680423091246,63628.70015932177,64360.453027231466,64770.763375199,65284.32093011291,65786.03519753387,66225.52589712372,66573.42154914472,67204.0375762277,68243.21324472064,69330.42911506101,70190.93028018206,70944.42400198439,71405.49550606946,72258.5965408435,73374.46646487506,74270.96433333957,74410.26984777304,74760.14485368652,75181.18828347458,76362.35616585078,76733.70811809716,77268.49085889377,77751.19049093874,78189.13487345092,79015.84022533598,79070.4446156933,79356.07861875904,78987.27177011015,79480.6992854463,79824.20952607192,80811.71035380974,81074.67618288746,81413.42933480612,81613.09517706564,81812.94909813663,82195.2906074185,82116.15838822964,82357.61408180885,82467.50463509465,82920.93489626367,83219.30209841553,83883.87732324102,84086.59200022875,84420.0471538704,84542.26016616476,84640.73448086437,85038.91464434541,85424.35995453362,85647.30463289797,86094.9907106767,86478.29502267599,86944.52027630575,87244.33690118945,87269.724119948,87300.58049108133,87412.91408275957,87807.03563861697,88246.58330141596,88459.29391017901,88587.98715974792,88984.31257751906,89176.9918699187
395245,106,"Youngstown, OH",msa,OH,,,22977.202247196183,23137.650270996317,23243.35088708007,23349.30994265554,23404.486364177836,23282.875836018862,23050.564936995226,22822.78674011145,22967.657945004736,23365.340895643993,23675.884101596184,23491.858933750424,23423.862660609404,,23574.39926682319,23503.6615229752,23661.215421638713,23885.546298098045,24049.612276350505,24292.937836768953,24231.677040341347,24111.123940975747,23961.140223304585,24133.400565359763,24174.054400106736,24273.60809045751,24281.501939218924,24394.633727209548,24421.59150788678,24472.908650553298,24370.837644856416,24368.87661444347,24404.398911258566,24571.542963126103,24634.10095165811,24660.363087737267,24834.7751810944,24902.535926899287,25068.232064482047,25123.149268939447,25280.181530503974,25321.079536889592,25589.572796286953,25610.9843596187,25612.57500765605,25667.86032980528,25761.62017365851,25860.126353550368,25877.61797515553,25924.137550163134,25929.014198238016,26009.45693611647,26007.697363275398,26077.954601418976,26066.149182379388,26179.175099237087,26338.002017639457,26396.806105253087,26484.24469473619,26535.438173764553,26728.91658098603,27126.689102865774,27311.475469734392,27565.804104210318,27749.079755224655,27746.41520304355,28138.41240984572,28095.625868920957,28469.19558610976,28523.180644678265,28972.962817796622,29210.843028805757,29658.320151657805,29937.281902714247,30287.43492141351,30636.22787528002,30937.926100843666,31539.870038705227,31743.58222773195,32088.850022584265,32052.72016784993,32496.98192393577,32603.705155611697,32762.731921452585,32831.7130171477,33068.28538926491,33214.12141092379,33299.70452963635,33310.231999320546,33422.92980262387,33552.25696613698,33740.072790926846,33951.777609098164,34237.14938182402,34550.71412495027,34945.098333820955,34970.234652426654,35017.233442389355,34996.73723894271,35142.50468917148,35414.21934214311,35465.68191302265,35791.95691243539,35919.6261198574,36299.44392468074,36730.45776060178,36888.08340587259,36868.80079715672,36686.102935254414,37117.54449419622,37354.05213297958,37771.96594498895,37930.621018640224,38355.473773744576,38318.515640224316,38645.50127420246,38765.85660857839,38672.59284715981,38839.24452033752,39090.57474226439,39666.59701371467,39698.26462772177,39924.48290442922,39916.465746939866,40051.45242176234,40044.44822265055,40256.01251326702,40253.95858806803,40281.032547699215
394770,107,"Lansing, MI",msa,MI,28703.012929511366,29359.49372592671,29192.538582777684,29246.63900144165,28950.11986774103,29105.37554812209,29193.639494723084,29338.413860503497,29440.282964473416,29521.97488124483,29872.86253549684,30022.066455207038,30250.02149861804,29888.5368631355,30134.44382990317,30223.403686771406,30486.311667502814,30450.39799363723,30502.836544755137,30788.19993357475,30629.551998633848,30655.32671686581,30622.561368986462,30800.555795450353,30955.619552435244,31211.1878645704,31366.454874398056,31376.116896916625,31541.08017325778,31593.355310878804,31620.031457346355,31655.120815775845,31977.958513762358,32316.763833885507,32452.570699419357,32523.455934839283,32578.801509870307,32607.53697496434,32705.173688199382,32827.83649167978,33074.42267203023,33223.14427437344,33488.29628600933,33353.61626428785,33509.00072421355,33607.40730523879,34083.61394905025,34301.05798359225,34225.200811915776,34216.308535012446,34320.283821599434,34501.00457729188,34483.91161323596,34655.496513941354,34739.10489550467,35079.01656259211,35146.8402789499,35217.81180694181,35104.88409463376,35199.57420441232,35534.47043711605,35837.4743050244,35941.170082317956,36169.19659314682,36403.27039235746,36479.821077491535,36589.7222718578,36677.185783205,36994.183469073025,37181.024071355816,37335.00298850618,37739.124658198736,37949.35161792232,38630.76182782817,38572.2281237604,38793.80463905683,38830.71342712087,39322.37609581969,39659.442123406865,40200.75332609526,40533.36313270414,40931.71903673332,41141.23248068007,41452.69729714908,41965.091205106,42185.35194451231,42794.00302597854,43040.38230250959,43648.53248355681,43864.964185771714,44107.17138822065,44300.239323473324,44337.36475387179,44554.7596005128,44630.000060491475,45073.745886383615,45107.33919045524,45156.09438850954,45083.03865208776,45302.171053792576,45314.15462932362,45381.79682267302,45636.66952764503,45918.54856624547,46129.97863168317,46254.17630159415,46861.767000196975,47011.40318427747,47218.259661887925,47400.201148133456,47771.357150704476,47896.870312316205,47983.001919450704,48355.47243374686,48658.12762095569,48863.198527107364,49077.1080624571,49507.1276314734,49412.222240800504,49566.92759894007,49847.85149463724,50187.96057832498,50376.1697381609,50675.234046918726,51035.214772786,51206.52443197761,51332.23625021397,51522.78449190025,51784.028087450126,51878.64993442694,52172.23657832389
394590,108,"Fayetteville, AR",msa,AR,33878.41587059974,34112.41362273485,34345.31929407251,34614.579691432205,34580.47103887276,34808.64520703899,34678.53097551995,34806.72227579527,34952.12565722764,35058.28691897935,35342.13899422833,35520.8170436431,35789.757212607125,35705.02935448273,35787.87961955472,36006.6442693192,36309.42068706497,36297.357379844645,36427.82887369374,36630.76424734876,36769.90128190959,36904.58736530856,36925.435978037174,37115.85142116409,37194.51999624452,37563.361088879625,37790.319052993415,37998.02910936706,37916.01856399111,38058.01253047372,38113.802404084134,38402.488533791315,38603.56052349225,38844.723251472096,38850.7894054108,38845.95424990714,38949.64246154007,39030.962751875646,39222.250858395244,39151.51051096667,39272.79298740829,39378.02782980061,39667.66161851725,39693.570460366565,39817.2418916162,39797.3726863132,39977.39672652999,40216.7004345142,40344.61459909231,40433.07486524387,40457.724335675775,40661.82618858886,40848.14060609542,40990.7676114761,41011.27616923269,41093.845225174045,41156.86787670597,41307.917549228536,41435.43689842865,41482.939964092475,41582.35729591179,41668.66367986478,42220.215763505206,42254.74746415845,42337.60368309703,42312.68899157948,42456.14726112904,42469.539109413396,42778.043671215695,43131.83957082401,43536.49775798253,43846.78440565503,44165.08961552432,44601.348844197484,44797.792167779495,45239.735108567365,45515.60846082602,46021.078327650415,46428.13346107383,47116.82287209747,47808.32502967539,48396.15725029362,48903.58198853804,49341.461186939145,49651.92282781794,49921.301091746456,50316.27445961145,51013.279497995674,51863.305411910216,52705.720094084565,53600.5214524171,54312.03788825633,54481.702146362295,54596.14569569981,54924.83779170308,55451.051361778555,55915.08643822335,56138.81722601305,56460.929494308635,56494.03764671993,56577.24380382313,56500.56520770735,56483.30239740231,56471.10496222678,56823.82856256677,57076.85510383531,57071.9663642027,56963.43679559706,57003.90859774848,57465.03054189296,57775.543907686544,57980.994499103654,58147.639761031896,58457.79348301624,58688.374226658816,58959.924710032625,59208.84857124185,59245.32558023025,59703.75144040719,60074.28216537837,60372.40460622464,60445.5256330743,60552.745975402846,60791.575606414604,60994.489381498584,61147.12451727992,61315.20131823658,61466.38043029725,61553.202360910596,61851.928016146245,61888.63979831469
394589,109,"Fayetteville, NC",msa,NC,32541.425712681867,32610.747735773857,32621.20900922435,32650.576857911245,32645.497468959034,32724.80922585808,32783.973327544474,32884.741174638715,32902.926827646836,32931.630471746634,32908.39784612725,32952.92374548427,32997.05420733882,33029.51390641153,33111.98327066956,33080.576928295115,33112.05404166619,33064.46779523541,33120.9862788403,33224.42066003284,33317.646665288514,33343.375810707854,33385.25075159981,33403.30326965873,33515.141273727066,33591.78741933253,33635.279784592814,33677.83006100031,33725.613141743386,33855.335574074415,33961.95116510696,33986.46126885165,34095.693811637,34210.61008274376,34307.49233700163,34391.19360641,34367.394559072796,34424.66120464101,34570.319331090315,34789.290028891206,34901.3890218923,34926.80594273718,35022.44799196759,35129.31967123766,35188.90285360622,35294.18505106017,35546.022869732384,35706.95993445068,35975.50039889301,36025.24831948092,36129.889184872714,36203.76316483447,36350.742897150194,36542.96580280686,36676.12363253193,36835.247472816984,36998.183766028735,37139.902826064674,37176.49546418264,37297.50531571575,37372.06379629313,37587.79742185672,38072.286616860794,38074.64667338517,38163.998505585725,38441.09509383729,38938.66223062491,39321.6845048759,39817.07463200173,40523.05025731598,41014.88559386984,41435.829755322935,41598.21699563814,42026.36293560655,42433.80574595888,43324.097362575485,44315.96548878696,45161.69034363403,45918.8529300761,46406.99823724655,47070.02585025863,47320.21733764382,47990.20003479596,48621.945112101086,49576.3801284744,50150.11953587933,50656.008369297946,51123.87219324067,51401.278935156835,51823.48888032868,51919.53577888711,52427.992221692795,52581.0086141102,52973.51983401886,52979.02014298257,53219.865219204105,53524.66453569693,53911.36943582463,54392.95047493197,54412.954062203564,54618.596509989184,54492.829182419824,54605.379769884945,54638.37626585347,54766.501396927124,54973.93048198906,55128.59079742815,55108.231236665466,55179.58820169382,55184.94920609222,55372.714425332444,55762.07758702656,55983.74702268198,56302.59366538548,56457.95151922401,56793.49796875918,57124.146492781074,57283.310286818865,57444.71350436572,57761.3898029001,57895.461155483536,58105.29973668453,58127.672950231936,58198.84439236773,58334.26414779016,58517.64771748867,58767.86438108513,58819.95858307167,58881.65616335822,58982.10149346514,59156.06780052721
394792,110,"Lexington, KY",msa,KY,35551.419442995626,35615.96932654439,35826.63941412196,35876.83919931558,35952.02198962892,35924.67420411841,35941.46181928413,35900.14370225515,36024.257270025766,36136.25160869851,36420.853503915445,36525.479888619244,36763.383384664645,36721.67697306689,36920.91308996199,37287.24340821071,37495.73102198629,37605.79187891922,37592.45731519376,37827.348330505934,38052.221659495175,38041.19647811307,38004.96744957058,38125.51166488387,38304.135920475885,38631.199760337746,38698.70735603024,38710.07900596699,38547.718883793445,38663.491516101254,38821.148589932774,38934.57235830897,38994.905432173626,39205.010819828334,39403.12946044944,39390.05475117071,39424.96698655887,39479.96430717234,39651.9542029502,39712.444102816204,39941.436878935594,40031.71760067888,40115.38298031935,40022.27259009509,40030.76501758847,40099.52532837405,40325.96510417537,40638.89652550551,40713.87053342538,40787.48313689672,40846.958140822346,40983.32878893128,41105.44908426611,41217.83405621232,41336.64366413286,41560.287869786145,41725.6499570633,41815.50183008256,41784.94502897582,41759.74537285866,41875.75119246827,41956.76601234096,42400.842606682505,42360.18613811145,42328.266809352855,42288.60333464347,42458.82934458468,42694.87178529531,42959.288000594635,43122.427234010596,43476.23889134818,43843.992812262506,44128.550434298355,44494.01545356281,44588.698942153715,45092.21493353063,45581.32357191283,46236.85808233013,46801.42718600704,47501.29436665181,48087.695774457185,48663.519671920076,49031.84008068038,49418.16871471985,49577.65270341557,49889.612306283794,50437.31748765864,51053.20581409054,51580.43132831995,52118.617024020896,52712.3086792213,52812.7111855819,52872.06766535276,52879.76343497502,53162.102498200904,53669.93869217829,54282.114245486264,54759.72081480395,55013.15873929797,55171.54947705464,55473.10314883463,55635.38394098421,55629.03024108365,55886.23949045264,56082.3601243075,56384.0517259379,56713.822093772214,57059.32675488884,57551.66924951636,57631.73354387149,57935.872110395714,58119.32240810856,58409.23283506437,58706.20150738944,59042.918895939074,59501.5381987293,59647.57168467065,60121.247726672605,60299.12577835033,60411.86575722498,60409.395589355096,60764.6459352788,61015.256579550514,61379.481367885,61606.5499644018,61889.97243166053,62217.5346441302,62413.5338576476,62896.02068306616,63075.87017038571,63423.5142349859
394971,111,"Pensacola, FL",msa,FL,35540.7055566908,35672.74911259184,35822.612278384884,35956.42489136468,36070.26579186804,36069.67670409407,36188.58449422743,36270.82688471676,36392.90560460247,36652.74808243456,36766.91040851988,36926.20899045357,36972.94446323423,37155.041087668054,37296.151800436135,37440.56387769971,37544.9685262692,37711.98855992613,37882.345560097056,37930.815009962454,38000.96022753009,37956.69693827123,38153.2312299575,38274.382155149426,38510.048205189625,38624.298336997264,38730.392349529626,38861.871300857136,39006.643052994295,39247.933826703455,39408.00681616881,39643.174011156414,39844.664695563144,40088.63620518939,40245.54307132559,40538.688629294695,40738.59347570538,40917.63021065299,40981.133789281586,41090.20370803085,41289.16423809888,41509.26855652683,41811.30725513116,42081.09225733873,42247.13698772997,42334.82819337821,42577.95319674182,42845.614504062054,43121.74642689515,43242.01386332842,43587.703242506555,43886.53379951669,44119.25996451782,44276.90598852758,44409.14119676839,44559.57499415735,44807.00931970968,45119.006521316136,45306.090529036,45420.071267499974,45553.45733771268,45843.79885206383,46507.38003881566,46493.18156866668,46614.13932406003,46766.33557186975,47269.4776647368,47601.87837030859,48158.98086085351,48662.437671160114,49192.209530553366,49933.91540757538,50418.15237329018,51407.69016153091,51921.84624044916,53587.365715862885,54817.626614185356,56134.49392547357,57138.96622232869,58428.069004749865,59631.037203281536,60426.913101318416,60822.26721712079,61422.383161628706,61924.65853529478,62378.17875244814,62889.41520161939,62779.35920482472,63165.841880860564,63421.37843830476,63642.70209920331,63627.14156973222,63856.94268907623,64145.34383152064,64417.06241077827,64179.05984541481,64495.83874042331,64443.579984749114,64676.498831542005,64765.63459792798,64850.384340791315,64792.48475202517,64730.33852558157,64769.30663680503,64647.888431124535,64695.099239464726,64912.42292433222,65418.49883814906,65728.74627601696,66004.05360104085,66126.3347944181,66148.95075817814,66171.69274039812,66327.73870485263,66583.09938557721,66849.09498658868,66870.51574761649,66980.2446381864,66935.11929050385,66920.26584586091,66811.36874530157,66894.35124382305,66954.51032930939,67239.66095692542,67437.4537103564,67621.00406139376,67744.81375680197,67847.17466273147,68169.71655268213,68347.19851506618,68583.03955188864
395068,112,"Santa Rosa, CA",msa,CA,65012.344612180364,65326.84267245,65851.86483098824,66515.31274801168,66979.58579450779,67639.02500196421,67847.02331216665,68223.71361212357,68748.54594268631,69304.66563287006,69834.2527075948,70572.20440315765,71361.05326703006,71940.17752975154,73261.8066747697,73591.47837695906,74340.37618492998,74237.93073167985,74651.20992260624,74861.65625795172,74666.40357988312,74790.50923187143,74705.35961486478,74569.92366303309,74876.99116137037,75845.72458815017,76111.3733387086,76667.02412303847,76731.7495059434,77669.46829082425,78004.4838704254,78405.28329552467,79017.61894523235,79866.35624703765,81319.77478150772,82325.70930479543,82986.22022786403,82847.62310359834,83419.8702485202,83338.71380860808,83552.87718989521,83518.88773736499,83896.97546799044,83981.1764029328,83966.56485749404,84415.98564286588,84310.26198225807,84474.15656907686,83534.84746054612,83596.2393308772,83357.85085937472,83656.97534183582,83889.00988740982,84019.80445550948,84035.5294831893,84259.53786154882,84517.63179386183,84234.38021726692,84120.83572283987,84040.18063897867,84868.67982006833,85208.42333139197,85330.23936280388,84935.55457691375,84549.50955524492,84716.93326883628,84598.5724564213,85035.45187179178,85183.03668488609,85993.20187746991,86233.64350378458,86555.15613546607,86459.269301087,86798.41284627974,86978.11227148848,87322.84745005475,88080.75649493367,89049.08108999391,90506.81971759936,91386.87756160939,92501.40508619278,92775.44875579826,93597.6265069229,93876.87042898826,94843.6716805464,95510.61586827859,96651.61629981715,97617.32501713777,98188.95242415117,98433.81005675968,98396.72404002314,98279.72511434474,98163.52725247254,98336.70521475298,98236.25383748212,98674.86542253045,98569.57516216817,99033.1640494869,99107.45715048331,99616.87603588296,99962.695395548,100218.6018443437,100283.39036203365,100900.48062624648,101299.73514540234,101542.60503194897,101732.04549319715,101668.71618497756,101960.24718739338,101761.09392499688,101876.32503738088,101977.05238569184,102199.15368629937,102426.8068780783,102475.29368901436,102644.30214526689,102782.11795154394,103361.6406345531,103634.57789681354,104016.00160358183,104230.1563672441,104550.01836524924,104695.77704950076,104639.12087008265,104610.26237459293,104655.38069807058,104940.81666730305,104867.55857461307,104877.57202552391,104552.90394839543,104479.60506160508
395019,113,"Reno, NV",msa,NV,38884.71636431626,39348.62913908661,39664.061439068566,39776.02343691322,39881.31699413274,40011.44484459928,40120.54778389211,40308.15562149413,40628.07961857196,41046.46329532146,41658.84701552106,41944.448666219556,42157.53082239028,42284.62244438137,42554.033795559626,43119.04121158333,43361.303519148896,43546.18048343975,43712.49324120939,44013.023510677245,44282.171869982005,44503.08630663071,44651.39264991221,45074.17683715724,45391.49474176291,45757.23557994376,46100.951806235294,46536.9501281914,47254.74220599934,47791.259844823784,48428.487429381734,48785.43401089696,49313.74755014589,49549.117211526274,50027.66745231037,50288.01551275504,50902.98593256253,51235.66392881254,51731.0465947178,52049.96375888209,52420.95109470032,52924.91313726844,53490.458253777826,54029.85780065679,54203.992917651005,54441.644820746056,54727.3583707878,55003.630601523546,55288.575705055664,55497.71851924759,55686.263445900506,55900.46211421457,55994.08926817203,56095.916631160755,56096.00356416753,56229.39243906721,56548.96110701933,56974.40929024427,57229.94014837077,57543.62454250171,57677.64317737975,58003.66875951945,57982.37088325873,57947.75885678212,57779.45450917322,57435.558048075756,57459.62473310133,58170.694274501184,59163.095663184286,60316.565460500184,61148.38191823231,61874.61575747591,62508.120758968704,63155.97330316033,63657.93956598266,64214.81510232559,65121.3893918565,66265.44921649685,67732.25201289836,68491.96418348655,69089.79657922074,69004.34245090676,69227.33996366474,69036.93731430483,69474.06549164359,69467.72151488766,70002.94360527841,70338.25409743679,70670.80213848299,70818.24134511006,70672.4362429678,70472.35119613378,70076.60722433342,70130.07978650856,70200.92375682054,70667.1971682088,70511.77514179454,70897.74617429014,70776.27032206734,71028.55914461934,70754.29176038435,70669.86172616157,70488.15359919085,70451.28192536924,70495.11342165188,70520.66898938318,70591.01641271051,70798.45716397576,71133.60296337199,71149.61279985438,71381.35814670219,71800.24649116742,72249.43626566356,72677.36343079744,72596.99786559472,72917.5854039483,73029.13566037807,73359.59727695763,73443.07843564403,73467.10242236832,73592.14859074174,73818.76053759245,74046.89747842186,74014.17108658174,74232.44765624752,74434.7491567908,75155.10249861421,75560.26378404976,76162.32410577725,76565.83350450385,77165.42794670188
394698,114,"Huntsville, AL",msa,AL,30708.704459613105,30808.43096094548,30885.43911061574,31033.607045764038,30934.94893315508,30817.015222713213,30671.427502643783,30739.014560876374,30862.474720009464,31094.217152143454,31131.010050256245,31185.95667963792,31328.926566421138,31437.699677078715,31593.22406192291,31547.756542462284,31599.407172501757,31584.627572114983,31635.19018794659,31643.720661680145,31809.381714929787,31782.707075266844,31924.419334647206,31994.725602717943,32083.341670443784,32210.568066130323,32293.6229170985,32486.600670927062,32600.911292189103,32716.778378750474,32937.05460646948,32990.02570771724,32968.69071513392,33012.25669611399,33188.588715178754,33372.09390719481,33563.73084333528,33730.20496504875,33952.19780175247,33946.93413545155,34171.95993467067,34481.7094770873,34784.72616084728,34934.084797177355,35072.38676052029,35327.81798304818,35662.88150330676,35898.04474974234,35849.59574442057,36071.92148897938,36249.71805997242,36616.65287318893,36854.98433972975,37062.32912576924,37231.2624239342,37635.35744779418,38077.4152248042,38458.3978162721,38701.601585879354,39068.88951997425,39689.18195117592,40132.31257456005,40431.19130208336,40467.61433110914,40843.95805784102,41183.642393299924,41867.20792228741,42337.78059643703,42999.97462974683,43318.57581162794,43845.291101653944,43995.40382124216,44530.56901264454,44926.04378758611,45698.83569947107,46350.84130658199,47135.245361887115,47857.8154089452,48451.06553973145,48950.52354772071,49536.60931231507,50154.47880495996,50578.44714947415,51171.8506809727,51429.79594507908,51819.04125428379,51645.77385543271,51907.57949558522,52084.28018777109,52596.87082491396,52802.220760968514,53080.38168321545,52722.93767332689,52698.793600189594,52716.12615066078,53001.16096618864,53226.172117679904,53443.90265130576,54229.13596363555,54628.7656431962,54729.5297855661,54280.868898766545,54052.61847038378,53970.36946691798,54170.511165442564,54392.63420093996,54588.37643150527,54581.00675392483,54642.43521556756,54444.88859844317,54469.42856070993,54357.21525551413,54626.635914566716,54670.09050696846,54951.750106693486,55000.081607257955,55105.25475506294,54979.47371184067,54985.43791008165,54968.24801267326,54978.71271576539,55159.18292409331,54998.14595950962,55037.496811528086,54938.95415899733,55195.2911657788,55230.420672311244,55352.94194142897,55416.420328007116,55573.210741871364,55641.757992088096
394995,115,"Port St. Lucie, FL",msa,FL,44417.71006813385,44678.04951311924,44901.68454541617,45075.51876288073,45216.72150856284,45242.012576797075,45538.12457279408,45783.20268014674,46258.073469054056,46797.601589597085,47308.8400462364,47480.5956847891,47557.26777974766,47646.587098741926,47870.37578116581,47981.33478493484,48376.63732241445,48661.558985645235,48915.49961633815,48965.49617043991,49041.09883376612,49081.63606942111,49088.64555180618,49214.89862356495,49748.07418404065,50269.632007721244,50708.32081176659,51067.847456544914,51335.98901341239,51867.42608687258,52101.44326141882,52526.603203994986,52498.2785892802,52692.235280311535,52858.28419327004,53405.58739186685,53559.39426731034,53801.88811065985,53948.48570546287,54160.67542005747,54444.60451321243,54648.77645315485,55046.65820205485,55187.657464958495,55261.202780558015,55185.892780354494,55503.28076620247,55933.400015161125,56321.1581443384,56474.23075001181,56676.00310244604,56886.657969228596,57017.55968245445,57093.30570433332,57158.56213485113,57356.8787030988,57810.28519682932,58251.49428406661,58391.16135451924,58211.36469483657,58162.51524308374,58235.45579059262,58628.48134412934,59085.9083064444,59538.55047609842,59477.554145981245,59808.648809834296,60012.24585184812,60933.525877844004,61690.737857663546,62481.92967785787,63058.73582188716,64015.30539720539,65471.28857852092,66593.1953177568,67340.7029444704,68063.59168836565,69980.17965903776,71721.1232950814,73666.32798760693,74575.9375739598,76240.64380871732,78332.11082604152,80306.37022632403,81590.365293666,81527.94171105792,81870.12432011092,82425.79166422399,83490.2630626205,84170.99579353737,84830.99988364524,85143.37943295854,85600.36770986805,85618.12329456281,85290.7250718802,85398.34749563462,85703.74560537122,86400.61531057105,86948.80952220781,87481.19245194885,87833.61557360637,87756.22749530963,87695.47839211335,87943.40819948392,88377.12816120117,88498.68531403558,87995.30903622237,87648.95489573113,87375.24938964823,87599.12963418715,87973.70677260848,88256.52782280461,89034.41885045005,89170.07293123765,89331.54112808574,89172.1872541843,89200.16581711787,89557.90826718649,89937.39147218988,90408.53146715138,90838.17797190379,90932.37730869214,90887.67321427968,90871.41039719553,90444.22764729137,90747.23913308252,91031.97744499572,91470.18629695382,91672.8171115009,91821.62711080082,92295.96068190338
394761,116,"Lafayette, LA",msa,LA,,,,,,,,,,,,,,,,,41109.80559387966,40725.44108876349,40557.09427899553,40326.189906581116,40480.084607284654,40211.15380074752,40682.31114974694,40618.265887285816,41057.277424710934,41030.51479699507,41439.450012482266,41104.85367087583,41196.62237666685,41116.479439892966,41246.329085188314,41429.672152229774,41474.21026671417,41643.97621094809,41365.78154970069,41507.57285556217,41241.36075848932,41433.24602841776,41199.84775687773,41198.91704570968,40990.86728054819,41276.04296339006,41458.51925186335,41726.82855319969,41636.5538201334,41506.607850875094,41374.72209832101,41506.17645801506,41544.849414862714,41552.491171712856,41658.009413468804,41793.3980632471,41987.31872717795,41929.60536417617,41813.280135862035,41587.670274785036,41603.94619583322,41676.8470162235,41825.1497958306,41671.59760478028,41678.80565266194,41579.4927741977,42244.94459938689,42330.949233751526,42388.395657052875,42324.07486767773,42397.8894046443,42722.39574577088,43373.87015237178,43894.38091655327,44151.323389073914,44250.588244353596,44330.98575672182,44173.365328972664,44251.74788575941,44456.13626245238,45180.001198798454,45785.34132850028,46578.15955595279,47114.097167830725,47705.28905353846,48133.28617227012,48680.70810854122,48984.325343669,49386.61236692436,49645.561260274335,49803.962206787895,49943.50174943265,49942.31993415445,49997.473977813424,49866.499388148186,49753.57077247361,49411.246176512665,49221.49965614752,48981.32166300787,49355.01949063702,49607.51318940572,50246.81709070304,50463.105933658655,50689.126724729045,50558.30109333063,50715.09399662794,50924.56576796296,51361.12667271277,51647.33950175934,51782.2297673605,51762.612218632436,51821.86833897272,51928.605742980726,51962.77040714139,51597.65743329189,51500.59283888886,51771.56528939913,52165.09447673429,52281.64280044699,52444.57793673326,52417.20407631494,52665.042998491175,53050.64145248072,53108.08351871064,53159.459396300146,53098.85769573113,53556.77366503433,53793.29255317344,53919.82716400032,53790.08957327273,53872.39757833895,53801.46880266437,53984.7897282323,53989.101505480445,53954.331002331004
394898,117,"Myrtle Beach, SC",msa,SC,38605.4226265468,38628.59432594254,38537.45900166648,38776.403331595204,39234.18411609936,39317.40338656447,39617.02921796497,39767.4808423342,39855.088112332545,40052.17785835047,40078.25190344645,40224.92251377701,40368.14028730022,40511.175011745494,40747.53102306762,40837.06902977246,40647.033180537306,40858.09848699947,40886.884116517285,41189.81408233829,41420.46621517173,41602.025604134935,41728.434423169485,41719.982888649705,42051.226882925366,42427.37461332201,42490.02986157177,42603.237221768606,42885.38449147716,43245.364533885026,43444.408704819376,43443.25379292682,43577.142328463175,43969.28740427206,44150.79171157014,44384.313945229245,44463.610499925475,44438.9447375652,44355.83171047088,44560.85945459404,44918.67506977144,45195.86232360267,45268.489417886034,45369.7047551055,45591.631336394814,45684.6395669689,46064.14640627099,46000.51901249966,46309.65650692193,46310.58947839344,46725.53275937343,46922.826323494795,46978.72353593465,46999.198233673225,47304.21145539501,47649.21168151609,47865.54887072582,48077.18508112155,48205.6567156023,48701.665475786416,48922.92616325062,49450.518296824186,49436.58811399202,49428.529025494136,49139.73955815123,48952.708097793016,48950.35050830123,49109.2117093775,49374.02395027157,49445.30150073498,50087.27756728274,50700.014091773104,51638.16834661101,52163.40766094954,52384.943052915514,52887.47857755766,53358.4569940219,54509.65159790518,55931.27697933138,57362.175116269405,58564.525805784135,59883.84956351294,60382.58848013716,61266.89030677791,61420.521163959835,62090.08665073435,62968.537004342776,64057.23274080164,65512.50483476269,66043.85333637854,66178.39573121512,66265.75150894748,66306.59188857913,66517.62253755466,66659.21202034259,67006.6682425894,66975.943103282,67079.64130315324,66911.02276044161,67334.0758850087,67519.23117280369,67459.08964570847,67624.07419179424,67447.8878741717,67840.75862189382,67545.7196170859,67775.98487013979,67906.72777613427,68315.24764226971,68472.23590883311,68639.32282826645,68820.13031343397,68841.47711841945,69105.56369078888,69402.56097355383,69810.07704097686,69973.9457337342,69896.94076699349,69931.9283661614,69931.97004883889,70004.26452776357,70075.4403858031,70200.56961124063,69946.4038903072,69827.58366942707,69781.47233608825,69644.30278565915,69565.86314791249,69382.20864822985,69631.10796559586,69552.18514854007
395116,118,"Springfield, MO",msa,MO,27685.79774588805,27664.031579661892,27722.673229092823,27755.50311408182,27918.586308932514,27874.320185494387,27952.148631809283,27956.167211679738,28118.13992977815,28190.464814343595,28134.74496167505,28176.437577973073,28235.863114799875,28434.72841267593,28432.65901073273,28541.88023122149,28538.36209040968,28694.542844933738,28745.74322493754,28842.01460991124,28801.672066973788,28960.821702446137,29008.25075963277,29398.19464408407,29486.663198771,29630.342264266706,29553.24820405315,29486.17867801442,29496.108627627687,29516.81558922466,29698.798128575545,29837.21607711157,29957.256995150226,29892.070400358705,30083.7427940103,29751.646003686754,29725.17718619934,29775.49867472535,30163.208762589944,30534.543879467663,30533.642979150216,30737.4333580923,30780.7550480071,31012.500308551742,31162.165074147077,31462.32620936239,31554.936062959256,31607.79088781466,31785.17807522604,32014.03902042023,32029.647977185592,32046.165647000333,32353.581012670034,32481.423933668008,32687.933974744465,32774.3395199739,32975.448732903045,33125.25837369339,33349.56819680817,33811.90012772107,34101.5537588096,34311.66069245941,34015.1484266472,34079.001278309166,34131.290147386506,34377.36102893606,34669.12531431631,35072.34166118108,35138.0118260609,35348.933524570304,35585.63790912877,36010.076603811125,36515.76515595298,37074.057180602555,37583.07696811899,37859.136649718675,38444.827577174176,39062.228389309705,39890.17771440345,40115.088180521096,40384.21948904231,40694.493010712264,41264.58211734913,41851.24146868575,42171.90810302583,42305.23165359492,42543.37045310526,43215.728107015166,43634.140197006214,43841.92830660077,43630.59761954977,43992.75006267879,44322.91301378415,44584.66237527414,44694.62777889587,44906.645472797594,45010.03354910491,45063.673593483,45003.09882548334,45147.23993438283,45193.465678129156,45318.20202423636,45633.36435744944,45860.41577784616,46153.462713278095,46269.24514933165,46330.95506767933,46340.3387810034,46450.844855071366,46660.60051454551,46905.50085074603,46914.05595503767,46931.95224713478,47056.85447571874,47270.64809174879,47592.8124153235,47819.0945029324,48030.96995407817,48039.19211356566,48263.30149430824,48503.00105672144,48715.43782356346,48925.52389251616,49122.03416889462,49396.88798466303,49586.44098609382,49685.63623591209,49636.77157339046,49628.73310572306,49729.90614478282,50033.39190609982
395195,119,"Visalia, CA",msa,CA,38000.75358979493,38095.821068789715,38167.70650576541,38334.430146861865,38463.65552200073,38402.43818238083,38534.14973082192,38671.26954491563,39110.12529391085,39089.615879098776,39253.2929465876,39400.07502212965,39477.685853350464,39394.905433266424,39390.34773361911,39629.14732158331,39950.09747335268,40159.72027255692,40021.86196460303,40071.80455949427,39936.357059458256,40356.34872952178,40517.257285024236,40790.6468386721,40907.8166272979,41115.36924907668,41387.43249440627,41452.34112548027,41691.099780809,41907.02991035812,42174.535047159115,42090.56916034898,42137.40331597322,42267.518486224784,42583.31780848708,42747.83141593393,42911.895159577216,43072.501288797954,43094.00517065743,43197.74076617114,43089.077072888846,43292.63611812277,43259.81805425863,43545.8185741865,43672.14316761164,43802.24423536432,43756.03538159968,43940.5766995115,44182.16949756986,44280.42398412798,44491.5958926836,44692.164829779926,44953.56414361225,45016.4238346843,45303.734234179086,45478.255462466004,45742.71826484211,45861.074695365314,46080.03069397072,46174.98009803697,46264.741760574856,46456.94602740389,46706.509751479185,46979.75755046605,46784.952418716486,46829.93254429358,47109.283996228914,47748.84669935089,48396.26115413737,48573.00893597652,48744.571331282634,49219.15726667738,50210.01119421936,50932.17969710043,51975.97084104796,53088.738597894764,54131.56431685598,54822.28541300352,55212.4116804044,55562.071525103485,56089.8994412292,57407.0272461559,59036.25445328248,60435.99774286958,60671.938972937925,60640.57816463855,60286.53095245741,59984.39788049759,61087.45016858278,61908.881373738164,62859.13006194958,63001.54947479583,63417.64650132898,63303.143156565566,62605.48562091429,62312.9970951697,62457.45501411285,62935.464127110026,63363.871423360644,63903.82270263797,63558.54005693596,63135.017645013446,62981.52291533228,63286.1968493037,63758.05525321764,63997.35864773167,64651.24706517794,64516.227620076344,64935.20661302235,65183.39470268237,65383.89604134466,65391.557904887304,65667.56542493573,66717.13699889813,67050.3247006354,67433.78991053828,66744.46041527297,67150.42000467186,67387.54274796588,67980.56316246108,68141.91210290085,68324.46362881415,68613.95004733499,68974.37620014077,69252.13663457957,69025.02788437725,69207.04063509851,69284.9135380348,70037.27102798944,70137.79411157814,70263.47781513006
394746,120,"Killeen, TX",msa,TX,32722.339946322732,32739.44888537489,32827.551740954565,32822.274589665256,32863.064696033,32856.24026715273,32862.746020560655,32889.42449932614,32867.54685422623,32868.43626676475,32915.9525563097,32953.994643868624,33049.35709494273,33055.51104751535,33074.23641750496,32977.04747653984,32978.38014330583,33023.421382722656,33173.33873886766,33249.539350954816,33321.55894347921,33330.72687194142,33352.345772825836,33433.99107326722,33436.47412843427,33511.537318988245,33559.4360087893,33670.776610658,33675.85816926571,33673.9573152929,33643.52128295422,33704.7995500615,33789.23624832473,33918.48239065252,33977.52409099997,34057.990062659606,34090.23075135166,34120.774814720346,34157.60614787446,34264.35925403688,34339.483767591475,34411.305724548154,34406.27649194862,34500.69822331587,34676.89484766463,34875.135744046325,35056.59137705297,35166.760056037834,35318.20344295308,35482.9297848808,35668.53334104063,35796.425614208216,35983.041711296144,36171.82317130883,36417.841008739764,36557.910162323526,36628.3317710473,36675.26660674435,36772.21205487327,36905.40741497203,37048.75966068544,37170.59036671438,37425.23651536849,37438.16575647995,37555.93926027793,37797.23703677569,38153.41007445762,38577.710920609454,39101.65925421809,39615.048084474576,40033.66775562862,40334.533228936954,40562.92034558864,41075.65014043,41572.57660055918,42506.1721026667,43242.988627127124,44224.66425832001,45048.602613560324,45852.38908161136,46588.14961359944,47352.87187276861,48114.657071469264,48804.37095465312,49160.04455555827,49410.90787248639,49813.80612561562,50232.382791277254,50630.90127099906,50712.15351128854,50786.37843881068,50913.28674884666,50954.8556361928,50795.28398168673,50701.45454980265,50763.436635079284,50986.55445256884,51183.18004724922,51302.88558234479,51354.337644046114,51421.61748006993,51509.64946924279,51468.55772026034,51464.74142047591,51467.23839610741,51661.80947765702,51581.507914658825,51486.94559639749,51368.607243410755,51531.80158781652,51561.2146043745,51540.53137693752,51374.428431668195,51366.04425249055,51417.614766298626,51381.90148318469,51385.43572356829,51565.41872818954,51924.15599086273,52070.88618945627,52211.246411142165,52143.49434514879,52167.99777345401,52233.80005965464,52401.67957952354,52484.92399648482,52578.14868496086,52699.44322314305,52793.56409020098,52684.77179168789,52542.785066562516
394338,121,"Asheville, NC",msa,NC,38880.2002950115,38915.64786531831,39793.46428071445,39980.581523355046,40131.851397566556,39716.76704880062,39894.55156354759,40263.25455921351,40636.363434149665,40739.19194713022,40683.75996879905,41162.35118649346,41564.48429420758,41715.80610473265,41296.79603194398,41395.250343296095,41684.00421924763,42394.86672558821,42671.77792916673,42754.16491343645,42891.17932814839,42994.82549878371,43259.884660049756,43003.36873359118,43291.13925569212,43573.51760340532,44407.234457192855,44467.72090034384,44787.172979236726,44677.997475188145,44926.824379967016,45176.014148370916,45343.29546029736,45564.033413091456,45616.72047679821,46079.68466758084,46148.39269349195,46446.52557146626,46712.21720660673,47085.68182331018,47121.324695116564,47054.67543489274,47166.52035284533,47206.50890550501,47449.20975838509,47745.423411070624,48242.39402230167,48444.982439143125,48873.113104939344,48742.08346167432,48657.24131245653,48789.385915182065,48998.6218406537,49418.23412862672,49578.31922191173,49815.97412177501,49903.85244259463,49920.801151559084,49813.60239444187,49807.287071786835,49695.97989101368,49891.18894517246,50267.08240898859,50571.677172020936,50441.02204145451,50649.32571776887,50984.29467712069,51409.77725219948,51902.61468807562,52341.49658214784,52471.735598938125,52773.701435944546,53269.0890313444,54254.48940153895,54953.317810237546,55724.36415144993,56166.55289410013,57046.81342629265,58004.50206159079,59118.0828891859,59805.96086805495,60766.35872936578,61798.57307539103,63005.34071292202,63870.26443095461,64335.55923667688,64492.52877094251,65011.41459226215,66084.67618241203,66899.71659354534,67366.63288137311,67418.55154077143,67874.3090658309,68181.32338610833,68685.52625444284,68905.43010244903,69333.70036071853,69153.13833921506,69853.4156250891,69822.34693124893,70228.55735344124,69947.10675336709,69895.37149242139,70018.3710978352,70271.13846185502,70465.97846504558,70604.86735911967,70719.88233090789,70998.32379266473,71377.0556386485,71653.67698974899,72005.21410729138,72156.870749591,72443.00000352852,72681.80795344079,72885.61071626877,72820.9324661739,72845.33456496816,72745.17948963205,72762.99157462537,72587.76326805833,72670.88528948941,72442.26321080458,72396.29489674447,72143.137672524,72121.92974654862,72056.94475666838,71973.53294840893,71920.01573652281,71812.24641438878,71744.19323406719
395244,122,"York, PA",msa,PA,30605.026862927643,30750.966651691648,30758.529198922657,30786.62347281436,30869.882261412447,30754.176432976634,30800.461999958232,30930.02899165155,31036.244628997163,31266.938799156484,31190.186040683064,31171.8945529622,30909.674608356716,31004.416138003842,31137.50592128056,31465.26120980319,31509.117333973605,31614.016158639857,31651.75576428273,31542.854147367412,31609.138974708236,31523.640717627182,31782.545741068694,31878.568447012465,32175.03892683764,32089.75708949123,32174.107096527357,32113.366953820238,32304.681831511167,32458.133352543042,32594.44917967552,32769.921120306695,33005.31773281587,33145.61557719205,33030.442121041546,32801.96465263505,32863.72391349497,33111.87640794085,33405.35394449165,33589.71121340447,33618.30924987085,33618.99855960984,33696.89215721324,33947.64024345562,34250.00243999523,34478.2334988781,34735.71643475623,34959.20477601817,35092.63857320103,35109.60631588884,35092.523641602675,35193.30484237518,35353.51339330709,35551.21826481776,35710.32683054358,35742.2969207537,35666.107178380655,35725.44434037243,35822.7069252787,36036.030459021764,36133.50712823145,36296.14350707292,36664.153001708706,36808.02358480869,36750.58651912091,36815.92492179108,37010.993926684234,36966.49835915377,36959.69654051862,37196.991612153775,37909.088551239176,38195.41519107239,38593.91092982994,38520.11715685128,38680.096304956365,38885.20399908596,39440.5017603668,40102.84541082583,40540.22540600936,41005.461817003925,41478.56446007615,41956.38385490722,42047.53784562364,42242.106393415306,42315.77797474747,42683.391090047386,42989.322525786076,43340.30992565844,43739.75792961719,44020.22896593622,44169.38732309485,44267.31852155141,44354.00504228924,44278.2761207306,44403.75909218643,44565.58180689753,45029.08232864592,45115.36034286095,45283.17000489522,45506.03364015534,45808.82103630723,46067.85037908212,46155.98143287359,46662.76906985177,46905.94524552449,47252.8552154477,47301.95226302196,47491.450855369,47633.70540888287,47935.85201828537,48103.14675940182,48382.724601190894,48040.66138308334,48049.38916818759,48170.84427109886,48524.128949706625,49037.81229539649,49406.5103987389,49526.654695101766,49790.9194055463,49939.753074266315,50090.97835593313,50296.94077847724,50362.54151092978,50837.76302244847,51075.00690236749,51332.811050834076,51183.77739152641,51031.03954663566,50960.96212019525,51185.40981240982
395183,123,"Vallejo, CA",msa,CA,55465.99572578965,55713.670342114165,56194.169241125885,56671.222355103506,56907.396135343566,57478.09090375876,57748.84461665868,58211.15986718372,58554.43370431019,59271.82011329805,59536.27706291358,60048.61531600845,60299.36525520032,60435.30933504127,60948.604804825256,61362.14322975536,61939.847733734234,62080.17695238166,62262.88873111509,62653.896271144986,62869.755714825325,63081.35241991591,63523.446353589636,64113.017524313684,64923.01624045876,65399.02193661874,65706.34699516738,65876.39723392748,66491.4817553344,67071.94804865822,67782.6768682723,68110.08354695197,68594.8333788673,68722.5030868265,69008.58032488459,69081.90279703202,69236.17288392805,69641.8618380148,70253.22624407755,70802.05444959784,70995.02417364277,71361.95755139418,71715.09197130223,72015.08862061102,72405.3996238354,72491.14391417096,73043.61117948803,73483.64352942683,73936.47950276236,74194.41873089751,74324.3026209378,74599.70257983047,74890.42290876196,75151.13660765032,75354.83087886291,75740.44394185703,76006.96994530356,76675.29895890577,76846.87355587796,77163.80270998065,77382.71199467867,77696.65750713019,77862.04597510645,77637.56836798917,77158.21334302347,77064.52736055708,77496.61966715628,78448.42498826174,79419.85994415735,80207.90385589002,80907.27220396817,81664.5124702052,82386.2486582597,82309.22584886123,82384.31727111168,82576.98517694595,83668.38321897724,84392.64875235848,85523.95947012001,85994.34793528996,86716.98434584275,87187.78374641824,87960.33957044425,88601.89600224773,88993.49898288284,89330.56342190347,89502.3962184027,90428.54230830773,90934.6488796045,91547.48100921538,91332.71252169982,91102.75324583774,90962.06899100708,90651.98216779382,90663.86938202346,90376.6906661567,90476.5955672496,90897.16044415813,91499.04500879999,91655.03368328219,91443.01756557742,91505.10884795149,91474.88206221806,91869.45612415293,91619.07852802372,91975.2180582821,91733.66903829774,92111.4470117824,92178.85654781094,92586.79644325974,92957.1830097846,93302.92143383605,93591.91929946704,93674.47013637549,94202.98678622782,94657.88640589493,95257.71527710672,95391.82496698885,95690.59079528332,95904.43030418019,96206.29928861141,96110.66192782787,95976.21643193724,95914.01031994101,96124.46159790618,96341.01243390627,96398.06864034383,96307.44631429191,96371.22183751053,96504.83128856249,96705.99499533148
753917,124,"Santa Maria, CA",msa,CA,67404.62375321853,67881.15468799157,68546.73506249973,68879.8179785947,69674.144740748,69896.53267751097,70052.26366359863,70242.33805654287,70431.31208957196,70816.60758934863,71565.9361695905,72601.12707311324,73292.31102285949,73673.7563967089,74722.32811727514,74809.04356091272,74560.44280345383,74069.59991114598,74106.3847928844,74440.67860026551,74485.6166396198,74760.74414964036,75223.41081278452,75776.26460252292,76343.91306906498,76718.71558360892,77220.29596946882,77661.71218921922,77652.38012770357,77405.47123231278,77361.52088209025,77438.31424093897,78404.98600746496,79150.15325266597,79464.66455875765,78875.2448808036,78705.51743074952,79396.95552239224,79994.82199672064,80380.84437307047,80515.53098001501,80941.05754538416,81793.78137758296,81890.75088143864,82268.48705824012,82301.76277890663,82419.63375082781,82664.5559870487,83270.9848618855,83586.03767130832,83429.84334997197,83705.90371205649,84464.59064450525,85188.48873102877,85361.31093242676,86011.0600237727,86061.37305205302,86459.39344219732,86972.14458807945,87826.52073092999,88224.88375937179,88489.19215878166,88715.72367656996,88057.00852298822,87964.3653658971,88515.91690931356,89837.23882962513,90196.9686980714,90258.77301364754,90761.77749062571,91421.89497453728,92512.08853465927,92991.09173202104,94128.21009631785,95513.21282527938,97284.6108448919,99124.11697436812,100167.49166544952,102305.15078099631,104196.59786491959,107187.26318919442,108665.46621516791,111098.51277795059,112891.03178830897,113700.51001903175,114405.69214635971,115832.52285681275,118816.96872615538,119828.426138009,120687.84851537686,119509.89647123314,120463.91181052418,120094.18850559994,120728.23069955345,120649.5284488844,120272.95747565344,122012.22958438192,122300.2785902109,122648.94325096093,121128.6335145754,121091.16260116876,121625.46677803813,122718.98722026958,123145.97094390981,124049.6218699542,125001.63519048887,124467.70469921899,124549.59400221596,122753.47345267556,123251.59283509623,123205.11971486728,125247.94695104536,126145.08905000235,126843.61873175057,127031.82904296718,127185.71601047536,127728.61167721613,127891.16911919769,127838.87597233958,128671.53623079688,130082.32626232863,130381.30164064378,130863.79250764228,130215.23063543263,130131.12775214347,129942.96476800238,130226.47022459113,130408.8951575012,130261.16197808913,130183.41934099807,131051.27693744164
395050,125,"Salinas, CA",msa,CA,59184.95135420931,59002.2906793888,59117.57876372005,59465.831331033725,59658.97494204111,59888.29828710695,59656.11230570903,60336.79553579213,60298.06281113027,61492.34227226148,62026.18290779688,63574.87656591492,64213.19390995627,64572.434106922716,64304.029155987206,64768.329161655485,65357.39410604905,66190.1106812735,67004.10008308971,66803.04244572707,67557.46871360081,67447.77631855583,67621.06305161303,67377.71983652054,68116.46764568792,68855.18705272171,70000.27712308582,70220.07608131846,70890.04826374067,71007.23484574253,70786.12784188615,71213.51410226879,71502.04036357385,72409.65325476554,72975.35367081838,73245.2506963603,73283.53838655914,73806.75960288585,74311.68513046925,74880.36573003362,75023.7778379565,75417.11434257244,75655.98981846572,76232.96472212633,76584.07623252281,77027.18726167349,77047.14970420353,76903.7759755846,77031.91214273064,77727.47238171799,77703.63138373141,77952.41689518985,78286.90591245495,78647.99069274972,79327.40082772572,79599.32429951047,79939.14361182235,80034.61955727682,80617.48085480958,81547.9744159969,82214.523432688,82199.02357039752,81090.90960048871,81252.29665490586,81237.31721174,81289.9413874946,81391.87592698615,81672.18599696802,82214.50530720438,83033.02330509348,83977.87616657074,84635.43494367953,84561.23801034139,85158.35554563957,85636.24527267307,86382.6292735253,86850.17174504213,87086.01064253028,87812.70256316438,89163.24317981812,90572.86205189611,91327.08452906669,91774.56351822839,92196.77468309575,93495.23938124473,93357.84321689037,93939.1729131206,94484.03213864261,95918.81707959838,97098.20828119677,97133.39630681138,97035.93994336987,96937.65016970316,97503.47171040568,97932.27921676912,98698.09896327074,98991.77159049605,99998.75223059273,99666.2578289929,99622.42828955906,99558.89212344552,100520.78586432947,101809.54676469849,102178.5250076609,102056.40810787676,101688.16544346699,101598.37650095831,101522.83726080829,101289.78008646764,102261.27283430098,103051.5581587913,104095.27881336585,104371.1708724366,104573.2664916956,105130.3767154078,105358.78184718156,106240.78997716191,107093.64360878491,108324.87591537483,109063.15690380984,109956.80410842155,109755.42786321879,110190.0215755373,110242.5642722877,110700.81050022093,110723.20507097912,110489.85580225063,110945.29706663327,111068.46810425736,111145.8317215742,110747.51515151517
395048,126,"Salem, OR",msa,OR,33367.08957280756,33273.668095817375,33631.492763818525,33793.95702264053,34413.177940584945,34571.54995348581,35012.06623496876,35412.05886397565,35958.795270267256,36275.396630239185,36625.942570285144,36916.964105214385,36979.042425678075,37641.70309530945,37892.37382161032,38491.71924766584,38440.33872943495,38928.14004971936,39135.93665377409,39633.572711998706,39937.13404741287,40518.87041492311,40629.18311072866,40717.05163909415,40973.281568896105,41239.03177484213,41911.054404173374,42213.77837189284,42614.09077839768,42719.851204432074,42930.684973260395,42968.33616036418,43026.75001228965,42731.442125068366,43083.472136595556,43709.554726268994,44308.38120342902,44437.36692656541,44273.853718543025,44361.28138077824,44361.471758744374,44542.91331567997,44778.557347100126,45201.13636304959,45192.232039729206,45317.04040360369,45406.900801189746,45718.99919539234,45863.901786097245,45850.298887065146,46093.55349521573,46249.7206309178,46545.12289332939,46729.73073098065,46860.09990406599,46849.30465137751,47185.28498548326,47529.90159766977,47663.33603430397,47479.31877751059,47404.83349519533,47655.62350775562,48473.12233188259,48570.31580160036,48427.70150271916,48384.44706127797,48582.31403234602,48931.029610963546,48925.28407318578,49291.41557354655,49830.79074875351,50551.96609990375,51027.65527217905,51469.07819480652,51813.84325866984,52134.55560850427,52826.47545325158,53569.59462265198,54335.31353725898,54984.867540991596,55470.538555830986,55975.64227358572,56500.88635531214,57010.72476863,57246.417261946655,57477.48822014253,58011.23367318702,58870.47489326307,59668.29868807693,60247.03496782178,60943.11501222024,61264.31454865349,62029.033213785406,62300.20940118733,62441.444166500274,62372.97421008253,62634.9544305575,63095.237205229016,63264.48686233448,63397.13807924932,63140.1027803482,63176.96947186819,63029.21702288215,63278.227500109766,63320.98322233097,63605.265376072835,63668.49449680073,64066.515183892894,63893.64054194455,64015.203321257824,63908.39694936818,64151.35772273038,64251.36326655125,64273.90476117032,64403.93735271612,64668.75900263792,64643.71208210002,64699.01127809312,64864.356637392266,64919.535285502236,65296.23167899468,65336.31885354696,65610.16162156902,65544.68135677469,65760.3583605745,65926.34654692518,66064.71268077064,65977.68022677646,66113.52713878818,66161.30386187686,66245.3639558233
394870,127,"Mobile, AL",msa,AL,28194.23858146302,28317.866801752003,28309.40041377216,28329.709620220965,28424.780179665257,28634.043641440512,28597.731424174224,28744.29610682338,28742.824387656397,28879.75407742184,28841.520784257253,28919.264847154653,28936.629627704075,29091.768118008593,29145.43555742478,29261.213210770846,29257.449433865975,29317.759775654555,29436.479708904415,29732.654921811125,29770.7537706016,29782.86278938818,29810.715629642815,29876.118186354004,29929.608517412613,29921.748461541145,30172.134110150106,30392.65383669989,30461.985223244483,30370.15378788381,30410.35837937437,30344.031771085,30470.673110423504,30548.878408855315,30613.642581125976,30721.986876263923,30910.37430394299,31199.12658102876,31163.28254320691,31086.700649287573,31084.97558844884,31297.659525271138,31269.85445825501,31239.53555895297,31328.674248368316,31525.15518444337,31869.738338646883,31920.859954901305,32096.849565102937,32063.595690375412,32199.064883650186,32359.445906107492,32551.104249231772,32630.551436226175,32819.50940125655,33013.548315491746,33064.58809564402,33044.980576317605,32907.202685379445,32956.72467123218,32865.37735766945,32882.81966275707,33350.74116560266,33378.758051478595,33443.93900112379,33272.67682178829,33460.315882095834,33519.17831570485,33656.170234909514,33726.262113562545,34304.59261845531,34748.8351561121,35092.922279058184,35448.08477033773,35814.790348698894,36604.13159035159,37173.67119256401,37901.890867040885,38299.57885416999,39001.91975682224,39679.940467545326,40304.56095986049,40052.93756659328,40070.20281754324,40231.41780638192,40527.55387034995,40906.073499665574,41046.220774681926,41574.33206659252,41723.38021171632,42221.40328505803,42502.02339732876,42806.87781963505,43045.003161357476,43687.178002598645,43941.91807685401,44119.08210827343,44489.55981599192,44855.57501083486,45138.506122286635,44975.33482382422,45438.43246116855,45673.73318163531,46222.30639416942,46552.73776846245,47020.65099526786,47217.985525417374,47265.98812376989,47509.95828184273,47517.473916694194,47609.94161147933,47490.76646895773,47709.87167018796,47967.8093518613,48263.34352043042,48298.376209846334,48188.699399531506,47974.83302452688,48112.090122794994,48466.767758606984,48664.46294145453,48898.18394534281,49034.270528764995,49399.46402517764,49636.79157698108,49595.20868828164,49573.00538515568,49632.532410765256,49911.177462946136,50219.65473435326,50329.12061794415
395015,128,"Reading, PA",msa,PA,32444.372214344166,32084.352033953553,31841.981273031168,32042.243253088232,32440.660509266305,32606.37896745902,32624.6244669356,32826.281214185576,33274.81193021974,33354.30789735679,33041.82279164517,32753.029122379754,32722.427875337733,33144.25446511082,33455.98068956659,33516.73789860829,33366.049368225526,33804.92351220642,33872.774280435784,34065.61462788208,33815.58066212209,33831.2012960897,34042.05022775521,34339.52728829915,34637.52840695988,34748.5272805079,34622.8381090734,34743.80289122804,34520.70776378443,34307.17266171399,34213.577061591815,34457.112925936024,34896.5941159227,35161.3572008717,35222.63362252826,35266.65452455379,35455.5369058117,35690.026076362694,35912.05147208925,35987.48357559656,36203.97627273523,36247.56636066813,36411.986506130845,36439.10252820552,36519.42520448853,36411.64890238037,36538.151546872876,36653.9300653431,36811.5681186372,36894.243330466765,37012.249731862525,37153.824121456884,37393.50826764141,37641.29585576967,37814.76172939164,37883.03343387369,37890.828066273585,38090.65743410815,38177.09080472915,38260.461743799344,38227.96004025255,38251.70723403842,38327.172238786254,38587.71689612592,38874.0815873756,39354.378966626165,39650.22381859856,40084.60997887128,40488.0599559266,40986.744224246955,41316.73005081949,41679.82104548944,42483.45588163145,42768.9475120616,43081.60012001302,43338.448095887215,43981.97327113344,44766.77018918504,45399.746078884404,45834.48695639646,45988.831108315855,46018.37520083309,46272.198505267785,47075.168159376466,47242.13035418611,47898.904932761674,48019.38581517759,48523.8562128567,48453.2998421029,48646.556042192,49134.795669827996,49874.686990797694,50749.12522765076,51462.3080795121,51685.70628201667,51246.94258333128,51794.87491337239,52031.53465007181,53156.88003890898,53381.69681304127,54176.1915429307,54189.676484406285,54097.31588065226,54053.92121510573,54020.86488253738,54275.391099952416,54726.8056566527,54980.821925507735,54695.8049093052,55135.43263371549,55571.29829999826,56567.660268302716,57021.05213476488,57319.384940057804,57437.2405784958,57369.899815750716,57498.67181745001,57786.781796185816,58177.82694401514,58715.6762314252,59288.28756826922,59333.20289480448,59022.203588997945,58642.15080336754,58511.145288977656,58817.037074199725,59232.239272755534,59694.6804566148,59952.49894961664,59948.03214036252,59828.60927960928
394502,129,"Corpus Christi, TX",msa,TX,41978.644659976104,42158.191945026876,42415.424717915324,42335.51222469187,42465.45687924736,42355.22579876945,42566.951234434084,42512.04648595178,42431.99756361939,42530.96297389154,42607.181574926,42840.58475873345,43033.37895238595,43277.273521727286,43057.046445499764,42976.10219080989,42761.47804231236,42741.29423204151,42808.968138128184,42836.3367428031,43078.50178345752,42902.36672107053,42914.579814319135,42764.30526045325,42723.82536606308,42792.3221568713,42904.09547740066,43206.48400680987,43222.22428399589,43363.94869180653,43187.33146627825,43314.80929268718,43610.20954560462,43942.45595428769,44093.85471579745,44162.540056627695,44295.19707008534,44307.484558496064,44403.09685620719,44379.261299086924,44679.159349545516,44796.71859240955,44987.77973125394,44904.104128191204,44825.13152055437,44901.79574922323,45021.23079357772,44982.921512061104,44850.693212669226,44909.65573002005,44976.993916495354,45039.23760726938,45032.90744365475,45082.408915119144,45218.973777005885,45446.27590713941,45568.77367369809,45655.6348896522,45782.071368043085,46119.87250350262,46502.555032666736,46802.60449184973,46829.920985389595,46615.821373788815,46250.9100757234,46356.54395277913,46600.65524902401,47171.13858660374,47616.64523391188,47972.467011075365,48114.1322257091,48297.2314291814,48370.75443149008,48575.03513184518,49177.92297482843,49786.0775334441,50493.7625134894,51001.34214099732,51872.85591172082,52705.20402290749,53035.84426282637,53123.061292350896,53383.24916812929,53746.3727734739,54020.223627523075,53937.03542170629,53877.968103755375,54066.23187779957,54375.549776583175,54771.396867513686,54661.97301076621,54518.801993595545,54415.30306722445,54477.362374852615,54523.23096359267,54545.14137013191,54664.289287219755,54900.69455097289,55035.403551076684,55430.943483886855,55828.90986904403,55937.624597722584,55692.7018426407,55381.45810485561,55257.12953698943,55529.0739806689,55229.22017975506,55218.46548348559,55156.750748080085,55606.74408519836,55572.651958729926,55554.43382374416,55622.08372960574,55938.247292904336,56068.18693089309,56090.170109367464,56136.23988304787,56142.51025076209,56666.95090924198,56804.08201650765,56941.7548928034,56681.798781342215,56819.148258612855,56766.295650187014,56617.48440230232,56402.19427103566,56574.057885089605,56856.28046603716,57020.62170506753,56980.18404502627,56795.91528043822
394421,130,"Brownsville, TX",msa,TX,,,,,,36417.56793529839,36593.946775515426,36954.91719084936,37158.76244482415,37336.826306284485,37672.321534633316,38082.72157996175,38275.31411707717,38011.93945239824,37609.591753961555,37234.04765485869,37581.94416178095,37884.24004714312,37907.651786063856,37918.668972115986,37979.80997626315,38065.95559713592,38127.28871174217,37897.35982707506,38026.01086379004,38011.502825296695,38200.95749204541,37825.009534320394,38131.614297983826,37776.58369727837,37845.389919038964,37854.286640511746,38325.15658625135,38580.84013508245,38285.56494664446,38444.68863222671,38463.99665963811,38950.91519645379,39000.52897371864,39099.72949503425,38822.90501659401,38899.57793627388,38948.87591432226,39209.365948595085,38980.82715605959,38912.20440422435,38918.0909097553,39073.29268997963,39279.847241621224,39385.653524173904,39536.31573606142,39928.148407387685,40105.93192894029,40329.96957263399,40411.34001395356,40345.07176143396,40426.58810136599,40482.10557159796,40746.6727648381,40721.86611541426,40655.04253180995,40457.42575358455,41206.34181560008,41143.7017123991,41404.06341504404,41719.46764663385,42000.491654292884,42529.995952907324,42331.970506143494,42707.46541464221,42651.51393319178,43249.06470383196,43090.18437440834,43668.567044096235,43909.83036313864,44533.19169773497,44607.82238841533,44992.37478183276,45706.70836887646,46123.24240344758,46568.16637358506,46766.59966633444,47426.84847024613,47747.86674361646,48246.05241266528,48292.224472292924,48727.381408418216,49124.6538842908,49844.25916253905,50341.19203653691,50445.45580359371,50618.04517498442,50977.95756122385,51411.293487734925,51992.067843239216,52595.40606624357,53334.09600873469,53591.74434641575,53185.71792152328,53253.36185297232,53162.720890784454,53295.85888465348,53395.454179114226,53908.52387841447,54562.64753278147,54587.962558134604,54528.75504988828,54479.108747820814,54780.71591427293,54758.7020362437,55315.84515448137,55646.97102952908,56276.33060020583,56196.326458806834,55914.42731446888,55458.25251448445,55591.84379787261,56234.17862290587,56468.07520340311,56638.19415478818,56448.50911686715,56808.99837585979,56956.46216718658,57023.38862835653,56871.194527976564,57174.37710836309,57708.23857979481,58157.83902987932,58020.618524522666,57781.94060512957,57846.737376569174
394820,131,"Manchester, NH",msa,NH,42213.71739982223,42083.42193591258,42567.30106055216,42660.3861791624,43151.30613382389,43025.76077784802,43112.73442419196,43130.912617958835,43438.1801013079,43490.12297247273,43702.98516236213,44054.74056113536,44350.386944884514,44825.088849255335,44584.620319095186,44554.11810275471,44290.37662828977,44446.8759013085,44816.06342551411,45337.442472640796,45689.04701269085,46012.86672164525,45958.788517846864,46151.21192949321,46048.699625678055,46314.98651977802,46591.083999943316,47041.49293036126,47051.96826891492,47189.10909420738,47149.99301319769,47312.99381111108,47419.27676716013,47679.65688343792,47866.20110375606,47854.26680433374,48366.780344597886,48408.651362872006,49082.90129999943,49174.284370051515,50051.988761039225,50161.00564282139,50495.12500461518,50079.62081773089,50272.689195374165,50627.51506269214,51241.53137236451,51448.04640950023,51401.882678244176,51714.7692660209,51619.38314624173,51879.971987379264,51798.08512735446,52199.65791132201,52477.35763618798,53217.067094102036,53555.22600489915,53711.379120273465,53794.01488760533,54262.50448106695,54745.546783451755,55129.04456587716,54777.633892826685,54967.807164942984,54927.573751247546,54862.58934552801,55091.4219645526,55156.715147542156,55738.731490982565,56490.12656295711,57252.6206561929,57935.32983085442,58527.611412689505,58908.17378543419,59113.845881904526,59660.46838604507,60876.60596836389,62196.17840434437,63375.69963571357,64740.98886891751,65739.84028769663,66653.90108915929,67133.42795830502,67580.87967980359,68085.51629201187,68946.88012043323,69897.6830410241,70554.85528745192,70755.9153221617,70973.87801726439,71144.88660682834,71299.8792829362,71386.77077505377,71525.10027608047,71780.47617138621,72105.4757738787,73067.52587385237,73711.1319985895,74417.4791476882,74659.17648524157,74933.85036494695,74987.2417766843,75115.1524434579,75200.4075139552,75616.57054338994,75742.64311176121,76304.41450774067,76429.55995914304,76831.65162204072,76648.01731713625,76720.17343561901,76777.49904281087,77254.02869918104,77791.48915923403,78418.37560656406,79105.09429362848,79387.97729622204,79595.73575454837,79251.23492937686,79663.65537024225,79511.58554966611,79902.55552713467,80048.60429755016,80484.3642609729,80641.71379666224,80842.71706130094,80943.68603573048,81007.17803036356,81241.03695312659,81666.24310502056,82285.73421099449
394612,132,"Fort Wayne, IN",msa,IN,25799.66689221195,25821.749412730984,25998.48075132524,26109.824781165727,26146.683404796557,26252.593486112975,26193.363565687778,26250.558256443706,26173.58034991258,26184.145123360664,26404.8900601993,26638.00618065317,26748.97712648699,26920.85267676836,26836.618787113082,26995.98885202716,26886.178364803432,26975.8405399528,26959.306654457596,27016.58942196909,27177.875273169044,27263.475487482603,27259.69079314414,27237.72019093547,27289.23692274001,27390.09698218642,27617.04804140159,27736.156859108865,27889.71634514131,27843.02240960286,28030.08621088941,28070.407447774815,28194.954996689503,28223.682323125155,28316.76527504658,28556.812469079137,28735.06854819481,28972.05059721906,29008.998681727124,29042.90576524734,29005.32548725261,29166.160600186664,29256.232583107838,29341.965127691863,29311.673878177553,29436.498035648034,29657.276824025175,29882.72720694821,29952.76556129924,29848.029531694938,29973.170103125827,30106.11370235314,30335.625675169784,30467.258572377064,30561.047198346292,30712.919639466145,30893.45297163549,31014.20417803755,31039.799763803927,30991.981659495374,31089.291940882875,31282.7186972275,31581.883921264907,31570.29758324939,31483.01700506503,31278.975828745202,31539.782861847907,32020.989117922396,32518.465624965425,32797.643631301966,32819.08097585668,32954.09580602597,33216.64485886098,33378.22966849275,33542.27965521311,33870.78063953303,34515.457839854054,35286.329485926,35850.97079227323,36267.9239460581,36685.83088945395,37084.329614925206,37801.060103163414,38324.324403888786,38749.644231052545,39192.779983817374,39728.20295189092,40272.484401715024,40580.896079844526,40781.01389773933,40886.07038748473,40873.06899407612,40793.791804217195,40821.005146280186,40904.71425874871,41174.55462769319,41429.40802236595,41623.53132765416,41737.34765589286,41890.11478035815,42074.097331319244,42160.64692614467,42068.702365751946,41953.71137905957,42280.63453549106,42673.26453437528,42872.22412924537,42821.47165377918,42928.6094586533,43139.08154768351,43477.59182768185,43659.989599946304,43877.0402174369,43982.284129920954,44246.253083626376,44634.27641337274,44910.44295360007,44969.794537388894,45085.74901468044,45331.321695896426,45467.26257292655,45542.05480976058,45525.862709894885,45594.054293641544,45645.737941545725,45834.918955965964,46000.22524255055,46091.50614987004,46039.6487219103,46078.643475768054,46129.58008658009
394658,133,"Gulfport, MS",msa,MS,31195.280897852317,31453.36334661032,31449.67943034101,31453.387284249144,31294.062002571623,31173.375209262747,31093.921937794865,31360.677183262924,31346.097095480214,31714.43188199052,31357.859415742256,31668.38738196331,31674.767412437446,31960.034885091096,31962.40466344985,31978.60188976253,32129.551451242685,32283.335442617517,32321.23136099915,32294.917358773753,32541.773857010645,32695.657205160885,32846.07049270565,32461.744895406824,32417.393787541696,32327.452473915964,32553.512430719282,32605.106085800842,32749.797276419118,33023.16486673829,33321.47375947792,33311.171783012316,33363.25543373315,33193.40072723018,33485.016934996085,33556.185401437004,33751.72761904671,33849.06057855946,33902.82455026354,34034.8290563104,33986.750432977744,34210.95840433731,34285.69259298452,34469.65625222455,34447.97045991299,34677.34824058642,34831.3470034332,35142.08670133015,35126.30784152879,35146.55802185926,35235.26857705469,35354.87835116741,35554.230346875185,35485.559878535256,35554.43190120964,35704.54821002715,35943.506180837954,36113.84411350962,36140.43675141679,36255.45048188505,36510.18836585844,36799.28910247812,36994.41206530769,37443.55641640758,37370.98911818125,37707.39719700448,38052.90641356944,38357.797516583065,38566.6375682552,38799.574577474516,38580.38304543172,38597.41366104961,38823.26210331233,39450.4937301896,39715.74474053246,40079.30589854884,40759.20959014905,41534.31213296061,41986.41313003433,42380.46519675558,42979.10903165157,43513.81380696951,44674.03582551862,45361.00112146248,45873.31400677665,45857.91463989206,45901.19988675526,45967.75399134836,46029.99884980257,46402.36596386326,46694.12984086931,47438.74369680501,47678.91179216239,48035.198864545746,47966.718737304014,48401.5042693766,48773.040245657015,48878.27144198973,49063.91150624613,49459.55274135076,50045.97859117084,50156.109946074175,50142.51652080476,50191.794649690695,50493.851006275756,50694.87877417915,50532.827671740044,50272.883791506625,50486.731823543916,50909.301863149376,51631.83626249418,51462.056893680594,51903.47093754473,51831.32613460104,52277.87242345776,51876.20392585089,52188.95988456849,52206.39227211079,52721.23645211095,53100.490112845364,53175.00138683961,53319.440795809554,53185.195251217665,53634.136302050356,53503.76262463748,53948.440552897686,54085.88720334274,54760.91887089012,54861.861493134544,55228.82987576027,55461.31006934458
395051,134,"Salisbury, MD",msa,DE,44750.73907711306,44900.71360538698,44920.59844814564,44622.6354965867,45065.70168298875,44999.980259179356,44989.40163146531,44647.578291087244,44696.3528204799,44823.25504730052,44895.566581056206,45105.834723260064,45329.965652821884,45388.80711924796,45541.61260281029,45667.89075398166,45655.14081976779,45713.75672679658,45941.24629056688,46501.356988536696,46513.81853764118,46126.20929769872,45904.90971862729,45812.88218953805,46048.71295892299,45981.28349200417,46167.79895838219,46386.1775135453,46713.234977097796,46654.959038582696,46384.017821989415,46574.66620494931,46807.417166965606,47243.350789514945,47164.172662613586,47411.423655509076,47271.86738194118,47360.82537097718,47425.75264994483,47638.819506820066,47736.043812683056,47919.519488815335,47720.71473870068,47910.34361456422,47956.29720122875,48478.438711307295,48485.84171309128,48409.50285515137,48652.16762087402,48835.99197561125,48950.47578296051,48970.030045640175,49045.768138278676,49266.1657627404,49868.64588992844,49905.60474788172,50152.853985576694,50028.156529744076,50550.32484099646,50970.10678559903,51291.855049985425,51637.65865200759,51540.43944578362,50984.40461504602,50923.36512249268,50967.34617159075,51658.31438030478,52303.73786577114,52767.22962244757,53386.59575927445,53172.43161819249,53782.17784301454,53814.87565259145,54812.20061982119,55713.47187580238,57464.799012065516,58213.78070247043,59302.64925788533,59393.44897424689,60279.74769617396,60379.703647203474,61028.882372880595,61321.935095199005,61778.914146861236,62727.51408581256,63588.855668649245,63846.22480875712,63825.7852988022,64712.266374704595,65580.6963543706,65997.84003256804,65834.92655829982,65913.30588077354,66342.56778138595,67037.785601004,67258.71935076622,67527.89508600667,67247.89761672105,68194.55080231105,68718.93116493526,68789.60298785986,68072.7931457055,68119.35649531845,68511.2905016812,68953.75576817346,68762.4780380989,68701.26599853887,68773.02528120881,68930.68019560672,69422.56865280835,69726.41520376029,70149.57266583365,70224.86007975388,70768.05872439133,71073.51701619526,71529.75084477421,71883.49388698042,72208.24011041046,72338.89071041415,72741.46005625011,72953.19971218034,73160.65946940515,73038.19314599733,73067.95309474842,73432.58697112603,73813.37929486367,74126.86103709775,74240.5970500821,74369.05725065195,74740.69827618891,75137.00553709856
394596,135,"Flint, MI",msa,MI,24171.862097623085,24291.7646313622,24612.712380693567,24500.21450046117,24474.43681563181,24599.706040170127,24630.130867527274,25078.902311170405,25206.365532724776,25081.726565316276,25164.41132856154,25187.49503269615,25518.68898818811,25602.211918912697,25466.998210673664,25562.820409603864,25741.369314671254,26046.44748686565,26104.495059927474,26101.57765526168,25983.206494283568,26217.032208663528,26260.20841858568,26681.28669931879,26633.56570854258,26738.634939336633,26605.949140140892,26766.382042161793,26645.718696907563,26576.63638753279,26504.439857429217,26487.99900659936,26738.176886086978,27025.164337675196,27454.062687469912,27442.552322642776,27519.917830707782,27518.216824128955,27806.697581307486,27819.512662528276,27815.41366092385,27854.00690542872,28043.219791464035,28187.30362194129,28140.124896161768,28124.03305123029,28196.36974131206,28377.06485122224,28439.917456199815,28620.695158364397,28735.79742227548,28874.745554676272,29141.438957304068,29308.448153331865,29406.782259929238,29507.167522513362,29650.50329042324,29682.491560083516,29605.410428607964,29586.737220063977,29704.197364779262,29736.980093356302,29857.705501603657,30076.016139905132,30393.515969348744,30600.813130292532,30395.815674854162,30538.656233111084,30713.01757414464,31223.264121388882,31787.374905972625,32199.462970362998,32380.02100080891,32817.880021307516,33060.19753937962,33525.848279033955,33675.53665658634,33801.31699040622,34343.364105277185,34651.981634309894,35418.169487351995,35782.56006317058,36181.95372672892,36082.477818592604,36278.091065004424,36461.431780485436,37297.936708412664,37615.337463086944,37898.064304344174,38216.73645612854,38391.75168484093,38627.30746089664,38085.401656634254,37966.7906644077,37841.54509152352,38112.78633002973,38109.44238896836,38094.56179393459,37799.40710360744,37569.452593512935,37665.837141374155,37985.892730029285,38304.95019652017,38387.60946590758,38594.86831270558,38846.38850066989,39126.693873855234,39399.72597635589,39754.33538368723,40257.4699352934,40766.08917654918,40756.058762914356,41012.09203860063,40973.71810213692,41187.35408111594,41330.53211880222,42029.22270360905,42025.22951540729,42428.0823821788,42554.50768983711,42685.90068181796,42679.514544170845,42663.34298901192,43115.45111887186,43187.829251531766,43347.177084111885,43301.17701229988,43406.69146229068,43131.923941863766,43282.77189954714,43077.62962962963
394972,136,"Peoria, IL",msa,IL,,,,,28187.685338956835,27978.655266043606,27915.534417994695,28000.38643356034,28226.58965915265,28511.843292623787,28131.090941200335,28368.390414149977,28226.472507397753,28250.5716184896,,28431.117353511963,28487.18577086788,28295.94526671111,28268.18095521982,28297.81186837481,28512.509495962455,28343.346854782347,28453.01900724904,28048.213584652218,28199.16409402072,28194.582230061867,28266.30716759495,28289.0082058826,28478.569267772826,28743.43335692005,28727.229512808506,28659.55350391262,28278.35406396628,28356.47460280639,28396.146451334596,28665.873364952302,28800.768850720793,28773.293713877127,28648.599612897866,28515.943806980627,28589.053958683595,28703.923322429928,28804.804072536732,28759.783517732518,28797.41400230048,28785.889692330846,28955.984537657914,29214.274048265557,29267.634642415094,29258.153355753373,29394.001379055124,29602.31643943043,29575.30293106959,29529.171552514104,29594.998386719733,29781.78122358469,30021.051331994036,30146.41628266997,30106.60490996315,29970.73304079471,29966.129501146286,30121.914931523403,30580.54782124858,30702.08101284184,30810.427201413673,30710.02694039727,30710.8762739518,30965.47836998439,31137.020149661246,31424.463649272828,31455.754722221096,31811.03124499541,32032.6494773635,31881.120213323426,31915.150120358066,32000.33471966165,32396.64776397432,32623.168418884907,32774.13102813835,33055.51960475423,33419.7738554266,34087.72647693123,34350.67220104532,34276.87356670608,34000.63947831739,34569.86166715444,35024.44630155153,35308.67154577939,35378.20202631498,35924.0319233434,36662.28407903279,36829.03555755597,36608.1695578819,36192.076383106556,36500.03620434862,37073.21667353195,37805.83251730143,37708.53056636409,37842.30793081538,38113.044876738706,38811.45169612548,39011.009898697026,39264.10268735955,39587.839553162696,40061.792648399016,40317.91546874461,40581.46728744071,41078.25429396368,41424.58332217506,41855.68775857571,41625.77757794268,41692.71241549246,41510.093877079125,41814.82060778873,42004.379351989555,41985.138754782005,42338.31788965529,42541.96921379007,43062.68006724694,42995.775533226944,43016.877199661976,43224.069371041915,43840.53451466075,44193.54857669128,44557.41824530555,44694.698050792926,44855.95600100414,45275.90736367299,45403.008587440636,45805.32218122319,45795.60536398468
394439,137,"Canton, OH",msa,OH,25971.32289620296,26108.783219211084,26158.16782072533,26319.259023177354,26261.22311378914,26000.480090402623,25899.86416166991,26144.147510286428,26376.286225453016,26528.589748539143,26585.615125138655,26626.213246990697,26757.24293738141,26715.1706371447,26645.123237365853,26476.279789994485,26541.1527051198,26603.438263361764,26518.253492125223,26392.210822815694,26468.669695064353,26827.027866441236,26765.6096823784,26712.30409721354,26633.674416470265,26874.60788041253,27075.93818253522,27289.92200413582,27479.25244856673,27686.87479776252,27803.03374470967,27827.954567178254,27883.918273379364,27757.460839102623,27874.286528464352,27945.72499430702,27960.636296047967,27928.681218379512,27907.414942582334,27986.556737510542,28023.412374617354,28162.777656371396,28329.180482029493,28444.099868252204,28518.4397879995,28549.24753361819,28677.617945934577,28744.35318733847,28973.698545135827,29047.82687705641,29164.345651874126,29216.07836644368,29277.929907928235,29260.90470635833,29297.938624890157,29422.355031954892,29524.231496352575,29693.44854954104,29758.887628746477,29896.01053203555,29937.137732345742,30060.731891704072,30342.578484350448,30606.57378496293,30757.763971046406,30891.122286680053,31087.21955965883,31279.447539054116,31647.666610022923,31766.193395621573,31758.659506594864,31959.04106338772,32212.15371463192,32722.196275327602,32873.14513707754,32996.98655780215,33186.233453149085,33337.97786134678,33546.24563709978,33866.97536872947,34150.859207386326,34615.644442687546,34993.0093247561,35279.757669771585,35385.37898788762,35363.29214768951,35954.89721098942,36423.56284426713,36997.94789251993,37393.76372223403,37901.81042619096,38152.93464411694,38382.99999536927,38377.75634612559,38567.71887614294,38557.12823459298,38880.25289542966,39110.82463519733,39215.43897444938,39337.64876249409,39437.04087445366,39787.7408878661,39930.65427953874,40181.9830596302,40343.32205096397,40721.8763842452,40897.68912898285,41454.47753646193,41609.767365490276,41954.12920592696,41716.50139676467,41948.9242404332,42149.89243055181,42239.954413651416,42474.05496056517,42505.66515442794,42715.178370781025,42831.149719948204,43255.93775773717,43290.47090258833,43492.9222715769,43600.09645307111,44080.723050381224,44201.85217538436,44319.53608271261,44422.280425778896,44479.710649150584,44678.81557035749,44776.26776844456,44862.990145081305,44753.656565656565
395070,138,"Savannah, GA",msa,GA,38272.7951152209,38360.08434320061,38499.525124302454,38920.3227059837,39032.6768098646,39062.92633778877,39070.18607649162,39268.4105160429,39344.09549991906,39387.217030216605,39578.61714272868,39713.003891051696,39986.44891372377,40030.90844849024,40117.8457675442,40082.922146280995,40181.58359004812,40465.214927824,40575.98934899168,40447.39194012094,40462.96122510538,40500.90335483615,40610.9788400164,40789.314343061684,40973.05231497327,41202.68601361982,41367.13607856767,41614.926397733376,41922.22350838405,41879.81706531502,42214.92118283465,42339.2821176012,42768.7615013024,42768.2134196825,42889.57497957922,42948.357252340116,42968.67278998084,43329.495378027845,43518.64787159333,43781.878218392776,43631.61204124089,43910.93710464246,44068.414558810764,44492.476639196015,44480.90084136818,44608.12990425772,44736.265287169044,44972.50556442255,45170.98570570537,45181.78761674062,45313.93530550813,45372.53988974064,45712.93908653479,45868.198141137706,45973.176647239285,46030.86913097024,46252.55085480596,46587.04151137339,46846.19508072444,47048.175335813205,47303.051625176195,47541.27526358643,48021.629141727884,47821.421856326815,47465.06464057065,46969.365657747534,47081.685303044396,47235.94129389161,47644.61406479061,48024.94251637883,48758.08276011235,48909.269523240786,49079.81570239521,49322.90349274174,49913.69472056489,50826.529084522066,51971.78203327937,53454.15293774797,54639.34978107448,56010.19130737715,57036.997096849445,58155.57690215135,58463.97739463976,59273.40922583433,60023.402335781604,61178.783395256665,61806.22159394955,62622.316985298414,63347.1842075208,64174.76862492192,64964.21101201914,65446.96203073944,65591.09406987585,65730.39076139545,65988.94446946641,66742.94016678042,67036.22023392479,67278.05417070178,67520.3755580778,67884.38606664352,68162.21604063205,68144.93701741265,67974.79011034183,68035.34552150118,68377.37110619737,68552.4755676412,69162.79190770835,69504.42539987866,70040.62626774055,69924.96908658954,69876.62199244685,69829.06635092027,70105.4488760047,70271.47342350657,70736.25520374428,70945.244269507,71252.7782390729,71309.458654845,71352.94849135641,71227.28607101954,71161.51514002527,71491.4234303871,71843.7496966801,72047.80610034961,72022.56371184735,72161.54997290132,72136.3838649552,72222.58351951797,72146.75013743121,72314.16009286424,72254.87246897732
394327,139,"Anchorage, AK",msa,AK,48601.382082956334,48640.773695579315,48748.48536981287,48614.36120495319,48526.12221897285,48507.764268659535,48489.87297815612,48399.81078119375,48340.94246008486,48327.37997056577,48434.43222221623,48636.70695767185,48647.549119090145,48663.439036056865,48419.42303627558,48427.44617885424,48273.50909509026,48022.039490456,47703.77055864856,47630.0079501304,47602.203080844374,47636.50618782276,47572.603618513094,47413.586078837485,47370.465903452554,47262.935737335174,47531.111484160596,47585.540521364004,47621.55610306363,47464.864268044206,47419.39454896113,47351.87994596674,47230.18122602476,47181.49059615594,47088.253724244365,47248.12775272682,47195.35483343208,47268.94454476695,47226.178491731385,47296.75928412874,47508.72226636936,47764.35480956809,47887.70295245897,47862.29656536949,47832.54170299085,47855.7491820781,47939.02287549789,48026.17893737064,48011.084535442635,48088.34427032881,48078.07435799528,48057.49880041228,47980.49378716983,47991.86459167623,48071.090053262415,48235.66487130609,48428.89830383747,48542.81458426581,48659.550781571525,48676.8251782566,48870.29399075424,48958.79361262399,49024.20026420068,48890.6528970645,48963.948591753484,48929.90453698761,49047.90991984587,49073.70673602399,49344.16586462076,49834.82473284604,50317.37004593614,50695.0828669182,50753.14713171461,50658.99319393809,50484.1061193007,50601.2859935121,51010.85043079437,51723.67357251212,52208.82225081874,52891.65767767697,53297.15621671547,53699.714998564756,53862.242805812224,54004.09288011131,54508.09454801594,54993.342575418916,55884.72345648758,56514.6867751656,56939.76256391137,57165.73350396665,57700.89764774353,58015.416283605766,58260.435501108324,58494.1757064904,58931.35102162235,59443.18343069218,59520.925907801386,60111.55094029371,60270.64009339581,60681.920755320425,61026.37492705025,61426.75691777924,61815.369425316436,61828.25774732706,62114.159546292845,62218.105108144206,62547.248256850646,62967.853233763264,63181.04867304775,63198.79351827996,63294.6847846141,63674.56118367414,63819.43536002754,64140.12227724859,64245.799003350694,64625.210805955605,64815.59791602769,65047.976054012506,65101.25600742874,65144.81667327101,65495.266967528965,65742.44136900989,66060.23616851812,66077.59265490007,66353.0220354089,66500.24894112971,66763.89206034987,67046.1695204129,67366.613874778,67754.27308891263,68136.85344710822
394372,140,"Beaumont, TX",msa,TX,31332.928273761107,31594.861234286345,31710.975609519024,31740.461503931336,31670.558469237803,31885.104532915044,32203.83744314373,32163.99057811664,32409.110120437424,32307.605252145302,32520.050488984776,32534.529934034108,32656.57599792983,32549.663439060576,32592.95507874496,32540.624797549553,32731.645523146188,32558.603343125313,32765.871883475473,33211.90150796692,33226.26932567545,33049.330876509404,33011.81031259673,33299.99732538857,33804.67325731537,33989.1508646101,34206.454158555876,34275.50231151126,34363.67729118399,34656.456066837614,34824.39218718808,34773.608220452974,35211.48018160867,35785.90452470503,36322.14653108558,36405.796589454505,36066.63051966508,36028.22758752167,36119.69176545248,36647.953487055915,37140.82137653123,37244.48758571755,37147.25401870295,37243.08681053429,37199.04698895518,37467.04430207049,37564.4658492827,37801.21051306003,37857.272837106284,37833.36780134611,37956.6330409876,37838.96831474049,37693.803148087696,37816.19577987446,38071.968549321165,38255.84264783754,38390.476306562494,38277.489351599936,38285.85338982672,38351.99073960775,38721.26419856997,39089.70808202833,39214.052632804305,39517.59826202653,39789.806163548994,39774.257578538934,39857.678843167916,39734.28959171187,39901.55655285157,39986.92865952416,40022.09820847077,40056.05345741669,40185.576788347455,40474.35735121976,40842.498700284836,41009.00210234539,41027.42255063926,41247.41786973753,41360.31392046361,41704.30246078984,41780.20793759497,41885.95580123706,42094.042211051514,42447.81127212567,42785.51712614568,43023.01359987075,43062.243354202496,43155.4816514316,43237.26945785841,43444.13665318941,43650.93709263043,43854.78801290277,43987.6759552765,44197.35737064645,44391.28372085156,44566.19535110361,44536.32998283676,44196.35096665839,44084.4297654788,44122.80377295985,44348.12514547195,44204.945219396635,44545.22169049316,44879.30256925327,45377.53479209248,45516.43256402992,45557.65917214196,45760.644347896734,46180.0483323718,46748.98845152553,46989.643583855264,46943.83088167028,46882.95046668823,47123.86486664792,47617.61841653238,47794.87730981873,48102.256774443544,48048.340621808726,48203.90790201639,48356.640234738064,48449.893533625946,48606.78980984257,48952.34930241745,49444.71425351457,49865.140691163666,50210.295635713665,50114.70965575674,50280.975916431846,50299.47327519245,50786.07401457955,51177.20378387046
395096,141,"Shreveport, LA",msa,LA,35910.14245942644,35850.27301537013,35752.00175238442,35710.10658011914,35782.53477718762,36072.38727961051,35851.32446617708,35688.82349050683,35505.89536421683,35710.792873873535,35750.43034321871,35848.84770732918,35774.856057081044,35720.29994406322,35606.01221118207,35523.179477991864,35537.21325055461,35518.31058571153,35641.633348453506,35686.92145464003,35692.7369631998,35577.80557476426,35449.14226151624,35511.05543987354,35510.36542050005,35711.63973736507,35829.218217359165,36123.20750844525,36073.093851044694,35904.29837074711,35767.372863061144,35669.30965537787,35825.5067766262,35759.23567403011,35947.1839845088,35889.68894271878,35998.17593394789,35930.03840296787,35956.482844894344,35973.43534638822,35936.60255646764,35982.45824477307,35980.09261680213,36054.629661505474,35959.38064665955,36052.17467313667,36061.603945696894,36104.175736377096,36056.57831860902,36059.20456712996,36054.439577722565,35972.03356113154,36078.153660501695,36183.63203289958,36298.636572062824,36355.880236710385,36433.553443707584,36496.27819837892,36516.02600477807,36597.06237459116,36694.01051188499,36808.3188551401,37030.16731113807,37047.23756367486,37083.606410727545,37351.359996672305,37627.68125267491,38046.73209376647,38142.21394296457,38103.9176252758,38175.309597974534,38420.68696192017,38781.42959850323,38999.26113858977,39067.3189359988,39261.42118974752,39428.4573488863,39727.237402537234,40176.22967830246,40655.890854329715,41161.639069341196,41760.004862129565,42146.66512061899,42230.6709819987,41999.947032752236,41968.464375922646,42010.860059106504,42156.35994625074,42556.233389010624,42822.38334765545,43126.8249544259,43120.015543418485,43159.45197426007,43217.26642474275,43153.5193947103,43386.422450506456,43593.098151781596,44072.79014729462,44521.11474761555,44908.31104125715,45056.6401292322,45054.306355841414,44854.092934832835,44796.78887270685,44763.10293289311,44747.329191615696,44736.61525544399,44682.7490857067,44955.06612141248,45238.08351797432,45519.17242178379,45462.139209391564,45459.014862270546,45659.32241822667,46029.70328625545,46333.972251610154,46636.308782192624,46840.04153161091,47092.82987983496,47384.876330927764,47494.150769859916,47421.53607255868,47362.206917938325,47577.79435615866,47821.46257872064,48008.15115166718,48146.110213726366,48328.659592772055,48483.67111733051,48694.24307275121,48891.69355298817
395164,142,"Trenton, NJ",msa,NJ,61535.68472242328,61513.241376947095,61595.238421638765,62030.47108028777,62196.2064380876,62013.14575186214,62141.48029917348,61990.03067916782,62102.99836093247,62000.7187009632,62196.13097934536,62653.611609467494,62815.20856819801,63019.77751251804,63063.53056239628,63423.961984306035,63669.67800066153,63796.583086245584,63854.16924680154,63994.595610062875,64269.27639256411,64373.49570603877,64690.781548154875,64532.84121389477,64726.87189468195,64659.78474652958,64768.321756366706,64535.294689309936,64643.4688677465,65029.39816189942,65376.84765836133,65475.66179432531,65424.07651953373,65720.63169121165,65998.92914877972,66356.18500991758,66353.76842131067,66609.76719502705,66648.39774224105,66847.28763442358,66905.79469373687,67122.51292081556,67297.06041389842,67429.70335023342,67303.78822961632,67247.02784102378,66942.77873942666,67476.71803422952,67601.26098883223,67831.44158823848,68096.23834804536,68332.54471714873,68543.79167041558,68537.27116716247,68588.89099243433,68796.00821590328,69240.23025858575,69517.21237609409,69950.30437848436,69798.0100545612,70079.30360480392,70210.89745093226,70519.73179521493,70543.24507534808,70516.78066167513,71203.76506552547,71328.38808744903,71836.54476003189,71957.69377530596,72503.46207306885,72717.13645019676,73188.33326688239,73555.99335588241,74297.05047364089,74719.03740756566,75149.07718604109,75695.05102450192,76015.37814150617,77007.40298122489,77880.5860119218,78948.88760274828,79524.95248279472,80405.34214484827,81220.58056884492,82318.92506642417,83313.04932444815,84438.03164846174,84985.26880969282,85185.72143886187,85776.7891006657,86345.31056420387,87357.81814165521,87855.62164168853,87639.31327663241,87881.26508272151,88536.32486654888,89457.7514929718,89585.60452683026,89547.569714556,90907.17862901409,92088.30109877023,93201.89817611138,93637.09771715061,93537.60713993532,93400.93482782893,94340.61062324034,95183.9689480824,95402.14547450178,95268.16794512357,95137.99004491998,95721.42219741545,95703.75815094178,96279.22827243172,96780.1814074938,96977.23501858636,97009.0959971553,97495.13555171125,98324.41174531638,98459.40461303304,98846.13610919962,99265.28263595833,100058.4953389066,100322.04233675334,100422.79960264145,100191.69905116386,99949.90914328024,100225.25189983677,100757.95566680336,101009.70017469079,100573.97990910307,100559.38287220025
394875,143,"Montgomery, AL",msa,AL,34631.062751718724,34854.377284645845,34956.29027975038,35024.880984907264,34776.02110477657,34646.978169770075,34808.66886998995,35106.99007311093,35164.1749972794,35026.959559119285,34904.44715814115,34784.067166522495,34715.710730360486,34809.239366161106,34839.83840369941,35006.19197361491,34976.03950492102,35126.532312534706,35017.29956236867,34958.38017137162,34984.50954154537,35134.85946294856,35348.614540393064,35296.018956908185,35300.51268795939,35220.51998289016,35452.12808089833,35497.15426075724,35606.76938211834,35473.639938603905,35517.7461913409,35514.69556170952,35743.73773770445,35812.3949983808,35959.56183230415,35795.112773438625,35969.33460612252,36043.06468250138,36107.28268443264,36005.844844282925,35950.81414827846,36140.030809190575,36314.277066266564,36314.7575851744,36420.65063504523,36457.19889633553,36508.84719742244,36502.401598498356,36521.80460418508,36589.55748085429,36555.500428145366,36717.84424167797,36873.05211871378,36927.51812651901,36963.15755403217,37149.85027139442,37146.641745436165,37265.575006353705,37335.88047181955,37666.54700240167,37817.91172220393,38008.7548083303,37926.10205177059,37858.718926348636,37826.91503322668,37999.34690797343,38228.169021214315,38385.0125515358,38595.858571322366,38852.67174436317,39293.44253246341,39607.51434530789,39865.82274341198,39873.16991733658,40058.20452123535,40381.59807193973,41029.39461588872,41441.98698070275,42224.214484069635,42831.26689553144,43415.64563378305,43866.66878789349,44290.00270754441,44784.57551671893,45097.98075882029,45472.11418798612,45842.84117408805,46243.08990279134,46449.123548077514,46582.713239563986,46526.82414361391,46592.66581000347,46702.32393219572,46820.396309156706,46887.066444882796,46946.2690930199,46921.11593215717,47260.58137456699,47647.799344207946,48182.04877664277,48139.79489592437,48358.93904328359,48398.08803618478,48681.070555096005,48694.911272563535,48890.06572751867,48896.22608207023,49320.08506701862,49673.71407871232,50094.021065472574,50176.52569497017,50274.98131632465,50559.94812030794,50677.334169291404,50931.608656212884,51070.54326859199,51569.90611526686,51780.547888387446,52206.53362884945,52268.63174960425,52463.87097251729,52407.09864643493,52580.85794412214,52650.51563635583,52891.43642353548,53145.760976498226,53401.66955192859,53587.23772574702,53602.275304998126,53737.58759779553,53800.622831050234
394520,144,"Davenport, IA",msa,IL,29302.840335875895,29502.712581466356,29314.658730132378,29368.29004387733,29366.04416970331,29603.171442061626,29418.494989625156,29488.81300222473,29572.43592079441,29700.67256375768,29759.896114312665,29921.303822661048,30226.879920445972,30136.477904177707,30242.289223971373,30185.378139594846,30015.42857026892,29896.762078662847,30086.31548107666,30387.207041508314,30402.030055197098,30231.105327105957,29970.83142071033,29947.179474641907,29904.969792592346,30221.911690391178,30448.35064111631,30619.735425364368,30703.265616007928,30668.708645135812,30665.683309298947,30555.394649654827,30505.314097429942,30646.4509517728,30932.931390223883,31152.4847100326,31200.07904797803,31150.766188435944,31056.615105688776,31125.02133915537,31153.609907058206,31289.36414143685,31337.727099326636,31406.251928259262,31547.974161613398,31608.169711868075,31752.48739939552,31699.137018301215,31793.672048521585,31716.77468817378,31800.091353707394,31811.42604393819,31922.848978473103,31992.999568185856,32065.775697164605,32145.315074938197,32197.403725142573,32255.93288867062,32201.657794075243,32284.01789100334,32341.122747669277,32518.866514219797,32717.09301171595,32766.03638828141,32745.9789965361,32757.87724520638,32877.199747474275,33214.531111899116,33158.32430423819,33296.61627521931,33315.08923904655,33559.08432590474,33723.6071338489,34025.30058493872,34041.237127211076,34277.41051373319,34369.10043588925,34672.946658936744,34928.70930672785,35071.07886656611,35493.205718959194,35726.27695521541,35989.92867206636,36198.35737976347,36355.796739070836,36379.27807312916,36428.439447249504,36615.484275649156,36874.91245585775,37216.59169457876,37482.545927476895,37829.144982415266,38016.48218315936,37927.056114534,37987.2476144888,37959.49737828971,38288.41511838863,38463.562336298666,38563.194449994466,38653.95941495894,38867.01078981279,38697.83710432612,38694.03818216222,38519.75004214019,38626.60842713454,38948.22945398549,39321.01518230424,39614.97331029313,39779.12646565166,39847.44979821376,40062.29121880149,40195.80818318987,40438.53244250911,40804.602865232315,41008.32896343617,41231.71234146316,41130.50093610494,41206.18577111566,41162.548596593064,41215.479954419236,41201.128298346266,41360.64585416408,41442.35038278782,41548.69062326509,41489.762426037334,41494.80731044182,41553.08281037272,41661.86196640383,41892.71393468299,41939.532690922126,42015.571331981075
395146,145,"Tallahassee, FL",msa,FL,33616.73438853869,33471.57335946736,33452.54247029743,33666.63837841506,33722.849723268475,33947.041375014174,33972.592887165156,34017.71630096025,33983.5875038596,34017.22427971617,34163.409072003444,34289.341876984254,34349.19263455486,34367.774577610915,34344.81727350925,34310.37463710124,34328.587920909355,34475.77519223629,34704.70109147463,34738.81166864062,34670.968638883896,34682.81824099758,34687.895424339564,34859.38295971405,34962.61959335675,35186.409153727865,35355.13480024857,35530.73020072297,35769.63035859318,35771.306138976644,35843.40218553069,35972.006921737244,36242.982402936446,36455.28746145126,36472.85322110044,36431.45683739554,36437.58910833421,36600.946944483694,36839.80884391632,37124.514955769715,37239.425323595526,37247.93987306199,37168.06774857641,37163.35118438384,37313.36275179221,37487.11886116974,37717.76322775151,38040.75099922709,38493.88290884735,38571.86087041976,38646.44704194895,38670.864224075274,38784.15316168049,39062.36351938834,39357.9083926079,39602.118055502535,39663.891560088305,39707.31157878464,39789.527399909195,39780.69778178245,39649.59886880698,39694.29832985013,39914.87206915917,40210.16742216792,39982.393429681135,40016.26256359601,39787.42124120964,39904.29424884149,39976.785601406555,40364.82015860709,40641.22792070193,40852.58284014038,41054.3131557049,41318.4991658818,41553.319785612075,41847.49081479693,42308.74764021038,42890.07248612171,43710.692144832974,44507.21331051904,45287.51867960745,45765.69710825841,46070.92694568982,46935.3258056654,47503.38224876917,47899.775697364166,48214.91601870681,48650.75577505048,49609.96106255365,50337.13076607651,50950.493574111555,51460.14379448228,51742.62036762822,52196.75416724869,52342.11420482597,52290.1377849806,52398.34459376335,52808.38751517029,53254.53190804217,53724.550983778645,53957.87206838411,53974.33227186757,54033.31496648583,53869.38134572842,54345.59762767355,54406.741711460745,55213.061488986474,55336.41306118596,55638.28733335436,55616.53240304251,55873.30595634686,55871.16789825524,55858.49322892865,55933.38532942323,56116.3491886761,56371.97849589214,56480.60160242037,56624.789062761316,56824.054992595295,57183.2439684042,57366.82650597337,57659.015034665405,57710.84802440298,57900.49986502881,58068.68765973935,58304.704398840615,58427.51906925168,58607.99185408122,58606.56309089021,58736.34332570107,58493.814399335235
394576,146,"Eugene, OR",msa,OR,38115.2005954445,38386.98571626753,38783.27470283464,38784.94834707245,38993.22432899825,38999.002233728206,39131.718474225585,39217.58929733158,39426.84681621297,39577.7418058268,39852.89757685769,40422.047682537624,40578.462151752916,40884.113662649674,40735.97066694766,40991.256165800565,41075.84703421236,41288.95784051335,41525.736887272455,41710.44074931225,41937.18629744731,42391.93282273356,42586.84173456254,42682.35057864638,42576.51233058586,42710.06437747549,43059.545665543104,43263.576038772364,43521.38000046066,43822.58339884413,44274.39136839431,44534.608596048274,44576.267840782704,44764.92210390759,45029.97014895356,45199.55571272596,45679.127681836384,45856.325673910236,46196.25451022091,46309.00529257268,46428.42396161633,46747.72077204609,46867.41813953099,47317.112727552354,47543.49978954409,47868.045104863246,48117.07442610716,48429.24487697243,48630.862894984304,48700.14003984494,48846.01506687936,49169.151010306596,49491.07775678696,49608.04711661472,49796.27554875444,49835.58492364522,50153.03502745208,50264.87273321012,50452.279768990535,50650.94678327101,50834.7273184018,51217.2448538251,51632.008773098656,51761.67647587161,51460.7301823887,51337.476925059294,51342.795121767,51786.509654040725,52017.2972742164,52674.957104585024,53145.23603077083,53765.763690219195,53970.652292462306,54430.456899780394,54688.4767188755,55050.45194681106,55444.28221307598,56238.10641739204,56945.12800439248,57684.234140578876,58450.36525295225,59383.46870864053,59829.4212426926,60204.18388974887,60612.700100208145,60899.76584011174,61375.59607946235,62253.617606694985,63756.457063141315,64604.12543151091,65259.392361162965,65324.98932270764,65257.21994791019,65185.87240219674,65619.65962352212,65924.337124566,66072.81330813476,65977.24387870447,66128.34818699944,66011.81212151058,65786.96879806028,66007.72501705351,66222.47850549468,66429.89425316741,66799.89651685534,66924.47232026751,67143.38117808943,67047.663971633,66995.98314505955,67422.36873229266,67700.7913591761,68243.14127946418,68574.33407386203,68679.78767350013,68863.9848446015,68893.95673131592,69010.75916774313,69285.95952466522,69465.67863816976,69903.60033905532,70376.94041007296,70599.55804982694,70768.21715790761,70762.11354630558,70837.43413726118,70997.06859090722,71142.30242434182,71531.4280411469,71792.4459612046,72044.80533406578,72222.03576405768
394901,147,"Naples, FL",msa,FL,57296.3275893652,57768.926559130305,58423.993029295285,58736.895329036444,58830.196760007995,59498.20912889974,59557.05758637236,59777.27777215457,59895.69062739108,60800.822565105,61125.14984411491,61246.89578856665,61203.48285970423,61620.68408747451,61998.06505751268,61963.287905555146,61678.925983469846,61311.500488109596,61300.97567151275,61739.076342384826,62252.25809746569,62414.11856363169,62624.61329986013,62509.20886271204,62778.169742120255,62576.54653358465,63020.615351509856,63449.0313188593,63968.92319695178,64441.76172412462,64821.816111905966,64789.99869621067,64170.873486105775,63354.42562361633,63513.58566132367,64072.60553328961,64798.69382197894,65399.312856678625,65715.78423152308,66178.45625252034,66677.29109702651,67284.1630804662,67250.01009985287,66972.36737596076,67260.4362617234,67919.8342235459,68550.2818367633,68796.9240217834,68653.50907017654,68606.81857406022,68559.14159965904,68522.12659641837,68496.13451205469,68433.77962180336,68864.67397350559,69586.54312945042,70151.21674125406,70576.96897517821,70550.10489213395,70693.14604794972,71005.91610734737,71417.35320921574,71096.03085087135,70428.46903155826,70231.92924262137,70666.69432565304,71077.58951618143,71261.95589380722,71777.1404530547,72561.54921001334,73043.49320784768,73409.5897793445,73353.3814316481,74330.83096516183,75701.65159161555,78078.00399819661,79766.24865084994,,84998.80418129555,89084.28747553202,92447.00744398532,94405.18144266031,96495.66349628367,98136.15492972913,101266.7615013445,102656.95388937044,104735.93695241759,106034.72825432826,108485.45967286704,109199.74610854883,108865.14109732717,106471.5079794484,106190.6824420292,106601.47691900631,109171.72317627937,110446.02976523052,111198.9911619538,111066.72326556213,111642.03579170894,111767.76372083905,111377.42431174431,111318.13486965044,111548.22610057991,112222.52002981206,112587.8321715231,113355.18047636017,112351.69228650138,112305.2173085033,112079.10363532511,112675.71993849865,111743.40533744311,111131.25224594338,111266.42034137297,111361.62926819494,112090.76408125645,112777.78469722012,112452.92002486646,111999.84991305045,111460.11198124342,111124.34080683374,110796.23778031213,110538.45179592982,110853.28170457599,111199.28326703676,110957.14277033016,110842.29166861282,110230.40411318168,109740.44130135803,109714.6107343141,109467.77729173536,109625.35092144817
394332,148,"Ann Arbor, MI",msa,MI,53169.473283640065,54138.68734605596,54332.01195717751,54358.748520068424,54428.57773059444,54413.816638606695,54535.75884153109,53959.92429262503,54112.780366119674,54231.77082873676,54980.64902610733,55204.03596476948,55713.853167598674,55633.237319325846,55338.99543316945,55191.21117913186,55213.12026502866,55800.39179513796,56201.26340710768,57012.04253682004,57426.940236264956,57669.4398862652,57821.85271593592,57918.46363012653,57891.96447038364,57841.85787247881,57957.678004577494,58235.658477241865,58617.529803909834,59006.54506147264,59439.60820535237,59746.52761670344,60030.53809081829,60117.87232873481,60274.62756410239,60343.64951296218,60328.89199932276,60525.15524856047,60961.32614665059,61496.697557166364,61844.743050915014,61720.87821803708,62011.45594481429,61711.41927983242,61919.926669455126,61860.974875028034,62233.80993511567,62291.00925526507,63205.45786423072,63522.615053823916,63692.102431245126,63662.240380370655,63672.29597821289,63907.535459776045,63825.43226581945,64187.966097010714,64223.86069942402,64584.22476689043,64547.35406648236,64800.915677485384,64416.76942398686,64391.240331442525,64494.22294931129,64591.810674461354,64600.650210014115,64726.738643981786,64844.909620898645,64368.6146827222,64213.75523557444,64530.284364005616,65312.2996456681,65581.37024277486,66207.7645298797,66759.40066382314,67319.56439236124,67704.58545197593,67840.30764914623,68409.08006489917,68850.35515266008,70062.69182511447,71087.76467308636,71549.21692472853,71844.02473238703,72340.50735664797,72933.07356340178,73131.82525875569,73745.5370892424,74669.31145530379,75882.92026777036,76519.2485052224,77347.79119800025,77971.4340247324,78108.76645673011,77919.38411809139,77784.39587573985,78236.75149521833,78739.33116371908,78877.31212171672,78832.50256202386,78848.70396688349,79168.15530529608,79526.94376701005,80078.73808556862,80194.73310482303,80354.74766775273,80404.14673774414,80806.78052299343,81084.48794187597,81554.20838793035,82321.93680341695,82953.25161947469,83226.76588865298,83182.6305245907,83495.20716178679,83814.28344428627,84245.75384035891,84999.21060411744,85457.53268735766,85592.48427116148,85843.4067571325,85844.78825688935,85860.18966870004,85955.58296490752,86215.02950963477,86489.1236885489,86554.28482871801,86453.27087640636,86466.70994343903,86281.81673951169,86424.0870767525,86592.8944243783
394927,149,"Ocala, FL",msa,FL,32637.58581633403,32780.7325764824,32988.98924805394,32954.3509603551,33241.57280476175,33316.42432586146,33606.285599218645,33530.7931163381,33512.63591698739,33668.956957474176,33932.6218134849,34229.02936954246,34250.54133467854,34392.86594560853,34541.65719894068,34846.08599094432,34986.619192061786,34977.95032972007,34937.08104840942,34949.421423731095,35401.01871333892,35472.95083413522,35794.51004006419,35732.96014882205,35971.02204703416,36060.64291867138,36280.41291013768,36381.82029995778,36404.004315569706,36856.578139267,37376.012602522016,37919.55624282645,38045.59753438742,38331.698921371324,38596.34577037537,38685.670418372516,38749.27486459413,38712.11049943092,38929.409620701896,39177.33226176067,39363.37373975645,39478.02040666587,39411.01193594458,39647.98706245534,39724.87154740742,39952.45374898667,39778.31739761617,40079.36451512424,40283.674191460974,40817.90802220521,40945.28686696768,41081.824718006814,41331.85326614652,41452.78008436368,41682.91331043753,41667.09452923762,41895.65088658181,42005.74136076931,42384.28140199752,42557.277375933,42759.288034654004,42773.499319177085,43049.12780128665,43156.12186579998,43356.40155752422,43936.781168026646,44532.236437917614,45007.27623539183,45411.74364241351,45658.220374672186,46380.9373996887,47200.11422905067,47839.53151747198,48177.65744058949,48064.297679045936,48653.39216308588,49230.0740308503,50316.091268708,51239.39780075416,53047.196502506216,54303.042751970024,55901.390175385946,56474.03801642838,57366.97406807687,57939.70636302108,58520.442822634264,59418.96788365899,60064.03628907226,60830.599187359054,61020.07552552702,61306.38645729123,60830.78847270451,60726.749838139905,60468.35047413367,60897.06941587574,60948.277903345836,61359.32927472733,61636.66972606093,62125.79634480318,62165.484948992555,62360.45314198989,62203.96115916126,62069.851931558325,61655.283785803804,61554.42134719747,61435.705797994844,61387.922272709235,61238.46288319709,61041.91976946425,61114.89843450235,61205.682596712846,61682.71377139321,61955.9716240873,62348.16113266973,62570.63755631288,62945.48966412294,63320.7790709067,63507.61768865628,63590.06258972085,63910.93110202917,64151.58540137419,64241.57312107903,64155.441432377804,64002.04318483422,63902.83118582867,63968.519570995246,64124.33430931585,64401.09316175821,64450.74166952934,64651.770690766636,64771.0764695434
394679,150,"Hickory, NC",msa,NC,,,,,,,,,,,,,,,,,,,,,,,,,,,,,,,,,,,,,,,,,,,,,,,,,,,,,,,,,,,,,,,,,,,,,,,,,,40190.86001481907,40768.58810429076,42314.04203111915,43226.35099463636,43560.7022701146,44402.565550891464,45533.30386355871,46981.95372318092,47397.65339006196,47492.922096599425,48050.53283455429,48572.577667436635,49900.38087957962,49924.75819710889,50441.812175867744,50691.14671884227,51669.42460980028,52183.9563872751,52337.41138674121,52369.917127064866,52443.54684043286,52329.99928647763,52126.586461401785,52614.17830737515,53319.5636286538,53961.303366955995,53118.31560271893,53513.672633703245,53074.937616100025,53543.18180013564,53108.615395543886,53451.802097645865,53808.032410001746,54082.793975720684,53986.189558762344,54058.951077616395,53829.813288129604,54133.235368588714,54774.38506432021,54679.84602588217,54726.89544440485,54419.1115892255,54809.54106356568,54786.7217445363,54734.740829661656,55428.34964052452,55974.353317874244,56101.033822880556,56159.93296382004,56099.355195324584,56353.496012982614,56655.269012078454,57130.17838334986,57521.41818828391,57885.8792404782,58201.357878544986,58561.14219724837,58414.28571428572
394697,151,"Huntington, WV",msa,OH,,,,,,,,,,,,,,,,,,,,,,,27290.16437626696,27565.652086450416,27704.758501260072,27661.85358572583,28029.312762799287,27860.801574619607,28109.126017975555,27932.236997370117,28068.748075272575,28027.198430894783,27799.684391527226,28168.941368804215,28346.431789740505,28494.830892246926,28354.462919758487,28276.223389051644,28354.300963109297,28681.159633514886,28494.10111508972,28573.571748320956,28315.99224340095,28544.009248849496,28728.739029775104,28684.625049548282,28840.85054782389,29061.370108892595,29185.897437927895,29075.028291609822,29021.577164939095,29018.48770499433,29198.131226900237,29339.969282450835,29592.579720494396,29571.2794050723,29672.025273053914,29642.43498496062,29526.621254552127,29359.379218413495,29428.582953441488,29669.039288127133,30108.346200552576,30179.12511727808,30365.273795559177,30358.663999279423,30384.82600161054,30218.531122394943,30577.708602451312,30828.170292374478,31130.681944580316,31121.99619348892,30870.45423290182,31082.31073874092,31138.112559463203,31544.19271457119,31551.91649566046,32039.468855221603,31947.174907864424,32268.81333188468,32145.61756260247,32250.592911016636,32329.141326172637,32516.049415814778,32961.62034729088,33030.35614049224,33255.46446127107,33256.09479455752,33483.657352886905,33272.69726074932,33665.06292599769,33774.36210755315,34106.33181033244,34363.22072000282,34625.415866730924,34870.97515562935,34731.66140704577,34675.17893404013,34703.936413212374,34749.178990838474,34940.52588366561,35306.34600147117,35471.59786006984,35603.96820082383,35548.395147745476,35738.32881379854,35747.0156486645,35880.341330183976,35872.27012169623,36135.2202905184,36437.18683161383,36671.58327891407,36867.06344891365,36918.145330254,37036.078548782614,37028.34780566779,37054.01151699417,37022.83504370005,37573.51641978861,37686.19744536193,38063.18934421185,38258.78220537208,38356.44722466322,38543.27274770024,38656.91386251558,38884.79247962362,39059.55740439621,39410.42072153935,39810.54750205074,40150.59738400546,40122.994652406414
394602,152,"Fort Collins, CO",msa,CO,46218.543253484786,46851.68809682163,47534.66895358831,47808.91980760555,47495.40880915424,47997.782996650836,48186.88215711421,48786.76765546501,48705.58730989174,49341.46036599561,49099.14124192902,49520.14113025967,49747.76496508919,49882.07063691989,49948.283869978586,49729.64497189638,50230.189620490884,50359.8397442853,50592.71010652906,50379.80248755036,50277.90909486783,50053.76966345488,49996.29971343294,50331.0205858597,50446.20714997229,50842.62137377664,51023.89115298756,51607.655101608936,51870.86705714044,51958.64168648014,51985.77739352814,52000.972897498395,52144.75248111759,52106.77808859535,52485.97215454722,52083.5994812416,52441.58929062231,52488.95084100895,53077.89450365337,53216.03382221537,53441.42431199263,53639.78287009645,53858.898418183766,54103.26192566869,54175.10414723751,54431.64225964434,54591.20729293793,55300.281881263414,55337.146063769025,55539.414136446554,55356.10696683168,55405.00527661373,55415.493685224465,55583.392839351545,55746.28119295799,55967.10366764756,56244.5037126006,56455.00302238562,56503.34433082557,56394.07405578032,56472.24558234596,56516.831726136654,57037.41151752399,56866.34568200403,56985.96785720934,56853.55709341053,56936.5404624095,57003.558899857744,57181.37971700542,57387.38272446835,57501.991825618745,57851.33155032741,57872.144934218864,58443.74616965385,58689.19489935453,59514.33819445544,59953.3204041119,60765.65474497653,61411.00036317388,62274.87952964058,62976.690606188,63743.08420337749,64190.22609472151,64557.74742473281,64877.88847019845,65100.32739573787,65397.3086504085,65673.72244582114,66260.2258224277,66794.8663307238,67339.09196672593,67836.88990543525,68192.67620612775,68717.73313613061,69023.08218839882,69261.62571978374,69268.59431482448,69528.55566791422,70052.26136376709,70282.85422172847,70398.5846343744,70451.74060912896,70679.19723732249,70944.55361561458,71281.52427800107,71525.08582365685,72215.48991088003,72560.1845510434,72881.74265230227,72817.15471651159,72789.94574793673,73008.58610674368,73159.7885668458,73478.43967020728,73642.44903914965,73655.63489292383,73609.69126204048,73482.16039542269,73527.2030614709,73626.56452572154,73860.34791060581,74240.88427329533,74434.52671646349,74544.75956145977,74687.80439019187,74712.94781799275,74759.68010506603,74894.35897976701,75063.99294294846,75297.43685258109,75224.21836479308
395033,153,"Rockford, IL",msa,IL,25527.2066939634,25837.132237385318,25575.827436478965,25807.066404385478,25959.599477738753,26353.721686177425,26252.839926781155,26250.306529831298,26352.809238348746,26466.424715304413,26434.006641417815,26316.04540105292,26500.680426563584,26570.538208244718,26663.24011322594,26693.391420297867,26823.377032467106,26818.1489634659,27046.780450730803,27067.405833934223,27260.155161939052,27312.702224451514,27444.866846841185,27535.46302297146,27465.30651414545,27506.092222959913,27622.938736274773,27821.316860658244,27816.69855166961,27823.894290921842,27794.44880705042,27955.438172465634,28014.650883972525,28174.347533359494,28283.416137089487,28420.311705698496,28431.061719174177,28548.57706891861,28665.635448194713,28643.24588803686,28662.98876405689,28729.52253428596,28973.801671453948,29122.80836933615,29262.56202702376,29211.2114877783,29443.50178966334,29509.692218009674,29789.883815408455,29700.176172011477,29777.522741150697,29923.967979822737,30125.112529964816,30310.640756283537,30346.065647037118,30407.628822379356,30495.658834742724,30717.096237818638,30735.47462741768,30890.379278618217,30972.26893830882,31278.06285048216,31249.410968817698,31316.111034358564,31347.742195189327,31514.293966579444,31852.311740165114,32393.898488302973,32840.74973747018,32929.84554246253,32978.93838937516,33093.102192462524,33588.342365424825,34246.923260362666,34396.56918160593,34412.404890007056,34400.03241853763,34805.384534702214,35034.45773494723,35086.32067766103,35196.7542710358,35575.87237092412,36088.40261763143,36477.856365352905,36631.99327301699,36569.09500490053,36955.4490476576,37610.36950243662,38204.1380603053,38282.603890946215,38242.60585053208,38340.14295706659,38589.765450779865,38867.98908627019,38878.632064334146,39110.98781869927,39125.366638931766,39512.00246610367,39951.04941809743,40344.95402614698,40705.80068994076,40764.40930065819,41057.553553751546,41344.6174591672,41775.85078233476,41993.17603490232,42490.98036802442,42961.036959913356,43359.89830621921,43240.889491097274,43039.70866878404,43232.608840877,43721.17715703938,44086.213144622154,44252.46519342656,44371.243959378575,44826.51874514417,45290.91624846615,45382.45795419286,45493.35776088344,45815.7200263111,46392.50403256084,46921.43315711573,47098.86923502163,47066.843426911815,47402.75670944042,47803.92742895352,48219.22956480727,48242.77411049319,48354.625053304575,48670.907554769634
394796,154,"Lincoln, NE",msa,NE,,,,,,,,,,,,,32891.83455166877,32849.75816944017,32828.07529774271,32791.79014600351,32796.14486781465,32863.859228660986,33029.34191825844,33401.09589061646,33630.98851087437,33766.13214754366,33459.467482711705,33455.90559205451,33360.58032146033,33590.47644096228,33759.04532470737,33879.69659114332,33866.65740747369,33996.934465107304,34204.18806804251,34178.19427992728,34207.63966705957,34291.84357210378,34796.84307806232,34978.37253405575,35067.13393715534,34863.554047718084,34928.98289257211,35081.10532587656,35317.78525607689,35284.926687047206,35384.96490690419,35529.24900322155,35677.780825580405,35743.03223718839,35683.17935410746,35794.63228911848,35859.406148875525,35995.10458522992,36073.603239986725,36095.2638944743,36119.59243885967,36259.67704174085,36247.73616217801,36278.19968365182,36305.50150471712,36386.96656481091,36445.55106064435,36479.57834573229,36614.82740804758,36772.41514235822,37127.48553693569,37270.093787492355,37298.40421010525,37297.621658442215,37490.36987084112,37740.99368847772,37968.47602200395,38011.818865821035,37779.91282540111,37937.17810421138,38110.27089323675,38533.55136350344,38752.815633240934,38922.87124869886,39237.8322649201,39403.83724060642,39773.06877774558,40071.76715057802,40521.70589463579,40882.6407890475,41190.77842601043,41457.93930331003,41679.81809237993,41804.02369272188,41963.20434877267,42298.27535860999,42727.86822619035,43277.738274533316,43496.46899477025,43667.40892823127,43694.25921081116,44051.51254253102,44471.32117671532,44756.18631430545,44873.99624773019,45023.174887781126,45227.06334789716,45492.41072731101,45667.349666553564,45898.424515199076,46110.28171453758,46318.7303752902,46580.46082431334,46759.58936217463,47053.738705026495,47286.25864522866,47420.1590239159,47582.3753157429,47684.06194149599,47940.54130908598,48120.67678115265,48167.48032732593,48285.36955741038,48340.242121248244,48511.172538046885,48596.81850759136,48775.30096634975,48872.850312357165,49131.406705028276,49352.69285979072,49581.30610994447,49609.27484331623,49707.338907753605,49848.85352707959,50003.666141054106,50212.82821433531,50323.21300822491,50462.98957939044,50449.68595363336
394622,155,"Gainesville, FL",msa,FL,36142.29223929691,36472.18523610623,36620.48948854042,36713.11672132658,36744.4571569318,36804.08591718348,37056.92675410438,37252.040215226334,37545.74069374606,37853.83693645936,38245.501891705804,38367.70720070407,38342.83952014845,38237.31293743035,38247.432236689674,38385.88903127724,38664.88498081225,38728.9668756735,38685.97936087016,38615.61361328866,38811.154284048964,39087.976014558146,39313.955053366255,39677.70463154026,39877.128824764564,40299.725398387265,40387.04955378546,40574.863646790305,40520.40981905922,40830.46412907892,40958.140127834595,41152.83831801556,41175.238203641406,41306.54961698004,41491.64745444035,41694.73306206821,41989.82568075953,42097.28040839596,42303.35042923972,42572.16500427179,42829.29990487405,42978.29810089466,43065.59592448364,43292.7725532228,43415.81358582813,43693.172290641196,44093.17960441773,44259.73650898703,44452.98157531724,44507.627011843135,44797.99859805913,44964.78802155044,45241.246750698294,45465.59212269989,45853.27906724858,46106.72196709943,46474.905935692324,46650.09942136939,46715.98207172627,46946.50995881542,47159.95335053419,47543.906942599526,47550.57609911817,47782.75664647714,47789.87113591941,47855.2384747453,47733.76640299719,47488.6392985827,47105.40069515812,46987.67099813637,47128.500564166294,47754.351802637204,48210.490078801515,48950.15252144179,49190.79499035102,49682.409271148405,50197.433054332665,51059.32657410551,52148.79933559654,53386.83947141932,55119.94037741669,56512.01881623262,57693.28231684574,58133.000087055945,58387.78823321805,58360.106854638485,58603.5207105047,59122.28635522191,59769.419849938815,60255.44225511305,60673.787850994995,61017.067528051804,61153.47312327732,61331.38708845172,61312.94440714742,61308.86959920468,61469.32231355025,61854.276453548206,62433.35509770502,62706.87940986692,63046.10591653163,63404.43857886231,63581.78883134931,63456.8590653604,62953.41289014904,62596.72525362391,62708.612148142376,62939.2073266194,63377.45394631456,63578.48976442139,63777.6469995121,63918.06473776307,63829.05606394804,63829.063672964454,63813.6135632695,64215.47782533858,64479.33317412633,64783.60468183033,64880.51819300553,65089.57795676573,65091.84366721059,65212.1322491218,65194.986930413936,65311.52579228726,65550.78938633324,65745.82557735484,66053.00906806975,66198.24743804251,66665.19219206565,67043.506425978,67410.01313575423
394405,156,"Boulder, CO",msa,CO,61988.206602710176,62610.6374792457,62633.9692230535,63148.929777098325,63197.996883856336,63917.722282433235,64573.486734985214,65611.63736915801,65920.62638548453,66428.17370398591,66212.23839569076,66354.59859796803,66302.99320631627,66568.94473431782,67321.8065149481,67645.35792555839,67704.16028585382,67323.7676416353,67143.78512092013,66867.45340228196,67233.34044559333,67151.57306067964,67716.82856874021,67466.39213982347,68243.7355559767,68609.60382865781,69357.89158441941,69429.4603011308,69589.30698448943,69888.89759981414,70045.72798316486,70240.85315429106,70320.47545546954,70624.52994999896,70878.68574201241,71531.32567528845,71532.97995180024,71736.01724388164,71569.85966266572,71985.28968474978,72327.74423208936,72803.30693103358,73236.90130262355,73723.32216721463,73936.5049295764,74169.47441608699,74106.24306753826,74124.87429534498,74424.30365124911,74772.44361383586,74944.23484615587,75088.07303492607,75322.69282909435,75453.662925397,75644.33421993032,75779.9034252934,76062.26880002118,76308.3017057929,76687.67784574842,76971.48762190212,77147.34940156348,77271.86326173526,77286.35938275138,77042.5168488526,76612.7200122101,76432.3260248309,76778.51531241153,77008.87077465066,77356.21179173356,77648.86782446537,78172.86712907886,78056.06363598492,78607.80407889221,78859.52198407591,79575.1475385798,80233.40676800106,81315.68539430393,82394.38754258385,83354.2499092854,84516.5838010513,85363.23995701158,85886.55562249853,86118.62090314337,86952.52915792669,87791.53744334198,88966.44383538453,89647.56899017062,90340.04306070249,90487.8850043405,90792.96283891003,90828.4851215149,91082.89039190245,91470.8006795379,92035.23318795585,92222.86700729518,92196.69621293801,92355.56681980843,92812.05958559862,93362.50761898428,93745.36854919975,94346.31014145972,94485.06384507957,94900.18003932903,94940.0017396324,95545.55689170043,95535.48250926763,96126.45442294967,96126.10491837634,96498.17123743604,96558.27691226499,96708.85915172192,97058.8903346744,97216.70951804367,97622.32923863754,98000.01229083295,98553.37782921309,98650.99593419342,98693.83803364405,98878.0696498751,99425.47828222624,99521.37637935767,99604.09129893871,99617.55611211548,99514.87600131241,99505.93122567087,99455.26255868458,99303.37545552761,99097.79282848768,98889.96007849724,98932.63481731973,98602.77122975871
394646,157,"Green Bay, WI",msa,WI,,,,,,,,,,,,,,,,,,,,,,,,,,,,,,,,,,,,,,,,,,,,,,,,,,,,,,,,,,,,,,,,,,,,,,,,,29858.31335529305,29853.348008583478,30035.284357289107,30292.28082265179,30486.16553506761,30486.37632064741,30776.855394953498,31320.188218367046,32199.00902659444,32707.741829385766,33104.31590001427,33440.48898788041,34009.486222605905,34242.1634944252,34449.585428529856,34350.36524697577,34652.31779773828,34913.591712121815,35291.45775115379,35274.93027820768,35395.48627225889,35635.700743298636,35794.57143273816,35994.69159637245,35897.13580275457,36450.53126503058,36764.00136352494,37193.5059561377,37226.46247642951,37333.944542724545,37422.29692098113,37635.91599676357,37796.830628027776,38183.02153717014,38487.08438308027,38780.456017171084,38731.36447988071,38846.663661078775,38881.6870305423,38890.776379844,39171.48085875997,39419.46020062509,39835.28938624842,40010.04289117009,40243.837614017946,40035.06984712141,40179.01479503876,40271.43228438506,40726.97824396471,40797.026676565685,41054.23163271774,41332.9279640467,41510.83686502263,41685.99811853588,41698.585502906935,41916.77637701438,42076.13652737731,42453.22935900423,42623.75366568916
394488,158,"Columbus, GA",msa,GA,30743.216968775978,30593.415119220168,30663.966707216805,30678.672500843484,30769.301146650203,30759.670848016565,30786.702781502023,30801.412385854528,30842.91490500876,30852.757596811814,30862.037027608538,30896.18956992871,30824.328355922895,30826.13990724099,30849.162292661655,30803.941831277396,30798.06093746965,30734.55096571667,30839.70695193834,30945.641828835694,30974.42715808107,31053.009654578498,30918.162072096136,30891.78328720716,30944.79045223812,31195.53280384396,31300.306199050345,31381.047524171423,31353.798718390288,31366.047043547474,31489.505445857347,31461.89781801235,31557.653122490952,31446.345970963353,31618.429886649606,31753.65408482568,32003.039231731636,31995.338533989034,32134.939929796597,32088.273326919843,32128.64470160946,32107.72697687636,32078.47309383829,32093.63545996829,32105.736653510758,32257.971420128786,32495.51639404288,32604.125211279286,32661.897337136215,32781.77743608864,32841.767492295985,33078.49452891388,33299.60910504073,33573.961641728194,33774.762445571585,34024.16140546648,34238.93451141473,34448.08381034894,34503.50145425609,34671.029560734765,34822.102953662885,35023.46539306597,35522.97055923023,35959.4293292191,36385.10272959981,36587.64393274834,36799.09803401324,36964.813576726985,36989.64007472181,37109.59634977872,37336.458103243596,37549.84533159468,37884.29136768911,38306.94969914522,38680.65741508322,39039.17917165327,39314.63022823045,39904.79903949091,40490.5169787885,41418.20777328281,42114.084942100184,42909.194251867666,43370.127746820595,44156.68427500293,44466.36927271256,44523.252203547505,44564.84774925893,44752.94898897093,45124.40141901725,45345.5207805049,45433.059185389175,45345.925890309154,45494.867919315126,45604.138801783156,45620.08930790342,45333.21151708505,45476.129401885584,45842.06427579514,45842.840277382915,45653.38338695052,45683.22900072744,45944.341902998945,46625.6523672647,46750.92332438338,46834.11922331994,46599.225843986555,46842.509723247254,47277.16196493481,47538.61029385341,47950.53071812754,48240.16797278141,48486.17614788122,48564.425823237376,48740.02201269391,48814.71875892347,49089.732635903616,49403.61379346777,49530.24702079073,49666.98853866288,49776.46943049481,49908.39006242548,49860.77883879046,50101.784855471225,50445.663168158935,50779.658049354905,50947.573505009896,51015.814497544336,51246.99888145042,51435.08030742279,51948.60286215737,52254.97708174178
395107,159,"South Bend, IN",msa,IN,27351.339281672335,27156.99679931836,27246.85961292885,27529.926430261017,27796.781301513052,27702.00969654428,27361.266319870374,27378.559944036384,27411.817848784074,27423.35625048601,27446.213929245514,27737.381840535614,27910.843641510754,28113.69165794547,28242.975773903316,28234.21361164093,28203.810515971905,28138.855338991005,28302.80898093063,28395.19806602375,28509.065118548195,28616.90096404384,28660.908029630424,28479.80868274111,28560.72988444145,28885.654436380442,29144.935013336242,29439.688189515942,29157.22734453031,29340.823229040052,29235.30290605139,29741.258642055378,30087.64402900755,30571.644099169658,30587.752453132358,30736.51600539071,30802.938415657798,30704.503208039492,30720.637642994734,30685.030214467522,31120.431232300023,31205.07875420442,31366.981496902517,31404.9048241508,31517.427166283695,31683.81720137486,31815.83109197774,32162.715332089127,32141.840604884615,32151.19355509,32274.315882627987,32440.546572156545,32534.21437479129,32685.42467691106,32882.54386932116,32868.4263325683,32879.36600769921,32786.16752173693,32973.7636602987,32971.09662678807,33242.6875517442,33519.12714675622,33883.55998157072,34084.24937815288,34302.721382663505,34330.765137150825,34694.96081652398,34953.106861656044,35307.7751812339,35687.819754116455,35845.5146201569,36285.85946421293,36754.36644875302,37625.98381134164,38265.25174360691,38661.47913877821,38989.18839330088,39253.8197159662,39619.14671170199,40332.76863700251,40702.71371218506,41200.66474228599,41912.272617138515,42458.551599165985,42968.872675676634,43122.18790128447,43019.16583043199,43175.46054786474,43286.63393298821,44465.02557851976,44882.23397570076,45293.99916091026,45182.66758257225,45558.34382093615,45716.325534160474,46190.420915324205,46118.62391416323,46267.179113879865,46468.653993365355,47098.838049598904,47781.32306488618,48011.224111823285,48231.219542818544,48366.78383362585,48851.59859891832,48754.29557376922,48574.44722474844,48528.76577030975,48858.613659009,49269.513474141124,49317.440285114884,49407.37283221226,49606.560580860496,49461.92074726149,49577.19970802944,49605.62119981876,50057.85826786121,50414.10379521603,51140.19336552694,51450.35310569654,51733.518072063285,51881.522687395336,52337.20957967647,52469.82749755099,52493.06441709157,52772.01842538294,53012.45718998109,53341.852520662105,53259.36559185364,53417.54485524936,53338.65334390306
395109,160,"Spartanburg, SC",msa,SC,,,,,,,,,,,,34231.17187560189,33975.933898278934,33541.92361185586,33674.59013811596,34143.23837523519,34742.64322116502,34974.84873545748,35272.35522358606,35091.647962707204,35382.89422364342,35535.968561396505,35861.623550542354,35955.55470010287,36159.69098208756,36458.87909907727,36307.760435971904,36114.89917731416,35977.185585567546,36383.97966305824,36835.51081326136,37164.248749462924,37226.57454313542,37266.83384292096,37260.12780949015,37286.88937351271,37591.09686799021,37888.29057930502,38083.69381132307,38376.29684508428,38482.32724154321,38709.42441043766,38692.29299386369,38945.19070139282,38941.17714904166,39212.845054982216,39442.59846990545,39613.59804708841,39532.29877741474,39683.55022810372,39958.11229748267,40129.05565018431,40403.729364502855,40396.93569143234,40549.40043695279,40643.49645728247,40976.043528601345,41146.55462549046,41341.02029901845,41633.106851528966,41984.39174920821,42148.30819567684,42223.87307323199,42273.42262978927,42256.41974588376,42347.78230388278,42686.81766132784,43324.73782029125,43511.64355447009,43577.07746000479,43524.15551197434,43489.3070614929,43667.74131070833,43987.04763474415,44419.17804250421,44729.88853573241,45214.352555603466,45664.102502906375,46090.06848974887,46307.101374753576,46879.958413497516,47479.048458225676,48103.10818350493,48517.14454331262,48882.60462076562,49261.27749427111,49490.55955376016,49663.56926632678,49881.43847049043,50340.02545134383,50903.447214474945,51175.31915622621,51268.23088970443,51185.806130329096,51389.002957495904,51845.22189492279,52243.63108736716,52484.28438155457,52564.48791967284,52843.71495545619,53127.1277381069,53311.27323234303,52958.686791430504,53123.57409831367,53382.41559431877,54019.878131001155,54219.90076105218,53979.942735149176,54245.98124505443,54369.77184523197,54896.62393368137,55045.72670254423,55287.712174223154,55300.81470229484,55634.57325278948,55734.39386212392,55982.05110528162,56110.91794550624,56366.17468651958,56766.07137024751,56790.83874776892,56978.70612400709,56939.93175954652,57093.002734028756,57135.28851326491,57332.277908213466,57503.83169970951,57644.74289313031,57622.076297619715,57511.4359168884,57434.289931207
394645,161,"Greeley, CO",msa,CO,,,43529.15775705111,43755.49504722454,43310.387657016305,43095.09311588341,43702.644678916346,44263.88704578043,44773.40724234076,44596.613672443156,44715.02430461554,44955.40077959407,45067.81864941865,44960.784965517465,44595.45682711511,45023.18174523492,45429.616932197954,46092.15997937195,45826.05858785133,45473.161234832034,45321.546229508494,45757.25635176298,46086.95418073169,45954.892322421074,46292.13887468106,46474.496153637694,46630.97332712862,46687.49010629113,47076.02898804724,47573.759620234116,47781.47991108693,48104.11822802864,48247.78359825059,48247.84686567464,48294.48076993944,48510.16090817981,48544.95638773786,48917.98703701286,49335.10102979732,49709.580707828674,49906.324647834044,49812.7332741285,50123.17332363828,50530.31990031377,50961.46504940943,51304.87109900048,51347.13889410609,51670.30616393836,51757.1993658921,52024.51197157438,52157.20579373699,52212.91569982772,52267.07925025466,52428.08109082542,52590.072619550214,52635.57465601117,52702.61928548956,52791.51238435299,53088.62247594119,53166.515585910565,53406.4891047148,53367.80913247676,53493.50901031672,53497.78154886386,53777.18962291128,53562.43942996114,53781.62852793207,53694.201248290316,53699.74438229788,53898.773679243226,54215.51846527514,54677.54494023327,55023.64148941478,55294.81071830401,55534.82606386252,55743.682252238796,56039.64460024101,56759.202142986665,57202.85669512613,57979.68992356032,58556.928934330164,59350.00787746543,59817.30225101237,60134.9285001072,60422.34803661234,60772.68293887559,61069.39557611465,61692.29757531153,62173.16550587395,62504.635337450214,62699.787966363525,62499.384429214784,62449.37662478658,62380.93891506028,62953.867946643564,63425.06465851351,64056.60035260383,64231.73526522426,64732.37417299611,64767.6626436331,65012.755117015964,64980.56885059359,65161.31297560108,65330.356575322876,65690.02131676288,65747.22575470048,65908.3527816238,65664.27070179436,65650.11414166375,65548.5861014025,66002.84519950542,66287.14514600355,66695.1987692262,66835.62380764283,67111.89434687055,67320.44776381819,67638.27066039297,67796.29955704341,67923.66298667554,68282.77077350489,68367.68663376554,68707.78877743788,68436.37254835526,68430.41702486908,68225.17328331558,68343.363121028,68256.4736194938,68256.93741742025,68016.57861142504,67998.94731309875,67787.52790425919
394808,162,"Lubbock, TX",msa,TX,38168.85133288782,38244.45548959025,38393.29624342792,38889.1599792951,39098.01875960612,39268.02315536005,39301.35268093405,39033.927953133236,39309.81193226461,39324.03891593417,39854.79527147028,39908.121189444624,39864.046083210116,39753.81012070094,39722.54678292592,39896.857785374275,39945.15098180837,39917.239497271265,39956.8873672744,40221.57065170308,40308.183645450365,40322.27222778112,40060.40795346707,40077.896100955375,40199.186492438086,40308.30777640072,40338.445518726214,40430.28721295751,40545.3856522853,40724.03728846615,40837.471824360815,40804.516503821935,40689.619838954706,40648.73914504189,40898.19131189097,41070.15310886155,41107.28884238619,41074.28974610411,41125.36937583903,41087.34783493566,41247.10569039059,41295.96138160177,41325.34102331652,41363.92923678837,41425.72408537295,41597.879247151905,41727.4045040164,41741.148479017334,41704.217106850316,41833.00459389857,41940.38714031396,42038.63592577327,42016.49056719221,42073.81077074099,42170.270580132834,42300.8290824775,42478.769135920644,42567.33611535122,42592.87060633381,42706.483982079495,42911.1883876776,43036.771759187795,43029.69085706971,43102.72010205675,43158.778351090834,43317.14950339683,43493.96856959891,43620.22570649676,43750.08891107063,43874.63306943354,44320.3823049852,44551.55224490517,44809.40461004638,44873.47292732773,45203.976230300286,45425.54480170823,46103.99772943074,46423.047465953314,46771.394312747434,46939.202685081764,47524.83143466906,47758.78418512475,47708.70599984153,47810.571605334495,48251.99511336266,48723.61440125163,49013.21080275615,49269.19687239849,49337.62722613064,49476.183685342134,49589.10129177408,49734.45279974323,49815.41068369496,49961.96593103312,50422.341488047,50457.16211910285,50403.24399571032,50382.881070907846,50394.9953896506,50444.16119192303,50365.541835359545,50457.37363419577,50571.63433985219,50835.114678762206,50789.66454447405,50888.56643264596,50828.16642209753,50973.84145866141,50901.94365486144,50919.279886691795,51124.99392117284,51251.02362112973,51463.62541632245,51586.44082469645,51755.96022860393,51688.82364512934,51725.72043134072,51746.40182047307,51920.937654440815,52007.367247217895,52219.95086246608,52334.965869978056,52304.61403938143,52315.00811091315,52333.7548343721,52323.80415614743,52261.09873432038,52292.678647159824,52383.1182268628,52399.460225487564,52307.995813710106
394471,163,"Clarksville, TN",msa,TN,32868.31241381345,32819.90882916579,32898.14976458268,32896.03005056723,33008.38922303169,33093.89474406886,33204.98086088388,33152.459597695444,33187.099589023426,33267.5293497948,33308.761757203734,33355.441468929166,33350.0615641455,33459.653977699374,33372.04015315934,33391.8001566594,33294.14179318082,33272.7907137435,33295.435038306634,33448.115375690206,33577.40841086029,33597.282010003306,33675.76210360001,33641.285889555234,33660.6960019011,33675.35026418145,33892.11259386293,34013.18286511504,34117.69243194048,34188.08252561509,34261.12022471147,34325.483822774615,34347.78067600107,34477.92263292718,34664.27405287396,34987.110262454946,35172.88969718602,35307.998647885885,35310.99969442852,35361.08733535345,35488.83834157346,35635.060541919425,35696.338378280016,35664.96804764534,35688.764227674576,35969.62908010521,36224.23683332464,36379.07256243437,36440.64969791548,36714.36047998638,36960.816429887556,37204.82032815896,37423.98376940165,37635.75657909186,37910.06313355783,38245.62060599304,38570.13315180192,38662.284627783214,38744.73330218859,38869.82242448674,39138.88422576803,39268.74050535239,39165.72583741773,39208.85730515185,39289.51755897643,39565.105023925345,39863.15658167807,40026.39929785862,40403.626017201095,40745.514753160496,41302.9369164786,41746.37462444777,42018.07465727757,42140.99416336125,42632.553225232405,43218.20520747582,44055.381322415116,44561.55083848433,45178.360606268085,45848.73238663308,46578.48220949595,47198.40642394982,47520.55664937574,47932.64353827342,48482.817605661316,49086.86695440166,49465.916730086166,49717.76302420616,50003.22234454844,50455.50173290377,50882.72444167577,51129.307011036864,51027.05580864222,50947.42153545663,50936.87202936372,50929.80101263745,51009.96652908199,51377.16545396025,51740.91367457995,51921.37077918862,51802.711688287265,51784.47583704527,51583.28538303845,51488.04954267378,51456.319907421916,51582.890335432116,51816.97039810746,52227.98607476319,52796.14528177972,53039.431771727424,53133.73622901943,53254.2729140616,53536.74515180488,53581.96216986085,53829.54680317141,54187.80690997591,54600.21935604092,54920.58511835861,54981.11253952542,54960.718961512626,54728.70561914818,54581.543175951614,54564.987063589324,54618.14309070176,54651.09521126598,54761.431866465275,54771.12605247584,54638.102845689915,54462.77596757136,54239.97391473028,54118.191756272405
395028,164,"Roanoke, VA",msa,VA,30352.540737350333,30270.260485803552,30139.86206117276,30126.686707862853,30229.209858956492,30329.17019233691,30510.502923801592,30718.681641396885,30609.980251864417,30752.506308470893,30412.192973932513,30227.15537088841,30254.04362617195,30506.153202826416,30955.471761140507,31103.861271111527,31196.943619619175,30967.58943970787,31098.195417098566,31222.842393630213,31617.063622244223,31642.76098940889,32041.982363123585,32231.485416431038,32246.50109543373,31991.661491101193,31922.43133622354,32077.804068985242,32006.682009415996,32018.452807860627,32077.04217699085,32104.77296496753,32189.24664032377,32106.538398135614,32001.84950439603,32280.513985904534,32301.193874887336,32702.445895214503,32434.124387513126,32523.07204504281,32524.425136299866,32757.209164443553,32981.939821474334,33208.02351779373,33508.74257612923,33844.98810281116,34020.21642177579,33864.50045200696,33777.96007532115,33795.67732046258,34206.07085249153,34301.40296605081,34601.47350877503,34756.94198912591,34832.83573769716,34937.426328479465,34924.781795997646,35060.64883485923,35292.25051822386,35646.49794352792,36128.33244519002,36404.70621558676,36320.63917843213,36139.066464033414,36066.76772109545,35973.2644806276,36175.73451012336,36392.75593530945,36940.68578038906,37093.995248987245,37176.47343838221,37180.785561282166,37215.53918662573,37488.98347837316,37781.9153211839,38224.43343172401,38728.03163705287,39158.076457237556,39636.355732622935,40161.244230126926,40634.186643370354,41102.08048111351,41668.21717353135,42638.97454098226,43287.311409468275,43893.57881913572,44108.771533173116,44588.34867117438,45068.28183508164,45643.60756595279,46089.775771309454,46476.609528823785,46481.994840005565,47021.22004231092,47170.9001368856,47340.52425123557,47357.629488362574,47484.42673032556,47883.96778551691,48156.52928532601,48228.460327037006,48867.5790928984,48974.11527702465,49452.780955221555,49555.65273414706,49917.45130621646,50231.1086923228,49971.24382088346,50226.33603676694,50065.453367162154,50509.46260007065,50708.14404250002,51319.36017854658,51540.78582178826,51728.71050191936,51858.10923662866,51973.50803999629,52025.391040885945,52389.778055419956,52975.89149533097,53299.48960077497,53878.68878054679,53902.34410104559,54107.51542948845,54074.90363048539,54032.14578129503,54313.655530155804,54453.92326389725,54874.060528802926,55077.19365906732,55118.79401743713
394579,165,"Evansville, IN",msa,IN,23555.168584405776,23605.40922937479,23620.267065231594,23773.415993597057,23852.88169094046,23907.30883885896,23914.63327024446,23998.03193205912,24124.001024912704,24102.203860738588,24081.459309094913,24124.428450451684,24188.7469693638,24278.31208786921,24377.43555515931,24337.766973191276,24289.889920098365,24513.973105429777,24642.390362994443,24847.343906327944,24724.42244846882,24928.761414353256,25055.366450914225,25160.921109133484,25114.571140950513,25028.55966988066,25021.71222338627,25073.150963555356,25200.8031474876,25260.895556783544,25301.220322513553,25319.087938832083,25392.256851935806,25529.61270873234,25650.09960800558,25871.369192665363,25885.019452642555,26046.088636634588,25996.55559706232,26277.721375658086,26240.25296309497,26444.09442097929,26436.032204759194,26498.184522180898,26707.204286822744,26804.595102931205,27025.608342491858,26818.726647732357,26924.890799852863,26971.351165425767,27200.455994098604,27171.607053132535,27367.592520132162,27363.17350280909,27565.18898597417,27713.484080195765,27795.3300616271,27880.21100614003,27908.398289363075,28233.104338882076,28463.876746557362,28687.940576585195,28773.765655154628,28620.222366577487,28512.732015881607,28432.322286245933,28582.730164856355,28493.189019769798,28667.5969521226,28906.913711156183,29247.21040195448,29540.696809950332,29429.275743777398,29488.480853546742,29410.1652235047,29991.987110899016,30500.669833728625,30812.60275105,31070.454101419564,31591.42058968331,32194.51012309009,32283.19596225725,32558.97638049295,32340.109984708597,32934.58437420589,32881.878331924316,33282.903904522806,33092.70756152154,33118.16832147147,33304.85708144421,33514.85145723954,33693.14090005047,33827.927794648946,34132.699849671204,34189.632386785415,34551.218196547714,34663.00725774505,35168.92321312105,35294.864782130135,35617.32572402925,35912.39141715327,36224.744073301576,36383.265502624155,36433.1348953469,36385.974604240066,36482.9404491428,36685.530477429005,37303.729575868085,37435.88851561891,37782.06059472388,37958.485705487896,38388.53757141892,38556.125165737656,38855.244408126986,39242.15215499693,38874.86137990082,39134.4671285114,39078.01363983698,40020.136385411344,39917.91782397733,40179.6258125453,40206.3001232474,40475.37714877048,40553.27260993517,40813.19502556667,40933.261194690436,41064.03026469066,41839.92655892491,42185.31535696535,42684.81403817037,42368.7667887668
394747,167,"Kingsport, TN",msa,TN,,,,,,,,,,,,,,,,,,,,,,,,,,,,,,,,,,,,,,,,,,,,,,,,,,,,,,,,,,,,,,,,,,,,,,,,,,,,,,,,,,,,35113.927421676824,35689.52721675932,36903.29162685153,37331.34846121159,38133.89647857015,38522.203966928515,39882.433328441184,39990.29066096752,40902.19675190233,41191.64122273544,42066.88051430581,42898.654169303794,43316.31297332244,43646.9244710143,43547.870095769096,43734.580774807204,44277.90758193251,44744.6604462522,44652.14791130245,44816.06285914369,45106.347108384034,45314.403068164815,45034.34977976889,45253.707214518654,45590.48519174539,46058.683147627766,46266.10240875761,46452.70873353734,46549.60556045063,46727.583301112776,46958.012466287386,47324.978297475056,47598.43681979905,47940.87900573881,48070.14083336882,48312.15312644721,48542.604054086405,48561.83914241999,48805.198063693824,49090.36313254599,49165.5031632426,49292.874082797265,49414.09943893837,49521.00240503452,49448.76294570701,49456.9330718403,49750.75836126869,49685.69800569801
394741,168,"Kennewick, WA",msa,WA,40468.42167421275,40376.63139635076,40719.3361878275,40744.975666242055,40697.569593327156,40797.62751417562,41189.04333190943,41592.51252246241,41712.37238451796,42119.30705339649,42005.58613742898,42389.51280258521,42099.58661908826,42526.463955428975,41989.139863294986,42379.66361920233,42521.93438774705,43074.953195853755,43227.383728502195,43394.1949132274,43455.463820363395,43393.07493790274,43700.275434258896,43833.30468458138,44411.712925310996,44510.21846171088,45283.01542252439,45392.76533413729,45423.76632412268,45317.52800861238,45175.05393351302,45438.95987810023,45580.95987776697,45996.57072275229,46279.34030170656,46281.14985385381,46430.23409182881,46332.96072429907,46408.27670669288,46509.55648060404,46959.70952151581,47148.878273250426,47395.51513213195,47436.9577771446,47591.43339164444,47669.226242933495,47742.66267132989,47847.207426622976,47912.482075502776,48354.97215387494,48425.804632615975,48625.68225946415,48653.378572110516,48863.24920900662,49128.75640188007,49350.39958583015,49585.33234905625,49765.95576125886,49963.46862217209,50305.03363928526,50538.10632994198,50688.23965477276,50235.01743847957,50183.42068842879,49881.80357814432,50146.69077065493,50438.98270338456,51008.58682715061,51453.73036077006,52170.97576143801,52677.93914430125,53051.688031369435,53404.32211236848,53642.8988787594,54129.3653159089,54914.19067850518,56326.31527987207,57115.907592769036,57706.36211233233,57821.82838373941,58467.83777861786,59045.19022402855,59508.64166435342,60010.43454442697,60348.33003970306,60749.26339854432,61432.32443477514,62042.31902074154,62385.4574044838,62492.30372112302,62693.92140404592,63312.73611064964,63251.228034108964,63106.506473002184,63304.15514660397,63781.226202976846,64467.26568164462,65441.31329345579,66107.95030222599,66187.27724511594,65966.40860374867,66026.98352219457,66334.80375549027,66281.10239618208,66538.93047114872,66978.05716890517,67355.55991345418,67175.26757623962,67249.98143180257,67144.34376160428,67504.7101829265,67344.60331969013,67553.09313685793,67672.40573650684,67948.67436258311,67970.82007206284,68181.24857191305,68394.11665444814,68641.1345806976,68979.12757130944,69049.22002090511,69101.29127824033,68876.4524021367,69340.45621279866,69698.56527982232,70051.85190326425,70138.03248431438,70514.71698780807,70709.0807351893,70826.71836121024,70874.73485540335
395179,169,"Utica, NY",msa,NY,,,,,,,,,,,,,,,,,,,,,,,,,,,,,,,,,,,,,,,,,,,,,,,,,,,,,,,,,,,,,,,,,,,,,,,,,,,,,41394.66413529417,41487.400608746575,42315.55531950842,42601.33612551535,43008.13213104167,42941.1892984245,43176.62694426543,43917.355073822815,44177.311475270544,44947.51983171893,44699.50391248529,45175.09710061627,44921.861858427,45581.9693691967,46127.16910873135,47030.482352756684,47358.69073577002,47744.38655487211,47289.38786830065,47512.87998785597,48403.44969525088,49005.02149970616,49507.2573543763,49340.60444448077,50252.25720561443,50101.29270617541,50013.79201609764,49720.84679040408,50289.12175412592,50910.196551485315,51656.41262537796,51563.08312544779,51725.49998238325,52248.828156617266,52842.807187265455,53461.01314130979,52929.15986360409,53313.158703475856,53614.36130233777,53731.917033566824,53587.30358985044,53742.57285515107,54297.110136977004,54752.36242011791,54750.46306596235,54535.47799300033,54526.22687706023,54699.316249636606,55313.30221942631,55564.35682451723,55837.94574347492,56290.68757116412,56616.30170448674,56674.02076969716,56519.19191919192
394660,170,"Hagerstown, MD",msa,MD,35753.77610686491,35750.854380933604,35561.74402299994,35696.693349215224,35878.57669233153,36062.0197801876,36102.09868367321,36240.6392685624,36345.13677072581,36401.2319519252,36234.10781800684,36079.29252858588,36252.4889672362,36490.92644980653,36587.98058084015,36524.99214204813,36466.27032473068,36594.34512049027,36602.38936005923,36599.48337240147,36696.542635047,36789.685953436114,37045.15575205748,37133.654931095436,37245.308995551306,37317.956059973105,37470.847161079415,37489.78223601864,37481.79590016224,37442.85572662331,37589.46503763137,37833.218724733226,37949.47031806655,37991.62429217331,37857.72122222149,37975.51031475031,38031.55499077958,38115.093216938214,37975.05720942111,38187.01039385232,38373.51592800485,38647.572999124,38687.784201880924,38701.90136022734,38815.973267167275,39044.993121341555,39125.50245566971,39107.06984018633,39361.89537793161,39467.917977397985,39722.09778897231,39793.169052013174,39890.82792119312,39899.0689553179,40025.72552422792,40126.98021646646,40193.490122869254,40207.979429573235,40395.39696102492,40568.16770584547,40541.056515507466,40616.666775181664,40778.28548842826,41361.72076449804,41562.62712158018,41941.71739809881,42350.234515805234,42623.46157469217,42974.12947777166,43052.566436136396,43549.83167513639,43682.64176638315,44361.09004590402,44670.42646527601,45202.87554400397,45492.83625417458,46157.13645645875,46631.99007653402,47190.899677063084,47763.30382828116,48607.636113374465,49185.37491803479,49481.67949222431,49823.06535750882,50250.77736951251,50927.80779676604,51377.95318881427,51853.89977784902,52160.28416754622,52562.159106276544,53006.78093721944,53492.3947746769,53596.4448632659,54110.941108537976,54500.4497216354,55617.218654347664,55370.721885904015,55576.15560950332,55379.980301791344,55873.75593735473,55748.81840576487,55950.23197037815,55742.1779570105,56129.40783809051,56307.860724080885,56685.313529628176,56834.76054086309,56613.396792101514,57177.3098508304,57281.875126788174,57834.241879517715,57691.59028598407,58267.78351443747,58463.613814365955,59106.011830786,59208.53796839427,59597.93928977158,59418.71083917965,59694.5968227034,59880.59876387789,60079.05129929671,60358.93435566616,60513.8213668294,60855.63330962426,60946.75054318302,61140.853472716946,61162.806608524435,61279.88829222209,61341.10529793852,61645.433992316604,61736.64616085669
394543,171,"Duluth, MN",msa,MN,,,,,,,,,39273.75243998842,40070.50986836535,40222.803073104835,39885.88719171763,39588.17450831669,39286.386108684965,39513.713596358204,39641.445559944106,39253.823514334494,39633.69418406541,40107.85608088124,40769.53514740685,40746.73395391395,40487.50966414877,40500.956257662765,40641.76750897582,40576.51187102273,40630.846983337826,40610.58873339841,40599.67918062031,40633.132285413914,40586.18329999507,40635.310891274596,40648.230123422174,40809.536854238366,40721.579898051525,41000.52289122773,40945.61266364033,41395.083636240146,41456.03185053163,41634.46568436857,41635.84049494437,41887.6327098516,41803.314242957145,41774.41832629996,41656.798098194304,41880.69460830103,41992.77276396902,41834.24001089936,41912.07258858688,42036.750468322774,42284.828496516995,42321.14705965852,42517.08763877522,42579.32291298478,42780.82403939332,42880.73052482352,43016.78569913239,42942.01945239713,43112.23423520873,43275.65620274031,43408.471059381554,43300.762412027245,43252.52489458212,43593.858289263546,43896.581867843706,43904.22710601777,44002.617156591834,44507.68212004257,44867.20893972687,45940.09827283752,45838.83256139135,46151.50090402104,45439.90162200336,45906.58022284397,45991.141150903,46459.769412113266,46452.04606296582,46947.30482863152,47462.33898226756,47973.953607737305,48086.54811669864,48021.28516123468,48314.09759638448,48469.21792034807,49250.41829000234,49476.95496804472,50217.781509445434,50026.955199253585,50387.39392106388,50599.80692346315,50937.042136442105,51190.90736147591,51696.957612466045,52319.75973164459,52726.773968162466,53281.420935632945,53318.30491106406,53788.91226498023,53671.74006092991,54351.32808582173,54462.73764107044,54643.786499457776,54519.5733948682,54382.79364763461,54629.566537749066,54878.74214291112,55471.17763768901,55809.58813282555,55808.031325829324,55700.98054552538,55624.53004986378,56143.5353445447,56380.896594586935,56652.40994694904,56743.649644689496,57216.255894704474,57517.22650956806,57461.20475969057,57498.20797024848,57621.27044091081,58067.88534803217,58463.74699270527,59029.65706885388,58912.478885118195,59195.74815170346,59426.81923921018,59919.98074997791,60140.03571582738,60257.03072177433,60642.76126165991,60812.03975192946,61020.734329191684
394937,172,"Olympia, WA",msa,WA,42493.14497297157,42866.91874904034,42997.57467891279,43036.96576279792,42917.81464602645,42990.311231101616,43245.610482692406,43508.80807132492,43806.065591068815,43959.09893726239,44157.12063891316,44266.35790062557,44402.40323413454,44324.49293325944,44616.33281821887,44835.48376405421,45327.00817351448,45629.5337574515,45961.65112932401,46331.3065854786,46469.64974889178,46657.42604235289,46710.23721916222,47292.87011382004,47680.02564385031,48264.1716184232,48322.3916654926,48667.30604501338,49040.290586147494,49398.26226791657,49613.03020357088,49711.70495341214,50188.4535333669,50608.11418459662,51092.0297585482,51097.170262564636,51275.91211868482,51435.16277605588,51880.58916859521,52342.984389493606,52554.29419993536,52742.01119864512,52787.00967445286,53114.73359048821,53364.16099254707,53715.69132657713,53802.73287056179,54110.761335933115,54304.31520144286,54790.558654875276,55040.56654815538,55149.04529537312,55387.829665100886,55691.4304288785,56172.81302882447,56482.90626786232,56711.68989789597,56882.86728372862,57260.77052985983,57593.32719235308,57974.36443546283,58097.3886203235,58500.466976343865,58569.77259186565,58661.70538878703,58704.83134450372,59420.575283258564,60231.081754065286,61293.5361719273,61734.05335931635,62347.191159489084,62431.734304125144,63245.37190896544,63929.16104362087,64988.94557438546,65610.55681633484,66318.3142042483,66990.05074519843,67828.47571841063,68814.41583943243,69601.21243929639,70487.07839580775,71098.64476531788,72133.53478796942,72531.65930721602,72837.65708692897,72804.75314130048,73413.5070835617,74046.65706469974,74663.95028210225,74765.16832001845,74595.71556186306,74312.82283385482,73981.25646038432,74013.37617989308,73901.85683505949,73926.1894691006,74192.44722753085,74680.90734814706,75090.55424912486,75358.91101652115,75515.37632675792,75712.640097034,75797.10213007074,76109.66571116587,76584.43656555958,76853.2660685128,77019.92515701144,77387.65303539882,77668.4996694717,78029.42647092853,77847.25008154032,77715.8250875896,77657.96397575979,77728.29358853035,78044.40094934308,78299.05026641506,78556.78929475044,78795.27072053408,79070.93085506839,79233.44433988878,79363.95091504931,79387.84919948595,79753.95510719818,80155.70032249608,80570.82095333381,80980.13869779719,81313.73762779603,81621.82146280468,81861.2106050139,82165.99172359947
394803,173,"Longview, TX",msa,TX,,,,,,,,,,,,,,,,,,,33305.2683829194,33489.90706267981,33656.02300741953,33713.88566637474,33363.60296439589,32972.21159663633,32966.867954202964,33225.227251261225,33463.050829416505,33621.107207776666,33822.87534130418,33973.10366432769,33974.32673701229,33886.991343374044,33769.637660615146,33829.507194546015,33879.46541587738,33960.74116055744,33771.61645671074,33870.423884915406,34015.76786195966,34228.65918177347,34149.43463740649,34138.2741832455,34096.85380043145,34106.40982012921,34404.6281833531,34715.256326824674,35151.87208041637,35426.77264940463,35393.73877588668,35179.071140751075,35082.37344998242,35015.65778482548,35114.01426356234,35264.07519111248,35460.1070422029,35670.17646247648,35694.711751071256,35653.881543412564,35597.99044177855,35687.26328954111,36075.39583536491,36439.757587893015,36537.78907767704,36681.70826268422,36620.806085370816,36716.891626850294,36709.531710488656,37054.10280230177,37282.79414946968,37336.32317034373,37348.19800228468,37610.84526110887,38096.944101526606,38166.2702461873,38386.652197303,38383.95461845913,38710.68876356231,38847.97069162799,39236.86219053098,39398.452275333635,39811.07277520646,40390.77831627971,41141.887375547725,41676.01632596731,41705.403041447185,41835.123893364136,42023.96676232954,42400.40167387326,42933.75481001064,43488.37285942146,44290.236599348056,44862.245679154476,45202.78470015366,45129.855498058154,45053.805259768254,44920.72946699979,45023.31994865405,45116.73066237274,45603.13100089292,45859.85562771851,45524.85638788901,45409.896547965094,45514.313334935425,45815.68002412578,46042.33869276319,46006.744638729135,45909.993785408566,45894.78460258232,46118.50819676729,46712.91442831585,46809.29041942319,46868.85801099825,46967.08104440657,47103.48734632042,46976.58443060105,46914.16632618331,47118.184536067376,47563.59547878172,48054.58540069601,48461.46733358109,48656.05017053446,48539.27077327231,48583.73873457085,48723.5892960971,49069.136945290316,49272.69943929363,49505.69988958978,49637.69371785433,49622.43010904758,49607.74203517873,49566.48803827752
395229,174,"Wilmington, NC",msa,NC,37059.868079776534,37118.28129633771,37126.88319296228,37220.82669618163,37228.07686579518,37280.848322276535,37270.58883245986,37378.8914105968,37645.38608511176,37689.64807028945,37819.880897829535,37825.66077064169,38109.56263228314,38247.55667908513,38433.90197516694,38358.008767465784,38546.88586246759,38779.1108002441,39059.71197346187,39104.766143719346,39086.33630494882,39442.88707317249,39594.092656089124,39819.96747394414,39807.3739216279,40127.959501502824,40404.36216902005,40708.63968101054,41024.230093118895,41131.121081128505,41124.61206756687,41341.00558323269,41439.353379126725,41442.2333734023,41386.04735062525,41597.121615127995,41765.04021726711,41711.24449102177,42129.37587354607,42562.12992049542,43066.536799910486,43021.29403072288,43250.493517875824,43093.38413352067,43698.20433503205,44033.366315054955,44871.430405354135,45115.252686802596,45571.9765542987,45934.2333841081,46000.244000344464,46092.122663434435,46061.427029157654,46566.76464785678,46897.55456420536,47461.614998332334,47457.50738804838,47629.474638404405,47448.69107187146,47573.158498056655,47576.78237084702,47681.7238825028,48223.99559390948,48785.924238246356,49246.29203428299,49413.40497471934,49558.153137995505,49506.79374626983,49384.148197182534,49587.21018598513,49960.671523686244,50613.93083155657,51463.49902341122,52169.51871042153,52659.73236003183,52690.12815681805,53081.456535069374,53801.09855521906,54888.721685790035,56046.274163625414,57586.2256890394,58690.794703593834,59721.895117231885,60313.65291545647,61215.30830856374,61916.19030072455,63161.05985952738,64251.52564089845,65458.17650573104,65921.08708694422,66577.93980735376,66825.4698846576,66861.15056965484,66551.89233841104,66445.18933405016,66667.10081499942,66628.8264365179,67002.13686448359,66716.8472998114,66942.27472708726,66671.0935752471,66902.27958011425,66684.97458604141,66960.58265699886,67084.9392745942,67216.1564781657,67112.27065244355,66838.19674031463,67033.8683506162,66722.20902650159,66850.45782515129,66848.9118012081,67110.83726405987,67159.53469591345,67247.84132172025,67268.5481152829,67279.49409919076,67368.51988088196,67720.026679944,68079.45445960318,68098.21796586197,68326.97340228957,68401.76272010962,68359.82605246828,68298.01900406467,68277.26159121968,68373.02840496067,68342.43475198298,68399.33377078413,68447.54740296087,68345.41797611566
395061,175,"San Luis Obispo, CA",msa,CA,59508.68820359573,60200.32370081979,61135.19825551418,61922.99660368187,62730.15175274034,62816.657451358726,63389.402303087074,63731.30092407438,64673.38914385853,64637.643264593986,64312.582942457084,64531.5580088808,65357.2836088322,66852.71785234385,66647.34872403364,66631.30780317125,65921.95980263832,66635.28461329169,67537.00406044698,68407.91707452925,68264.66474049604,68228.68353656445,68599.55454542555,69497.29473050064,70090.52233026183,70103.130691291,71154.43429743931,71179.55877987893,71549.70299368605,71159.91416913256,70716.44393033562,70647.19944180502,71327.73161091989,72191.11043849667,72854.78506078281,72959.10020143128,73462.32321275266,73335.45926283135,73094.58792382742,73331.97127262723,73454.2960104166,74109.82896203717,74110.92444996451,74835.8654671948,75388.21725314087,75977.86172361748,76244.58011980873,76230.66022100626,75965.88056425517,75985.61323667824,76336.44603113827,76783.35679404855,77282.13784072772,77428.84165177429,78041.59094856502,77895.61314109399,77698.57139554484,77388.5591522014,77349.9691569443,77672.62461071444,78035.20021735934,78595.48174128935,79369.84383571651,79055.65173086997,78718.74243417227,78941.72516953443,79205.49451181109,80035.4018027604,80393.15930691343,80525.94024293967,81352.25044961186,82506.09242839953,83557.32955509947,83382.62192998077,83551.45254329359,83915.19573487926,84493.49638564675,84910.5042186343,85993.07516922435,86638.85808855499,87990.70019350886,89280.62295021613,90426.25468494308,90417.58245685778,90472.23003879943,91109.27532828033,92523.03934621174,93813.11718715144,94845.45638425615,95513.2271871725,96328.12778448088,96920.75316627267,97567.74588971438,96742.59171058562,96871.07658128739,96883.53680014981,97687.91908711805,98155.24527436701,99027.91882733404,99979.61817483268,101148.79911447305,101695.5032341375,101756.13060064145,102156.12645293974,102339.7335446683,103742.22794758891,103529.34176767802,104623.08429637112,105517.94094901008,106416.57719704292,106014.42323851686,105566.91505517154,105745.6661020012,105813.00663672603,106249.67439659155,106966.23775004815,107791.65938162709,109160.76352049425,109476.95283724631,109887.91842830087,109986.34927869585,110132.27910012413,110860.4674789694,111587.45750115401,111742.06968693454,112367.3962869358,112861.23850711234,112985.58137380518,113054.04394949389,112344.441349271,113037.59702550646
753875,176,"Crestview, FL",msa,FL,41945.591940589286,41907.69963524784,42096.735223333264,42271.623741491836,42475.56400004748,42578.008363981164,42676.65955504437,42698.78998110128,42798.85610795313,42930.51886782006,43115.595972905416,43371.31028579787,43575.30301585821,43681.60491969213,43681.69344299465,43730.240761926354,43719.19691352455,43786.75662660091,43848.6946327792,44220.60790171752,44404.49916067772,44546.574789610735,44504.248521133224,44541.200073875916,44792.4350132956,45156.520709203854,45428.94745748574,45492.62352438565,45811.47181333808,46139.37036225305,46430.30563963297,46496.713654772575,46698.461952417005,47068.99418226407,47408.03695365939,47550.70287449611,47592.24720477919,47641.356483911615,47905.45493257139,48248.164265986234,48528.40665610578,48794.50099749839,49116.51670918996,49279.07310154936,49503.58563280544,49711.97779029466,50318.13195178131,50990.83925460538,51457.78982384161,51832.43893290608,52170.808304897684,52540.56729673035,52832.250281441135,53111.90459467723,53362.553341059705,53790.67600484453,54129.068447801415,54388.89237450286,54365.914279141245,54360.53835432815,54510.168046239065,54685.18186927016,55359.228871104744,55035.910983265945,54633.49169367933,54602.67628712455,55131.258017320106,55913.16081082728,56281.88231299953,57102.62040203463,58038.72101012438,58605.01416340532,58965.211864887715,59955.274827797584,61421.52818364909,63541.8304685923,65525.09631704286,67339.63030758727,69045.78914656799,70233.54909467803,71218.83226573702,71590.2674206073,72053.09550635815,73155.50183441206,74355.64300818584,74966.9939085876,75326.96668531504,75385.81946990761,75759.0906249672,76105.8430640543,76005.12444461521,76216.60596928078,76468.54410572992,76739.69241119668,76783.01773802796,76573.94380112887,76604.122045029,76574.484389044,76838.87907357856,76878.90787234368,77020.75878921192,76740.0224953311,76399.33722576685,76025.64239995321,76112.21182079209,76506.30985474911,76827.84472131211,76963.63001797136,76746.66024128374,76557.07642791209,76318.06737246801,76536.89729925801,76851.80902362084,77008.89123768055,77442.93910195181,77675.58342927873,77783.81023152308,77569.07181851739,77596.93289074645,77711.39579658139,77935.99954384052,78236.15403160093,78442.67952365823,78412.34924346932,78175.99352666915,78244.67680192667,78197.61027561594,78250.96872569698,78150.50821929456,78138.22472183143,77995.1307295771
394851,177,"Merced, CA",msa,CA,36645.65000848139,36956.39465432172,37386.79442693642,37404.47922044282,37429.22199721749,37582.11383826629,37895.69207364,38039.11876942147,37935.70004223636,38371.89279458262,38685.83519674015,39280.40464003453,39311.29568052783,39687.7532530605,39682.681461472755,40152.57588435329,40482.771942484294,41080.80508241462,41464.57032802846,41743.89710897196,42092.9568889389,42266.93652909532,42575.3297830416,42932.17431096756,43268.595269743695,43482.12691968809,43685.69747281406,44169.31433699616,44743.089432055654,44862.529034150786,44986.08457617587,45200.47696275376,45794.73286341264,45869.09750782866,46160.969614234506,46571.81538892898,47397.400322594505,47732.17528992087,47742.79305142445,48114.92991447259,48307.04874723784,48496.168537780926,48562.91242017103,48683.760932435645,49019.23551900584,49178.97475370933,49357.53753945977,49401.83136539574,49664.73512199207,50093.633743365535,50713.1123605134,50795.54844527836,51000.157074262555,51371.72964028397,51874.91931243854,52312.899148938646,52357.1261626177,52837.399945954254,53149.255322761004,53480.140579286985,53430.42894701534,53522.60058470448,53744.63611795294,54091.349747694505,53889.69868294279,53523.51876730279,53414.3994452462,53738.1991794321,54320.301590802075,55894.94517145756,57003.940977979546,57985.0335481219,58085.6705195273,57778.87673909633,58419.38506964677,59162.33274797434,61187.82577270761,63123.52004430286,64634.65741635038,65956.57459255365,66868.75835431187,66959.6559682562,67798.94575588036,68210.78560820587,69145.80248183999,70057.1536094406,70290.90272161446,70864.40072796699,70206.75190655683,70119.55638559096,69809.37005215701,69581.83612861678,69808.7653012288,70036.900588033,70106.22274322041,70042.06782992747,70386.2744258515,70929.24486914452,71312.9605060424,71857.79182082925,71898.68646010107,71902.29484745207,71740.86069518785,72252.55455156002,72464.83487977154,72882.99785294005,72658.40885641052,72792.63700988339,72799.22327681714,73192.88162478856,73705.988661106,73896.6455910707,74619.5434223312,74606.06697805287,75333.19217187818,75382.0546170666,76072.33273298405,76033.28818249583,76850.03389264521,77395.60393458478,77735.34305741462,77667.26932812604,77681.81468298286,77782.44738392202,77905.86289871065,78491.52616085361,78616.81530719277,78900.31391185311,78721.8181820178,79004.43792970057,78920.28753753754
395197,178,"Waco, TX",msa,TX,36138.894197615475,35236.30155504157,35578.578847318495,36214.67586362732,36046.899404399745,35810.56396031976,35519.15676653274,35866.13362138044,35756.06746048519,35939.37009246785,36232.009666776954,36428.66680371053,36584.371999166906,36242.81613413439,36601.10492964986,36560.5425178673,37272.174934391885,37177.350605806925,37533.77170575822,37511.43115508202,37619.68233637482,37651.84151487429,37494.48770433651,37618.1417125272,37491.259194996965,38046.29341484707,37925.56369611306,38236.830977806276,37954.28729415933,38050.16605045006,37984.92345437374,38316.04484276154,38763.937356655566,38994.86828172222,39024.51673709179,39000.55152165067,39395.84283720925,39542.359578107775,39604.35569393191,39586.419828138525,39779.66570301579,39762.35938831099,39733.269746791666,39675.220653618904,39731.27179344641,40006.38190970435,40289.65883391782,40601.434388758986,40483.19878400003,40633.696763412,40889.70246872605,41066.13254876501,41230.49287340913,41544.27016101613,41848.69805737244,42036.57451659436,42056.63916192818,42017.29288372054,42111.60955997964,42150.58055791089,42362.41357897475,42347.52114895007,42646.05521620338,42975.21639968978,43288.17297358432,43199.053688566615,42962.88198985196,43108.729070848596,43391.644288908305,44137.349204906,44470.67042722689,44441.36209604048,44618.982214538555,44725.45258089594,45470.7747775865,45672.91208835736,46222.78215148816,46773.64085825649,47579.87567412328,48381.94798684522,48920.27638164543,49659.46836584622,50376.40013520703,51148.9684502593,51205.86968745834,51734.74500927468,52038.1311385635,53104.283402220266,53436.54727945102,54624.131144295825,54867.558169920005,55314.269903300694,55391.20180749287,55373.05966436662,55496.73568378147,55769.76671368174,56555.51960118384,56649.87983977626,56630.76155342572,56292.78385242805,56520.44844051913,56113.245025846365,56501.92215824148,56477.43505167909,57209.3734557198,57004.6881342068,56938.89761351835,56926.055388171204,57016.18177643615,57663.99036221249,57989.24448875868,58227.26796848702,58177.49934044599,58270.69587986432,58470.26618910138,58410.033215374024,58266.295623193655,58295.41276768919,58639.4683715171,58738.71763575005,58646.20105770012,58344.61238597679,58358.168109350714,58434.742000558836,58587.805129266046,58748.581657871946,58619.737035373124,58837.965824688064,58825.3721300443,59137.10016254945,59104.95356841354
394447,179,"Cedar Rapids, IA",msa,IA,28281.49610224089,28378.58954208794,28496.726988181414,28419.064767698543,28485.269478145183,28521.291156428902,28607.222828607115,28642.430215635155,28742.367569959195,28784.203391591243,28852.445969746284,28565.412799607653,28455.73269763334,28511.34422243519,28740.73038776466,28934.08241693364,29087.948288665517,29004.869170765603,29174.12804609359,29156.095512696036,29340.167389502338,29111.396776007357,29110.969923089277,29432.503447636373,29509.96693277204,29582.392679595814,29341.173299208782,29642.258794870977,29608.609778326852,29593.900081407992,29394.439727586156,29358.04098983726,29384.110636593112,29591.612995255062,29651.05650132699,29614.32232508583,29588.388724207096,29728.51775482044,30030.74286703585,30064.94564744371,30248.98870011012,30316.824028143863,30275.93108572977,30394.748644885392,30451.43574273872,30585.83271366684,30651.987831268805,30755.487429214107,30698.957968911825,30783.535006916172,30770.10580074063,30728.330009695837,30745.953195291902,30903.835489927722,31191.27779981586,31329.56844397646,31450.70962521283,31515.709796012598,31667.86689367868,31797.09247575828,32105.818046302644,32238.06697684892,32259.03313691986,31699.788262984508,31714.13300245097,31779.72674668035,32017.617963117096,32289.831960138945,32697.863788217055,32868.11578885193,33050.6757700729,32884.45726166389,32750.031988250263,32812.38840196233,33131.906581736934,33651.887357713764,33765.58863489582,33981.64778334516,33844.4934855374,33944.074940316306,34025.2345690745,34215.17068948518,34155.930689345216,34294.722871481725,34424.14867569922,34636.12007497007,34709.25611790924,34809.553135995935,35115.15205547106,35288.83136660129,35720.692783807084,35917.09125570788,35743.18558065577,35866.52642492972,35864.54894923037,36449.89223820502,36578.46134781608,36851.33660109827,37103.421362739384,37323.72575784706,37495.496778331915,37402.620799408054,37456.45562439118,37572.255018064476,37829.925213040115,38199.21827641495,38524.297931384725,38521.491941876564,38439.648888758085,38648.27472210343,38605.312270909664,38672.73320949314,38658.656119366235,39063.8927937399,39183.4043676099,39072.43714326719,39326.478075234794,39026.5252439415,39385.55907084706,39437.576355353136,39800.17078269829,39856.52180403414,40155.329026430954,40385.96130207114,40691.8671187613,40844.353543550526,41122.1947951927,41616.061657804676,41855.16799388824,42435.76407291264,42573.55901786443
394348,180,"Atlantic City, NJ",msa,NJ,40915.658492822375,41435.10044105862,41400.15384018985,41597.34306952144,42398.12314414978,42248.74225418722,42594.63505553557,42242.69116389474,42654.890122914,42459.78153499795,42720.82345197685,42596.92523747554,42958.69357194693,43182.07999938542,43391.071677849235,43428.23694412529,42938.56573868094,43065.125000704975,42936.026263656735,42891.69859267051,42596.21574070972,42528.225672433764,42457.23129431955,42775.84496266699,43033.76134907661,43115.19535191178,43232.124250515226,43207.07483350592,43476.83164300938,43725.26600160332,43902.46872021772,44054.00185650507,44042.88149554278,44556.042581922404,44795.56972352617,44967.11342681979,44890.83890583249,45043.819520947785,45086.92700470601,45495.668314927425,45515.55088901392,45738.09321304585,45872.843964978376,46091.675694503305,46533.59733209003,46369.55721083204,46638.545270948016,46500.84421613676,46896.15589402007,46820.75180424754,46999.799734145854,47002.2481633112,47256.17526116976,47271.852944016755,47428.095719305085,47538.17656032841,47585.75662729547,47812.9298121258,47839.71861547877,48152.308100736824,48180.72784301191,48508.66387684787,49027.76137066525,48940.76502657548,48597.131010053876,48484.92194860604,49410.5018440938,50436.944167165435,51699.98298723713,52120.27067261135,52177.82373352924,51943.295568204,52289.18138706027,53219.45369438303,54308.12121043606,55595.5343745349,57156.841803366115,58031.8749735602,58929.51209490314,59606.48499577651,60552.01919470655,61598.7684774794,62087.07296211087,63632.29103138586,64920.51637898777,66420.75420397412,66650.50996616216,67685.44077067138,67921.2414328411,69638.39559230981,69751.4626170137,70211.59932125597,70022.80842361356,70189.74746113489,70867.4795908109,70406.65471060199,70583.3468262626,70418.68111564769,71271.03965051302,71091.59629197979,72155.89289860774,72819.81146452224,73523.98911666553,73984.37474635894,73857.22662613078,75124.72657395579,76246.6081480349,77048.70286775853,76943.62277757449,76712.41881291875,76742.77051346787,77020.34366984246,77703.1013807734,77801.39034704184,77856.8712941854,77133.56860019102,78411.63289495645,78119.62962099187,78409.0740923809,78780.20030150142,79540.70095193297,80497.91736993684,80991.50234587565,81638.18053558536,81474.05472405115,81683.00867842989,82274.27173065062,83547.69452245258,83674.46109157607,84255.74099166339,84362.04739704741
394412,181,"Bremerton, WA",msa,WA,42192.436605167786,42586.70208141478,42678.448755000594,42802.72521037178,42500.10718044635,42709.131958090475,42899.684989272224,43573.02519352452,43774.9851364077,44387.83747488923,44497.61903389062,44733.53268117432,44661.28856939819,44526.739418367906,45527.345373613054,46045.053851013465,47066.94612688296,46942.90218002395,47748.10374730177,47946.60716647255,48437.692760308404,48223.77223588558,48509.21925958732,48970.06392063888,49280.179342131465,49887.64218515545,49634.13938950622,50025.4266295307,50163.21319462891,50941.003580183446,51120.116121930245,51464.82891439271,51626.126452314194,52096.07601272101,52421.5783644884,52612.02712812548,53164.538810376594,53536.80937602737,53944.17786224962,54104.08876414188,54492.70313976961,54698.666470723874,54582.70105264156,54545.0431501216,54908.559383369204,55572.45445916934,55965.36854860747,56306.68718632979,56455.746792208025,56918.55883389678,57318.398334677324,57682.67996166678,57885.599908059405,58135.35664994939,58734.94321440488,59300.03352044907,59570.00301719348,59563.90655308521,59742.15218647303,59972.40061150238,60194.88580893084,60177.717732380144,60629.43113108382,60403.67369956537,59998.765116463874,59598.251604540725,59677.397575227944,60401.726797849784,61153.8350819913,61635.87142023616,62120.1716990097,62751.66619270934,63323.13773925507,64234.07031871842,65060.568423519726,66463.72885937248,67625.22273247616,68953.18652459465,70242.47984472229,71390.44414724212,72418.60309069455,73065.79096952976,73718.60583075289,74262.46523615696,74626.81892650994,74583.94364209847,74754.72387041255,74931.07270333832,75314.70485189775,75544.60096010042,75673.50737915622,75489.03274532544,75087.69111309128,74732.97492854319,74505.46033807418,74212.04751737753,74154.99915030449,73994.27533092335,73950.5991150004,73409.81504783328,73645.23799815075,73972.70202762155,74503.63021543044,74543.08194871168,74790.51896291735,75324.47279532555,75621.91465473121,75959.7095265416,75810.57650756545,76318.04941637574,76776.6432518406,77918.32474169382,78257.7669065155,78387.06757825083,78257.90836040842,78706.25411907217,79189.04089513214,79586.78877524236,80032.33053707865,80446.7931634395,81138.51063838719,81395.96261822246,81559.46077788339,81384.31704408958,81391.82621144986,81518.48475829868,81741.03119501975,81803.81365713857,81745.6004392094,81564.59012997117,81391.36058607597
395103,182,"Sioux Falls, SD",msa,SD,,,,,,,,,,,,,33723.374624977434,33786.209405835994,33610.836325695214,33617.763951352186,33349.92537467263,33387.2922356103,33464.86390491134,33750.11643174973,33972.44148066155,34048.44465177976,33734.6294726136,33584.346719695415,33619.96644739816,34062.40888790325,34401.587094157076,34540.565502140125,34601.517687667,34705.65295248601,34945.67057524124,34831.06599837221,34838.004302234214,34685.817113649966,35221.80398169458,35231.42335512604,35370.730267699146,35301.95039955813,35414.98167790392,35561.94657687042,35416.26041832213,35475.207245729085,35352.247704852554,35428.282400131066,35287.588929701225,35374.409120598226,35272.56536360403,35239.43140203791,35398.736702467744,35550.90479108161,35496.19223557146,35464.93643914516,35739.06796891156,35788.254620582615,35920.74006500767,36008.84826455372,36232.38055555222,36391.69558812873,36450.287697882006,36674.822229296566,36655.48059197814,36672.71021576961,36698.74340582945,36895.14269969536,36976.0967741414,37086.448406109484,37072.99515349597,37064.0192598606,37197.19793128388,37389.742001595936,37680.12888001532,37745.6870132603,38172.98599729201,38299.06421551855,38483.44614257293,38775.8862897111,39238.24181404149,39711.45682296801,40031.95636828335,40478.41776903478,40936.749062493276,41564.22958503104,42074.07790075518,42629.62312238449,43170.2249335713,43701.224472335154,44089.38595684,44489.178536513886,44796.830623454254,45390.18540262651,45725.15454381597,46323.13058810368,46439.007330974564,46597.5517200975,46681.49122520281,46708.959410709576,46548.64425414565,46621.63620543471,47073.89109976057,47354.6192582532,47598.81544907217,47539.732623189324,47688.722726274806,47593.77287917572,47682.071424931884,47550.73070864377,47663.48828835859,47750.637739538906,47984.48961336776,47892.40874350816,47984.97803693173,48014.72336366437,48261.665312802834,48363.06039402165,48558.73556083992,48463.42829393206,48353.07626128942,48527.08399489382,48665.72440996884,48780.25577575702,48849.966710662986,49056.46340469853,48956.53886534754,48977.046830146086,48856.28582330069,48928.5165982732,48880.56569450533,49106.56074158533,49345.89396938176,49453.29057036717,49480.019822639544
395065,183,"Santa Cruz, CA",msa,CA,74717.384846899,76033.55536339669,77456.55236812403,79426.18660962174,78099.20832822488,77660.24401215868,78817.1755762169,80602.21575030444,81201.92272121541,82474.48765292985,82746.68879347175,83858.00636282894,84560.80108411354,86844.56350677178,85418.78224118921,85717.65503123507,85519.90459171138,87554.75970911542,86387.59886647601,85859.37307398955,86590.47590042693,88039.57417380024,89614.45315507724,89729.68933087467,90384.40758979965,89361.89225945261,90415.68534479996,90694.84563580775,92324.03428059467,91803.2909484487,92721.47619570006,92806.56420121355,93615.66416866076,93347.12453408843,93479.53475457209,94182.69773977937,94825.91849267567,95342.74333339836,95631.63773042447,96918.35320066192,96642.51754074202,97156.23644376613,97020.38624366533,98055.6117223023,98123.79447481336,98430.52023178263,98810.74333644916,98679.19369417461,98639.69193984004,98730.16389773642,99108.8963339243,98708.81510989337,99053.96498038482,99337.691275683,100028.07845331394,100069.574934377,100249.51533310708,100616.1500454341,100740.99954440018,101277.57341453977,101669.45830836991,102381.18989359845,101846.45516377641,101809.66173125773,101084.58140555762,101150.9178728997,100783.71769779027,100508.28259341052,101204.62462867596,102338.28038632468,103674.64484295425,104578.6795673057,104180.92167220144,104385.92761288233,104950.31490418049,107111.8244186751,107806.95377998898,108719.57091525442,109242.21131241308,111750.56303056811,113568.14984816227,114803.16134632725,114819.91252476927,116055.51956987567,118576.68034437577,119715.64356911439,121027.79632822752,120310.55517941414,121555.45256758308,121943.08898016016,123314.09338887561,124061.50961863196,124560.97333213965,125797.06378064242,126472.20673743197,126155.08423075204,124609.45056460629,124673.38478053697,125310.09738856241,126105.94107901416,127335.85091190161,128288.58435070749,129777.5600126473,129785.3727114653,129008.47294477938,128101.85733074612,127466.49495881231,127894.86256871659,127857.15857836053,128917.57361906482,130263.53352267832,131178.44894942004,131253.15019313432,131728.2746904007,132164.49482878653,132958.3381263209,133992.8907775094,132917.37546933471,133657.19370592877,134167.86802942425,135375.45126277566,135185.00659062597,134412.21308232917,134279.41292978582,134213.89483225145,134169.46410119938,133711.60480391275,133773.33912805872,134092.53477482006,135909.5583415255,136354.56993808202
394572,184,"Erie, PA",msa,PA,,,,,,,,,,,,,,,,,25014.53095204356,25278.461644720388,25066.269643861153,25560.15112133715,25378.002539122088,,25825.445771523697,25777.305186634137,25672.020147810406,25587.481224956562,25672.775797964798,25956.557542044637,26244.41680881886,26423.86893052213,26565.47271078016,26417.811943214725,26297.609848283766,25966.8225593365,25884.199382244125,25921.338109404183,25993.599263065007,26067.589508312303,26235.88853720729,26651.938678594168,26764.422804324786,26756.390549818454,26511.91010929089,26561.826508801532,26619.23680576988,26861.512057025357,27070.627925222332,27329.032354238952,27367.846671401992,27469.858570124805,27472.514321269733,27204.170736470085,27193.506164294715,27207.743792167363,27520.856667415355,27607.320616794048,27788.3184428889,27771.02653673809,27811.64054010465,27735.664698270462,27820.08570432306,27846.547360873807,28047.4758990872,27996.85835471794,28056.215536009357,27943.483745364636,28194.323957828183,28140.172798250038,28591.983059658392,28790.643401473415,29253.868713540694,28837.49511390153,28846.539695510855,28590.146313387457,28938.669973332824,29064.365366316775,29505.81511817706,29897.252368201916,30189.003881547284,30531.815697613136,30609.47182598679,30799.698021469085,30901.36123406841,31334.251001245557,31565.50925216611,32039.495668259286,32286.488984179512,32906.45779892002,32954.378179568586,33199.577438904096,33462.479404297104,33773.664289599794,34166.57073180782,34250.746857014085,34269.295958721,34712.615691726576,35058.95114694383,36135.36850028805,35936.23345725931,35953.77616231925,35697.64336132769,35961.29228787797,36086.967637675145,36350.02893116315,36338.58262190402,36600.575729338845,36563.06591250808,36830.10339908461,37098.64774808804,36946.89838750519,37406.06730452864,37462.8858028533,38149.776175687446,38318.48165066176,38566.29582293324,38706.97812113836,38980.703554023305,39050.19272802535,39824.65535800918,39865.58328715325,39996.12553055225,40031.08861245041,40271.453390768875,40642.57392761759,40764.37653283413,40983.0148133409,41205.03402381985,41416.128205020555,41648.08713495604,41952.79915628554,41860.09009009009
394924,185,"Norwich, CT",msa,CT,39907.60664983723,39956.21732812236,39812.33440559942,39726.0260207836,39234.49706952624,39394.64153922378,39844.1718876937,40631.3174848622,40745.704662534874,40762.92367229534,40946.377548957615,41053.148667897236,41380.957889310586,41284.54744302573,41112.35886759234,41210.83906109827,41567.49233350743,41698.642438458206,41362.9723156842,41098.63434889979,41257.372932572354,41544.13712350922,41708.196837646596,41519.45706031339,41558.02855261236,41417.79771142747,41871.90393607323,41886.75869935621,42486.682609341384,42534.98567607727,42851.921367873,42683.213096477404,42951.26134309023,42690.80499113876,42599.40911630043,42429.5113416762,42546.381302587564,42845.71103468791,42862.43333926187,42878.90158079282,42828.2050950495,42847.88176875226,43006.61890627585,43238.25233685271,43353.870713366174,43748.38921688613,43617.33870189764,43821.28749688763,43624.57353521167,44076.40461641844,44133.98667510939,44365.66278910095,44343.64287387514,44582.67309718167,44686.091237092136,44960.33570638525,45062.37347846594,45198.99045738595,45699.23610863639,46072.147098172245,46579.332378009836,46549.21181587549,46510.766731152704,46126.91160918875,46425.736024930884,46761.9329465544,47598.39133899524,47906.9300294966,48387.35236832461,48998.87618117655,49220.30724544278,49583.01959688316,49717.38882530531,50087.46848489004,50545.34033124349,51003.13777777419,51982.67604180606,52417.24028926925,53006.835264351444,53562.608425862956,54400.539423036076,54751.866988139,55031.069522594255,55233.72111492309,55468.328896934814,56428.21585704221,57042.019939975085,57787.31361819691,57518.54079818582,58147.33854197092,58571.89148222259,59411.116697290796,59643.44633674203,59993.5737799849,60182.35961514017,60513.11619899017,61108.767948455985,61216.37802156164,61626.106877695885,62432.84493252778,63002.17215653905,63443.73370138646,63230.87452818886,64086.01992112515,64625.9368281836,65018.96470518375,65441.22405717323,65705.38055224369,66408.7249393064,66867.06076082602,67367.00487358683,67857.96616811231,68822.56664983112,69429.70046478836,69827.89083074192,69200.41766584718,69167.30484468416,69800.79779503029,70605.18785875042,71150.85704892724,71176.96416204976,71450.29002809954,71581.12793411703,71443.62925674811,71258.14734130182,71207.77841422116,71676.61386458382,72242.45749441542,72610.08535657343,72473.35839206484,72177.29576974915
394323,186,"Amarillo, TX",msa,TX,,,,,,,,,,,,,,,,36320.269309673036,36473.0302614047,36256.773216238,36453.40916554839,36269.64741230119,36204.62360531991,36198.16913580581,36045.47511148675,35998.9283412544,35869.37721093219,36018.65535431555,36290.34720547842,36516.81232287482,36422.76919259419,36438.08318830626,36598.58070299818,36707.561352395576,36848.604791010235,36541.13364192905,36366.94638922794,36347.47015352189,36610.337600874744,36814.31153176435,36745.7417272714,36696.24501594011,36757.43598770599,36792.240846158114,36817.03915950691,36957.208515332946,37019.47346178738,37093.970414262505,37197.53680824257,37277.61568631389,37243.47367832902,37382.02107971027,37379.62137068209,37474.83713823837,37586.8425051276,37735.978150271665,37751.60586682417,37769.39121886179,37808.508611271776,38041.941652605325,38209.843746462386,38318.6756046961,38399.3500300423,38325.143217262754,38420.754451807676,38375.75028267216,38404.56660726745,38713.70370791503,38708.25335380633,38919.882818857695,39010.00727380378,39449.586754399796,39909.07905312351,39898.30561973435,39786.11522617224,40131.91820816164,40653.71493379788,41017.027541496565,41373.778428706355,41349.2755634832,41802.28053437173,42132.94210836091,42760.36503660292,43062.60201844189,43159.97866277763,43482.51283560012,44008.61932701824,44317.52820954243,44516.752441832454,44988.51727558961,45426.28689119861,46318.15991376919,46645.665423279876,46818.01055540777,46509.716655387056,46659.625879769505,46906.823876546645,47092.402183557155,46980.62758714309,47192.915572073456,47387.24312793142,47446.37685560867,47439.023992068935,47200.64716729495,47182.03385972003,47289.816857191574,47870.24206523758,47933.17420242834,48074.29482736128,48293.66804538464,48601.204105397985,48427.03344468569,48284.50502653624,48304.42640942798,48579.30635364285,48844.631601872185,49087.020365815224,49316.62072598148,49485.09520948868,49560.774545850865,49517.51244901526,49578.44857584479,49664.04617090752,49982.29219430865,50296.52384343846,50490.42843179171,50517.15247256667,50576.25952006706,50640.63889017892,50683.65133659345,50622.79971562886,50804.0159618357,51019.33597434447
394772,187,"Laredo, TX",msa,TX,,,,,,,,,,,,,,,,,,,,,,,,,36281.52048426421,36435.79659725861,36923.05313589734,36979.24799199099,36552.498813732,36588.62599569885,36431.462892334144,36767.864913286525,36996.70505304782,37636.25445104658,37816.90255728982,37467.921754716415,37541.400546523924,37777.27932386167,37781.11622290188,37552.4169667053,37899.818796220294,38114.5462799611,38616.519546379524,38458.75938821568,38592.14494463227,38191.755158069805,38112.77752832158,38338.75701487091,38412.078915094346,38664.17082122617,38713.986280267265,38981.466321870335,39076.11545865725,38990.96057614971,38909.8631181862,38988.58169544941,38943.10528534667,39029.240002270424,39066.77756611155,39105.29197165676,39063.38782384901,38777.39311591943,39158.04848604314,39212.192654466504,39312.14190746984,39413.71434519759,39420.24523362866,39683.28628012318,39843.02027228668,40040.04559125914,39609.7226687576,39521.133738168646,39713.11394259549,39836.34444233106,39998.59407233125,39997.294736746044,40450.94599931941,40876.248091781956,41643.74294381176,42186.15458606835,42421.043225786816,42667.267700057564,43324.35601701878,43765.82131181176,43927.43738050587,44761.04514434497,45365.52090935056,45882.90886584091,45585.97968138677,45676.93309605667,45667.89692814028,45602.48137296253,45738.32755948466,45961.11399366784,46255.83991767662,46718.49712998797,46922.48310649086,46371.27618497046,46241.14419970301,46502.53545994617,47289.212856790255,47847.80861102821,48291.68636358382,48811.79756533396,49083.42588819125,49292.71747275388,49238.75091271558,49919.77890161397,50167.717256601696,50551.76432365587,,49567.381547588324,49509.47735711051,49777.073566561645,50173.208166862016,50416.48991780175,51024.39491297091,51225.54589532363,51373.09872714849,51064.94065511771,51238.620700940715,51502.52811513923,52429.5739650282,52766.1539336195,52807.64419652678,52591.98139779943,52310.44848785076,52097.377432538946,51656.97285935188,51508.30971878267,51457.142857142855
395171,188,"Tuscaloosa, AL",msa,AL,,,,,,,,,,,,,,,,,40324.19190077145,41191.017469984676,40634.92747961326,40440.88166862268,41118.30893788017,41736.31820821403,41637.83101952533,40830.00991956676,41286.82217268206,41730.761151968465,41849.70609481758,41781.31113039595,41831.20300680657,41748.860651597,43139.791253540534,43675.811108367045,44374.17253135598,43500.46195675942,43289.04522543211,43002.55475177335,42963.87422493511,42997.36497495667,42930.53628960823,43283.74076555508,43338.29558455653,43823.97169331176,43488.93956203588,43826.57652955859,43858.66039931005,44287.997616642184,44513.972519032126,44276.40145245266,44387.29555961752,44537.38020432294,44996.78067151841,45088.33937223278,45273.24836441402,45169.44802164049,45211.35111742282,45094.65791055001,45018.25036829609,45371.38832980115,45716.754882918314,46530.54460695621,46814.52787238503,47052.244502993126,46340.482907225436,46598.94440331397,46574.607829781045,46674.32956325944,46717.03336815746,46368.84461005513,46735.10871641305,46811.27339966706,47586.572168963394,47722.82622648121,48014.41613725523,47993.75334764157,47936.391581414864,47893.30738623873,48038.64972743903,48670.242320446014,49186.28471540683,49931.87082359566,50128.77432496854,50532.66774793883,51005.74766730673,51567.37826210074,52002.06073674867,52030.53333493944,52754.29953122859,53204.70985994178,53726.61480057616,53355.7371670931,53638.55677830093,53926.62891851489,54447.50902576888,54505.64576768646,54641.159281743945,54739.47757939222,55116.707563125776,56064.0903645178,56405.97098148148,56975.11358485675,56946.86241553803,57581.85401564913,57586.60410564962,58029.126592557855,57858.458753897576,58267.99770308083,58184.58562202787,58338.283617308916,58685.9929755598,58745.78006967232,59428.058508367736,59460.75999091106,59780.75307546449,60183.951728626445,60941.36222915182,61052.549633416886,61327.40447666454,61036.52982357394,61551.27902896876,61939.12377113735,62069.03292217044,62255.56688823106,62133.93316622203,62494.53273199795,62933.676237859756,63175.339643632666,63345.10541481267,63812.970409969326,64460.26605963546,65377.106158092734,65931.2593330015
394483,189,"College Station, TX",msa,TX,49046.800732168354,49174.51897996269,49428.78580954346,50054.985693283124,50191.88104967303,50533.99039400969,50803.46137874336,51594.04354069218,51383.28472468733,51513.78562317482,51483.00118226055,52131.65348285135,52382.641619287315,52279.27333004972,52151.62903713374,52003.4447193167,52132.334234616406,52446.78974141053,52701.989777419476,53414.35745712058,52912.2651408045,52672.41737559969,52159.33492172642,52907.02844429924,53548.71618176176,53875.500539640525,53934.689932323236,53970.920255371915,54207.76259160227,54292.22183168982,54038.69527357779,53353.588006628626,53667.904871321734,54021.768764632485,54609.71201134335,54181.46892495926,54044.032488959434,54120.479795772895,54309.09419125179,54506.277333172715,54435.71605307718,54157.175029583865,54105.31690146235,53808.07204485892,54077.72793302223,54410.07427533064,54364.65799886666,54605.658476777164,54443.20084154078,54963.57988934882,55077.27968338138,55179.9216370035,55338.87802242028,55675.307153616704,56000.786310923046,56606.422828318224,56545.3971867758,56345.15012382715,56376.9880654245,56391.2425867571,56603.72294055145,56248.54480319876,56897.31318887159,56872.21724222599,57069.12675064302,56928.28412257466,56912.53972026568,57028.76504846648,57473.656431343916,58042.77430466998,58376.21237851275,58578.99725399029,58851.962020452294,59062.65754030471,59060.003152128185,59193.906440963525,59269.869270891555,60015.62067110051,60784.82092945478,61740.634262768435,61986.26144993124,62496.83516146293,62604.25964311629,62966.551430308515,62960.99684389104,63279.254074312514,64056.23953470216,64789.61046405216,65423.78897319256,65810.85946769411,66366.59456130119,66533.82815665298,66985.65115932182,67083.34346492044,67651.83919193233,68140.36007156472,68501.44206346388,68928.26298223528,69250.0117149923,69867.89201489808,70288.61815888295,70520.21527319697,70437.01871538293,70380.6807416606,70222.56641340532,70330.20307480895,70760.58802600016,71452.49510198137,71887.80584897085,72254.37452105444,72391.29301067592,72655.15516457493,73144.66713838409,73253.34728307708,73891.21124719275,73956.91398889826,74382.3470147989,74599.740890131,75078.60129792582,74962.51893255196,75204.127745883,75396.75935924197,75736.505536889,75839.84569086629,75898.68330918823,76383.6559439872,76577.30561875575,77278.37353335007,77711.05684005772,78241.71967100285,78313.00700061052
394732,190,"Kalamazoo, MI",msa,MI,30393.086369817174,30623.898390976017,30604.75984172986,30544.886414128687,30276.789621800395,30026.582075405695,30215.52321258248,30554.69921505984,30894.983522631326,31017.19548416671,31062.61973650071,30818.867312012062,30976.738265961092,31170.206988212776,31436.156383484,31469.482739742205,31620.122402415014,32021.421577582794,32234.015732884887,32398.912974136983,32421.36810376417,32317.39766869802,32023.183498413662,32291.302868517865,32494.179023307723,32825.907064861,32917.455280701135,33146.40493818334,33366.14003351885,33478.609346137564,33533.12188565055,33417.27550538744,33331.742563285945,33306.987948912574,33757.5208528894,33952.10348278458,34318.082087724026,34266.19754668008,34307.654679842264,34657.43815692787,34990.56008116049,35134.33299615156,35184.29150225628,35260.19145359801,35481.18638218025,35829.62376928639,36127.37079393659,35978.455245179604,36044.676881592415,36226.25790198806,36448.80349578183,36424.29749291268,36410.26812055439,36552.73445472103,36831.40924549886,37188.43024485758,37453.673413924495,37622.80101518081,37634.448527406494,38023.38591084203,38170.337368250635,38424.69683514732,38011.50005950492,37949.864991587885,38044.52919868266,38247.160138174404,38359.2169245585,38421.49354724673,38428.331784277965,38683.14611427987,38847.83730980664,39357.564758868015,39530.363286355416,39956.57037304623,40216.655075070616,40679.39594512927,40942.04223445214,41055.049308557456,41550.51279568204,42243.95683799308,42709.961332888706,42928.05757765967,43067.43571717759,43463.526780865424,43907.45680770476,44091.903961564705,44424.945059541,44747.45801153267,45301.30902834279,45768.22755402661,45999.81284049586,46111.23421065716,46518.02587102864,46501.450727771444,46731.75702792709,46321.346233668446,46434.855124914684,46373.95115926128,46722.869394726324,46943.104859148654,47011.92513344896,47110.19019665014,47179.63169418842,47168.20884167571,46937.18964941346,47190.250500066395,47412.66090996643,47660.54197313309,47741.743105177884,47953.57746674512,48431.031973759564,48632.38030712844,48935.91642846589,49030.49100831733,49175.432590523145,49460.09948717582,49695.94362001491,50137.167538087066,50302.45638794939,50702.67013518709,50960.63784107699,51240.45148583904,51059.192669431024,51156.21514695659,51199.842356996836,51407.53214721278,51616.62209268774,51760.46500138734,51980.20273136941,51868.01468176078,51914.89531884826
394811,191,"Lynchburg, VA",msa,VA,29463.488674610624,29470.45360824941,29491.961123797842,29547.37935089755,29598.68197229144,29665.877542698396,29913.450134391096,29960.766872738302,30119.513854978093,30198.440794174694,30485.373587255468,30540.97592507898,30787.554222274153,30890.964719911753,30851.871406519764,30561.01024693469,30462.495656899326,30749.834799620963,30867.60164992645,31016.394195759618,31038.8857373709,31218.06791881482,31142.209195119885,31234.54873098927,31075.119980678235,31126.178318210965,31212.017710063992,31423.792346809885,31642.990002627583,31614.157663092217,31809.440457046647,31860.57531810623,31987.138622926912,31983.794478037526,32249.086695742997,32292.720530343046,32251.295067903146,32077.276417489284,32186.781709042734,32419.451331470515,32607.87863301055,32634.85165044497,32583.117410717994,32601.33435692125,32595.29686262858,32773.27961886093,32775.565143298,32944.75263207266,33133.625332237185,33445.83221413416,33543.172147967736,33527.03756406335,33505.8968378314,33648.386433696745,33775.481313342054,33922.563920179375,34080.08131875359,34127.626655437976,34227.20717197244,34273.53785489836,34392.52231208247,34438.77747583847,34621.38807244181,34812.29542282448,35098.62530437256,35187.47428960805,35370.42498788138,35483.498418765266,36092.03776361453,36311.19882342361,36595.93192185972,36255.09047746788,36452.19703630522,36753.5489903208,37252.60830954784,37475.06415777082,37527.462008225455,37995.00919953583,38747.643568511994,38977.41965642976,39531.186011306905,40059.832533679684,41201.97076540418,41590.02119072999,41953.95707919988,42163.036484948236,42926.82675709937,43362.15347068838,44274.8430689386,44360.91096791841,44574.67190932194,45618.13674546369,45880.971268805566,46462.689754424115,45979.57760759414,47245.31108803315,47361.664228121204,47025.899561129205,46352.33657140924,46804.28882771311,47306.73450374342,47766.024338026815,47956.06102781579,47649.119891378796,47779.81034090997,47774.06328148916,48020.1262967284,47738.08288468199,48052.74555779089,48672.637184689695,49238.22120707482,48787.496394534995,48746.985584381975,48647.58101864158,48980.44600116407,48935.63809708595,49089.44050368662,48978.15751783982,49563.97276351526,49558.06427753482,49636.330568622536,49712.55480158048,49857.98370883552,50294.9345579302,50293.17184464571,50515.044104078355,50493.21485244599,50839.43668389859,50972.289630602936,51304.266052874475,51163.593199466355
394455,192,"Charleston, WV",msa,WV,,,,,,,,,,,,,,,,,,,,,,,,29768.721858384666,30018.98740561478,29654.2784919384,29791.08552567248,29611.183565839106,30234.87598187492,30179.687275830427,30389.706557267098,30297.676400353394,30482.67097695372,30449.801280298198,30234.076372174222,30135.718224529617,,30468.615233734323,30557.33393363056,30888.40965074905,30778.936438611643,31055.30670521196,30932.6308454876,31164.9000711239,30872.837615208526,30926.636665093698,31172.833634824343,31483.536032672433,31539.498953550745,31343.83701592149,31246.206620343462,31183.02032936358,31141.646716928022,31126.82506540761,31212.480710517008,31290.692297533,31642.798975950405,31834.648774619836,31846.007167309363,31820.13321279285,31963.051699275762,32181.55674358665,32249.417283644932,32231.038985442843,32483.10909202547,32262.801054371655,32231.71170649379,32134.038024825157,32363.29631269721,32530.94594434864,33014.038911516174,33074.14702674765,33144.66697400474,33161.6174169529,33230.41448410721,33192.0683827986,32848.366634907994,33297.10122526282,33719.92153307997,34401.9487641197,33883.82644801141,33850.53077113499,33683.91131045623,34177.33199547812,34438.42658275628,34557.13776142465,34605.52166290246,34875.58852991825,35398.44746435506,35615.367505428054,35638.986238051235,35259.334063493596,35731.29068203928,35973.298534997804,36310.307203416916,36064.83216967914,36043.38099683729,36490.56065730608,36859.94643010364,37165.85126563428,37030.94873803235,37012.783345865144,37013.974658119034,37565.51262369579,38034.14290956019,38193.61810598826,38139.74660675619,38281.800955103565,38378.046146456305,38337.84773660501,38845.23897405056,39134.65392712015,39413.56842874983,39134.36223579405,39258.23674756609,39469.94816786209,39599.68892470525,39814.582389655625,40155.644467647384,40517.942950486715,40865.34415564148,41118.483398571836,40996.57308870805,41045.09782299027,41291.301630851754,41967.926836544815,42375.658620092785,42514.45561671553,42619.01089208099,42861.87287331354,43106.03703703704
395240,193,"Yakima, WA",msa,WA,,,,,,,,,,,,,,,,,,,,,,,,,,,,,,,,,,,,,,,,,,,,,,,,,,,,,,,,,,,,,,,,,,,,,,,,,,,,,,,,,,,,,43225.68960652483,44552.93848369509,45512.50990504725,46086.57811285278,45150.7169947679,44712.612393801195,45087.21595127299,45966.61630445047,46245.43721698082,46119.82335950799,45991.449877813175,46608.572241648355,47242.79292470655,47026.58045124626,46714.255884000995,46350.82938816596,47389.43706877695,47920.151255920886,48236.75093764468,47931.91481238029,48402.17121118435,48328.63270848085,48894.18882440148,48554.51016863237,49074.23382511406,49238.86161724269,49678.8154683223,50072.071663194976,50269.0743903664,50492.53023845733,50362.40161506412,50326.14847721902,50497.399763282476,50813.52139528257,51053.60817970521,51486.260409000824,51364.59396087408,51515.7742073338,51571.97809307332,51751.60008565483,51668.12058863232,51704.04174256785,51936.20614222956,52284.32314361514,52202.39328973201,52321.315014977336,52194.372670807454
394585,194,"Fargo, ND",msa,ND,,,,,,,,,,,,,,,,,34677.41217331375,34324.14820691043,34224.74919216134,33855.81738812127,33861.18517227881,33885.6064076366,33951.05000798246,33979.15837140884,34024.86569532516,34376.126285172824,34329.04694533155,34320.405966682294,33958.35151790931,34036.246038657875,33827.08720501471,34111.05203611539,34150.028041880134,34763.52375843804,34770.892030413845,34594.44088520732,34286.23945952202,34180.18175786098,34260.09679320617,34174.61203983843,34468.15100617307,34540.75979852934,34598.04356364474,34523.21236359378,34603.29563716947,34634.13439351419,34498.27091527235,34413.95408947237,34506.45642559409,34764.64374868856,34720.08250182761,34833.33262597395,34844.378161155124,34918.6974777878,35107.48537760504,35216.72585985505,35282.50684252798,35126.724919182234,35379.7086187415,35710.5616783082,35982.42417204974,36006.71097692394,35612.457712364114,35703.74941304278,35727.40973225034,35764.64225233941,35929.47255959869,36039.75022783542,36243.26468080456,36367.54483652806,36176.53585456346,36054.845652747346,36336.915259010144,36638.16318616179,36769.09974848036,36669.46919746605,36830.736723333626,37182.0742018924,37248.30828206385,37414.923323757044,37481.17523003889,38018.34412977541,38497.885309197234,38471.83641085617,38377.05111644007,38338.171320303074,38908.01495718205,39379.17226664036,39734.113064336554,39743.373264722686,39817.10258605295,39949.256546543285,40143.33547501882,40128.428771784544,40235.234028292856,40643.26973505384,41066.17038779912,41401.563864218384,41257.016842629906,41332.52135095452,41295.09664760432,41597.2900625197,41863.447802494644,42207.98775153463,42469.51440522514,42575.624805475,42855.6910038706,43049.99896910645,43588.49551010924,43561.64178839567,43943.04336810836,43897.5896066136,44218.62895244738,44237.51591766696,44330.461757793106,44219.144241025475,44370.18373887042,44819.248541925954,45056.89409121094,45128.943372490925,44913.15195488198,45154.53997252279,45175.37156576134,45427.297020121165,45451.866489403816,45583.953434136325,45649.395465902184,45792.58639136852,45740.39929120821,45542.73689662428,45373.28328715564
394387,195,"Binghamton, NY",msa,NY,,,,,,,,,,,,,,,,,,,,,,,,,,,,,,,,,,,,,29091.782833179594,29591.22493524678,30226.042635554975,29546.831106914622,29655.85199767757,29813.467719554734,30622.147397753077,30820.775380394116,30619.17810290367,30718.296309569705,30928.368887092827,31178.093308768093,30728.10464270664,30889.01622431169,30698.09852816973,31622.20973145012,31974.853993282082,32342.088382244925,31900.289229427024,32002.77498090486,32110.225246471833,32254.12130019914,32390.007123075873,32771.481085590094,33377.61187688141,33399.48400781031,33458.08684453492,33260.65137527813,32976.0412449241,32992.516277355884,33522.670889911686,34129.68777076197,34729.64810006238,35221.16037747949,36100.71864990277,35959.18809629489,36123.30322913537,35974.27310659847,36831.4905945303,36714.95600290143,37366.67364290273,37778.34988422947,38389.08713203626,38781.334026426965,39399.44648807344,39879.3728645407,39969.33264961061,39786.46047680692,40127.49982929362,40613.3336249797,41019.38911012419,42296.60451208586,42884.125701651195,43531.691434458575,42783.83143032681,42927.95883410938,42773.16225441786,43543.15594491332,43812.45717743938,44592.923604455194,45423.64848247018,46605.963963686656,46370.18976935944,45880.068397494724,44988.17375732127,45215.44732016837,46171.82378321353,47240.545873975054,47994.71231766831,47814.9082516479,48234.61497048536,48601.25312479692,48750.72532916819,48504.4003288297,49093.03731869448,50197.0531488519,51216.74900802546,51236.4942346819,51285.02123066197,51195.786381461396,51528.248032206095,51409.495331509774,51959.306630854204,52113.87870013829,52301.600557290505,52603.83426364735,52970.15315497536,52876.451780126685,53225.89138409134,53765.75112512632,54212.7218485423,54526.15439860691,54754.799247326184,55636.09310799726,55816.42640901771
394609,196,"Fort Smith, AR",msa,AR,,,,25695.240687850383,25721.93264047875,25622.12939248473,25954.26745070228,25906.016680026893,26202.35780701507,25906.895159517142,25955.49022979996,25789.995748692225,25962.245553643414,26188.47953972075,26385.375284055288,26608.282204444276,26491.54793796193,26499.070385928055,26459.85694190543,26525.213224596944,26377.05370537217,26262.70168032781,26270.901135553377,26664.91730074651,26823.092882416615,26968.163065810848,26691.106813687544,26543.056362403986,26614.79462623136,26828.119524269732,26876.187885128867,26884.64615806482,26906.615744605708,27088.25431241115,27118.71508765883,27140.64318877401,27145.020707694246,26997.43925444052,26971.49938928163,26994.215153707057,27321.880836000364,27412.181771051582,27469.23732707739,27311.91792029547,27454.86532662207,27605.944509049248,27789.335659244352,27668.909025343626,27671.504859050834,27642.98594443962,27868.852446081353,27997.930896771566,27857.56756308573,27816.988059688127,27887.085900783302,28141.86456922867,28203.63598020808,28202.010387738337,28222.96536986968,28418.56043340617,28578.74033147893,28849.6190808204,28703.069866096303,28728.150726009942,28790.085746203986,28936.78510623318,29109.761968324252,29346.096809438855,29501.849339793098,29818.489419226888,30127.032252744553,30205.077446641368,30378.17153841618,30440.285109371805,30959.51780158126,31275.855524040926,31637.906594060296,31957.536419179483,32415.366950090898,32940.74146695561,33220.336571791675,33410.00112393583,33420.41610016777,33834.188870969694,34342.82249122605,34916.803067752255,34969.54909289428,35178.196451508295,35250.623561097156,35539.97877201774,35825.087203769814,35792.32892833288,36038.086813504546,36114.359324186524,36789.99933612412,37352.751674153835,37650.937543443644,37723.12354003702,37480.15125829135,37612.60905870392,37826.7047072244,37906.51020295247,37804.48455252724,37914.26644288373,38096.96760050377,38466.57404905868,38341.66304152366,38381.13088414589,38333.656665055685,38538.16570120699,38990.869039853525,39277.04164740005,39701.35559140749,39968.35956596976,40146.64612395399,40120.3406820475,40069.03408211261,40144.4231770516,40279.06091452404,40251.92925767494,40406.21233794547,40466.27778239754,40583.678405050334,40615.03800647902,40523.300088504104,40571.75738001037,40771.30295014363,41084.59905221042,41327.99345501225,41420.831826845366,41593.93939393939
394334,197,"Appleton, WI",msa,WI,,,,,,,,,,,,,,,,,,,,,,,,,,,,,,,,,,,,,,,,,,,,,,,,,,,,,,,,,,,,,,,,,,,,,,,,,,,,,,,,,,,,,37624.818541353874,37884.60294061478,38810.45034109454,39312.071902965385,39397.635539841045,39271.91321430551,39527.97674298269,39795.397957100424,40367.18051327344,40571.99493981548,41166.56277299369,41217.011222284236,41080.40992472733,40942.23882103275,41329.66352550991,41832.52058809617,41946.958249559866,41898.51372437503,42245.81464167986,42722.460751806415,43291.51242636819,43191.75770073963,43264.2639296565,43315.80284880124,43631.3687519283,43804.96615491391,43756.143450233314,43921.91755661566,43952.95073939856,44289.5688434097,44450.24680673944,44593.454400919414,44795.99756494966,45087.57231287491,45301.82488106452,45743.42625571147,46075.434678036014,46498.34992737234,46712.771160339784,46763.23934827111,47169.41119253352,47455.387353826285,47608.372931434584,47728.01520221032,47679.073067023004,47944.83564628144,48082.93854293855
845160,198,"Prescott Valley, AZ",msa,AZ,36941.81840141579,37145.58699797578,37298.918783294495,37376.943817580184,37454.601845443285,37791.6063208092,38255.4750276104,38812.56534800955,38879.307202575284,39181.146897738974,38927.26091196554,39038.080480341916,39228.57511143951,39554.263725526165,39812.26727608778,40010.40295416955,40221.873228591605,40481.39291153513,40391.7182618461,40645.766066584765,40766.26999310941,41208.654989969764,41483.38891948095,41933.288863992326,42225.13099923784,42189.651473213,42111.40912263842,42424.17963640862,42840.344430150384,43096.21369196824,43310.235513728614,43593.327002024795,43999.638497922606,44051.81740576731,44602.4724752796,44777.06775839102,45068.02287387315,45210.765543424044,45588.07129706022,45674.105208372304,45795.5074152499,45916.287860116914,46605.79235826049,46857.39983813421,47157.1358700616,47329.30203197505,47163.44708172204,47234.4851078019,47278.65865073901,47903.04903810985,48180.69298621576,48506.193502262635,48750.39534886072,49066.47121058103,49032.26228618319,49238.50083523754,49399.87613176625,49778.26306330133,50232.465692794955,50657.38670061421,51085.751183208704,51202.01947963998,51197.47400845556,50704.849998211015,50604.25156536969,50784.188882227485,51468.00642037006,52011.09319427885,52474.58955407279,53031.81328991759,53932.530146670746,54385.16924005979,55035.04695095338,55999.658471500254,57181.28044597915,58371.44148158691,58901.78427313952,59626.23494369141,60784.483723950834,61637.13662944852,62864.68334888026,63658.588466942,64624.568644241255,65209.56041164776,65639.14428628686,65492.70714609081,65906.71472333638,66888.95843703851,68273.26336669775,69035.74752122126,68709.26699669151,68870.4779858126,68586.14102977858,68506.76331297649,68244.05467101427,68380.8013535348,68565.56612541103,68878.98482766518,68917.10035858164,69057.31529672393,68918.93489541297,68918.01062047062,69159.01721435977,69292.88149345228,69412.35927068557,69695.96284372694,69754.63680841839,70029.84330987983,69879.88862604507,70219.20803439086,70535.3640960701,70521.30513315648,70332.51374495773,69752.83658021768,69953.23256505607,70293.90880239847,71034.55581122385,71343.05275168867,71323.5513493154,71403.74626798685,71790.6587672491,71829.88915920319,71890.76203370545,72030.7880262025,72379.42680577593,73084.67816676736,73273.34459458248,73309.19247377962,73111.70983101861,73139.45156986159,73559.4933954934
395161,199,"Topeka, KS",msa,KS,26534.952215683457,26394.404344469636,26427.16212068593,26685.38794284216,26781.305861196735,26992.102370235814,26953.771407639222,26731.33697556766,26712.011696202087,26749.90191912979,27067.784304706795,27070.114004731877,27144.39652625093,27168.086288243467,27272.42710807297,27382.53301466309,27382.76151232456,27459.04119675135,27454.44701803664,27775.295156245764,27893.444181335544,28094.712649578676,27835.25896585739,27684.243389638403,27384.5950564552,27487.60629467333,27602.300078853747,27725.02072377373,27781.349202610178,27784.694115460396,27958.627340387007,28020.71312507223,27967.164305994254,27826.796853468983,27890.032878852177,28293.268654995944,28614.688325937193,28525.25173368998,28302.576729457684,28243.56837959679,28306.89968810712,28463.743910355104,28593.945581636934,28692.108285730388,28612.335093140144,28762.573073487725,28937.539568687767,29263.9601955292,29328.60625437273,29323.50174059269,29622.235110330465,29784.202752376146,29913.492612985334,29980.18687886838,30012.852478223227,30068.390835602593,30360.79083598577,30501.12874004152,30609.125743338933,30411.733450031807,30493.869631987607,30751.394742988014,30990.79045044196,30844.856499424328,30681.855380690504,30390.45008652366,30600.914421884954,30734.139862339634,30683.253413890976,30875.156157511825,30974.160762981635,31652.552059885664,31501.66809612259,31586.80055382464,31528.229133797056,32073.592635345984,32575.763386814375,33001.58645047616,33286.66282535991,33749.28533342768,34063.47934965946,34325.08480239041,34521.179439186526,34914.39112525104,35384.53584922981,35995.060451787234,36405.49797876839,36683.0111929098,36395.79327586612,36633.27293219939,36818.79731645702,37311.79459946024,37475.984842447455,37806.05160824813,37959.61742065699,38179.39889792996,38526.4248440429,38521.37516188871,38886.791978183785,38944.10736305076,39564.57740397671,39782.897859939454,39924.205121482104,39660.22616345169,39703.0795534236,39721.62808600134,40372.30434601751,40377.33367365346,40531.336911245264,40462.497096267274,40412.860812587176,40580.7634044165,40728.42159054143,41329.44271112205,41762.68064706563,42239.07326323242,42475.92323025388,42754.796849322294,42486.102835047095,42814.79927525407,42967.10030188131,43436.16991527197,43748.11822142068,44050.1242012071,44196.658491024275,44063.76727508963,44123.56526858981,44277.976034002226,44536.50942430315,44738.634669670755,45075.238095238106
394813,200,"Macon, GA",msa,GA,,,,,,,,,,,,,,,,,28084.05271591409,27880.675703376815,27823.436052058794,27882.58144443859,27820.925452824293,27563.78461091148,27523.13360405624,28077.795448075292,28526.298021906412,28230.887924168735,28026.526657823804,27834.386134052984,28232.18195620454,28474.9853551771,28531.51707129795,28537.629067016085,28824.250199408285,29031.93263090377,29569.430909653674,29203.4793246633,29489.661730359683,29451.552585435045,29393.780747986766,29365.23882052005,29237.869152693802,29449.368264114262,29616.14464569689,29939.992144121003,30422.673496925498,30874.661165826972,30972.070507450135,31143.23159217175,30953.040727223077,30841.910465312856,31160.42165876957,31408.461142298027,31702.35683380054,31735.64038413873,31881.84149672439,31887.249767137055,31657.58735916592,31542.970895303824,31506.628415871826,31739.425542936602,31959.52333785778,32406.81755853871,32739.633554134394,32990.42797825757,32505.254499130442,32554.094095367025,32969.92038459317,33990.640413894864,34591.094151989884,34681.38817796489,34900.93836290649,35165.534703212994,35917.14143147388,36095.3268655545,36229.20724238161,36526.6469967226,37595.08719643401,38748.95939190944,39348.14819850058,39666.46140194249,40536.72909782216,41247.35584712423,41368.9893579034,41022.15219236399,41090.65930702029,41670.04067551842,41906.18359620714,42132.06992963335,42316.20105313921,42443.044609958306,42683.96783049649,42491.087220678186,42269.301645054984,42244.51028943392,42718.44242016868,43392.80814777102,43491.867762432936,43771.10700043486,44217.71942890704,44983.40855447389,45192.92981700522,44876.34902853153,44783.625740050644,44840.407347126726,45030.86370338728,45248.36290047339,45224.52130911281,45328.90000425099,45364.42884497497,45650.17482997507,45394.668292593706,45365.9334073024,45420.98726153977,46052.53038421569,46478.683051150976,46785.53204755847,46841.49437510616,46818.50528891423,46711.047640210156,46725.98763273558,46970.6017268608,46839.09301439529,47114.32812038171,47056.00393353615,47183.68766384459,47127.43470026277,47116.077856642645,47221.28939715218,47435.948304635,47654.133327631185,47965.22045855379
395174,201,"Tyler, TX",msa,TX,,,,,,,,,,,,,,,,,38984.415048933624,39025.613402630544,39490.31391927906,39720.257240434046,39680.4901443397,39786.77960422904,39812.16389259271,39698.604461571485,39562.24386527759,39688.665973576455,40185.70824851099,40460.755364681914,40490.51993603337,40532.76932007898,40448.486791291114,40527.868667049894,40472.639679038126,40533.23809469525,40467.63003351874,40498.10880741683,40598.68533939746,40675.627532849074,40631.74729773039,40777.43071308056,40904.42560631901,41015.99765287289,41015.24222698608,41065.896389091606,41205.28904324625,41198.23779083089,41270.344215072546,41473.227274424135,41637.57057760735,41683.483740773736,41719.7379914638,41754.55165374725,41842.76344817223,41923.54984286448,42071.446086257885,42153.225685433645,42281.178688557426,42443.15910765845,42618.07013107874,42673.47265492768,42735.63670358073,42862.260125520035,42881.753221052444,42835.33969471165,42544.85104786072,42349.69043619289,42154.36235579843,42323.20879315191,42517.96317702876,42805.08561475053,42982.37604179145,43300.10898846765,43815.74452506716,43824.24796593444,44417.57733476263,45153.209995046505,46247.83222373959,47068.60558951247,47859.64648879033,48229.31092834313,48479.43203814188,49244.13560365441,50044.934677140365,50882.64334555052,50877.77866717204,51199.489970625815,51274.75167206994,51273.52918672619,51294.98329299096,51475.450522110026,51931.7435120046,52456.36592140052,53229.9474399796,53319.86323473654,53699.870027697754,53490.7674680693,53863.50503329805,53938.75308583374,54024.876511655,54083.76631444738,53944.582274950444,54125.432719662895,54205.24065410322,54393.34272722917,53866.479453455155,53447.38777799126,52794.88057376551,52916.92684462314,53130.837542238434,53749.39831609389,54006.547607444714,54075.2998869528,54219.464449973486,54358.33843397324,54454.63799493344,54563.773071214375,54630.08003211753,54940.55932326228,55414.01725972548,55552.535656093416,55497.152706301036,55207.75219456127,55217.926848674644,55387.36013690136,55570.947872626595,55579.03647652279,55608.06295610124,55568.08678560231,55841.89279718326,55990.34770785139,56061.25833498383
394361,202,"Barnstable Town, MA",msa,MA,,,,,,,,,,,,,,,,,,,,,,,,,,,,,,,,,,,,,,,,,,,,,,,,,,,62591.955179770004,62528.752183951125,61604.704885804436,60583.013354489245,62865.19812054879,64892.46880354891,65619.0446835882,66766.61418644448,66992.37691267971,70173.88487138669,71221.86608604685,73656.13928957035,69151.55046715046,69623.22746226448,69264.92788150614,69625.23133030688,69798.0948963379,71478.62766416995,73450.51257977923,73415.83450743726,73465.05490887573,73117.47425762215,73445.92991825737,,73797.57527839833,75566.36298285413,77362.11410093949,79750.68530991046,80244.45153941371,79944.15452411023,80463.24877106678,81251.17128539222,83068.45816527835,82482.1886677387,83190.53227750376,83125.76875880812,86789.12183829029,87403.8335609053,87407.0948171119,86543.03286055646,88346.24311886539,89873.99155094242,90584.19961238962,90278.92123781994,90121.48268081645,91093.79592617783,92812.45315749064,93229.14954034908,91978.66027933803,91754.42646223244,93496.08101631117,94675.44168218803,94650.65720424673,94421.02075259456,95659.51459262484,95956.7582959152,96242.80035413842,96748.99069604314,97556.69625534755,98142.63363940852,98671.79094141582,98399.2281110041,98610.31129785195,98379.70826136127,98614.56868607561,98873.73645041187,98846.60354095788,100373.51262211184,100785.97382587733,101193.17347388886,100588.85106247864,100966.69142609782,101311.79242218316,102397.20413871185,102196.25137358879,102781.58342075268,103038.5922705921,103441.3447179541,103441.50502315388,102846.71015435185,103036.14379084967
394519,203,"Daphne, AL",msa,AL,43155.101076604464,,42137.19761095443,42285.184497314636,42707.10339346638,43309.52111644761,42986.398611041055,43194.26388180567,43312.895321679,43337.46230060335,43311.47100707356,43072.92925235123,43639.00351466334,43744.63367003181,43950.63259903973,43819.062702600764,43951.5028542638,43992.52757104028,44168.54261464068,44390.88046246818,44414.21732394025,44827.24278409088,44764.75478089705,44974.06340239553,44909.07608751181,45442.63519042683,45611.48882369776,45741.630914613816,45499.55809838218,45696.05768338937,46037.02100442175,46474.98859382834,46498.83937168046,46120.53431922856,45772.799809002856,45938.80421504844,46077.03779277626,46117.322068209345,46131.170555859484,46332.30063988655,46687.130188484865,46663.40707585063,46796.10556120058,46807.61406961732,47255.34543970232,47645.027317886575,48050.207886439,47957.53693456108,48136.667191305765,48114.3106268582,48320.59983431736,48451.84169788104,48599.46817201787,48852.67344236285,48923.990380640964,49029.39562524761,49050.19712402193,49241.40769151449,49521.00911420133,49893.56453271512,50112.91852565013,50431.66926400542,50494.89562724617,50368.553168006176,50496.46488925219,50482.10200982978,50412.808491335156,50372.49559086825,50544.17480736555,51247.77729647403,51953.036846885676,52702.72775594694,53071.450479582236,53725.141121623485,54580.90880459666,56148.00519349435,56655.95787958114,57713.411830135046,59239.92000367647,61414.54826217323,63219.67419589407,64227.761983458506,64141.98952828839,64457.30086744955,64392.08753140356,65298.89238822215,65076.27106375321,64860.37438295656,65270.63213546564,65706.64850587836,66199.37348769445,65897.63891560548,65623.88266549219,65251.34079342535,66112.37359725249,66749.06495455845,67422.77742646946,67358.09225907002,67756.96811939981,67994.53649145007,68193.74734065775,68293.60800792612,67955.09149031393,67657.40851990996,67325.9128596554,67294.67615711191,66955.78441882599,66938.01304912932,67306.36886673028,67583.97547993953,67789.73395021042,67846.85163166127,68326.25017272595,68551.66647225148,68742.43353421554,69179.52439837894,69200.38890852508,69080.4601606384,69009.86946138329,68953.59117099407,68682.23143782589,68646.66877090307,68681.04690080335,68900.62528577886,68746.55057166381,68832.30543172902,69146.5003264346,69418.04635174102,70052.62761557371,70728.40108501076,71337.31431566337
394378,205,"Bellingham, WA",msa,WA,40012.65259654659,40075.548232763955,40379.83374635447,40649.24418192565,40877.22785219267,41255.29043965469,41497.93048963928,41783.12645906093,41987.768248326865,41972.30677770873,41866.47047934844,42122.302588414845,42664.18872806178,42962.88252085915,43082.957839756105,43267.16676319591,43444.76695063549,43774.836240712924,44085.694370555124,44427.39154803495,44699.29099245821,45000.72823823766,45204.515048196365,45548.84847068431,45684.9258379333,46089.47607392229,46450.87423053115,46784.26854764215,47135.72188186241,47270.51645471931,47845.98257274377,48260.27547928485,48715.429861816934,48997.793947818005,48999.24835487731,49085.30624743975,49311.51061518627,50071.562947647304,50419.26887034942,50763.76354867661,50850.55433647062,51294.71276737924,51499.84617320859,51822.22485896926,52370.7543634684,52883.87314326278,53586.68972852108,53722.58870452336,53791.280493011356,53710.23711865044,53956.14148881279,54214.89736534839,54682.34739956633,54947.72138803215,55184.44191463706,55410.76856378209,55455.580128935304,55627.66639239358,55829.484429305805,56390.91343135274,56975.56038732425,57352.02146234267,58219.26983172775,58230.4367386996,58414.97941380115,58159.46025649634,58515.17234459486,58660.584704153836,58453.777075040576,58334.44259674588,58640.133810605235,59485.796350517005,60525.68701175963,61249.70589413942,61693.28868314096,62006.608745035366,62530.01214624655,63354.93403128117,64130.2129200049,65117.187010151734,66254.30312924516,67457.63038062697,68808.53476519726,69285.93525069728,69080.28128500868,68930.49878281614,69144.70359990503,70439.65508287524,71202.78840530333,72100.08392449911,72281.11180989056,72548.85479982031,72839.79890214586,73106.53752939783,73600.76395448436,73896.19853956395,74377.8368107945,74326.96510017195,74872.49505153605,74834.6554072505,75327.31686489226,75276.1773826867,75681.12991554418,75988.86671066194,76596.38029884611,77053.13118472716,76767.61527992148,76539.94643034191,76864.2413283783,77280.29340063584,77372.81482810303,77260.80854805453,77267.24648211643,77511.30043752716,77921.55017480487,78443.86910618529,78504.76436742762,78590.44140917087,78622.11701999982,79220.11916223176,79404.82049653835,79744.46258784078,79937.79181906112,80313.70472519267,80419.5181169524,80546.77268451409,80455.54000792914,80284.25828142201,80293.17810801518,80339.74439308842,80712.94085426118
394429,206,"Burlington, VT",msa,VT,,,,,,,,,,,,,,,,,,,,58247.36294946522,58761.68432686536,60854.493805251164,61061.085205705924,61810.17937479864,61821.50452501415,62348.79165128775,62832.11584804363,63291.04616999042,64235.5746886587,63655.49015914384,64955.188241650176,64504.81303144926,64786.951151973764,63567.42596558989,63331.5585009754,63604.20118163774,64472.15211195474,65109.733022011715,65650.10153285314,65893.19591201753,65720.62763597092,65796.6537145026,65501.54714862724,65918.6246469913,66019.89214164902,65972.16734321445,66235.7852222886,66498.40355139556,66844.63313722324,66716.45581074324,66388.74332713668,66045.84277957187,65911.67031261094,66787.98527193378,67357.3298910644,68284.49398883381,68204.88743087283,68527.60943575212,68567.94041888832,68235.69855107946,67773.30261075943,67636.58626559474,68390.1867398618,68562.04661655126,68907.70080774254,69123.57623990333,69714.86629186982,69415.26701034162,69799.88643833737,70228.24095840142,70773.87684989425,70900.16042265021,71206.3325922534,71272.38127087806,71679.97570689268,72140.23067786048,72526.5330491299,73269.21040262171,74025.12649910574,75666.87739025791,76086.17212051696,76480.04462288368,76321.53416968175,77396.90925607507,78317.72547940734,79392.36882801859,79877.3767498288,80679.54915430113,81930.73209538413,82706.11686605413,83650.74984485745,84129.35341517614,84667.79039138889,85117.04824419488,85674.39868219433,86331.91326778001,86757.284275602,87396.467849335,88129.40727303924,88375.20199995463,88522.91526862103,88803.68183723847,89250.68513809332,89277.31583354367,89573.41662656213,90249.3116172004,91063.31474695314,91188.76198029815,91536.61950128012,91376.84031609858,92074.57850217274,92426.32004769267,93258.6805952356,93469.4868579012,93554.63731654323,93889.13670393084,94475.90127699274,94387.13663142647,94215.69822266012,94455.12891899387,94645.97345244307,95074.47832783485,94890.01003354051,95119.54848421083,94907.16083862248,95173.37491067508,95393.07014876111,95671.0637077469,95625.3472481302,95899.77711893254,96140.19511352845
395030,207,"Rochester, MN",msa,MN,44041.17337990624,44268.5454464919,44898.3660428772,44875.89440159524,45363.73191723262,45231.40628726531,45095.28784711185,45558.80348689875,45627.79932500415,46294.94058021713,46500.60921446526,46573.58681936806,46557.61647929663,46956.13588724602,46911.8196278834,46451.42310934362,45847.97492285501,46406.92660439567,47010.78145928652,47066.010080206855,47165.02220234743,47037.47277922843,47272.11040306862,47406.59623370575,48351.66989726934,48607.1347326171,48749.05171620619,48669.61941785788,48914.45836365599,48710.569595561974,48421.17557307114,48283.06573919296,48282.449869666816,47963.709798741766,47897.40140257687,48227.93689425723,48032.73369232305,47560.31148477061,47851.004802475676,48528.867721412564,49329.478151856056,49411.52333493943,49806.72207769999,49884.52608118974,50435.79101719013,50827.836537622956,51404.03749294018,51362.515257302024,51204.83862097499,51486.37767628848,51511.60957395579,51452.64693377412,51176.958509457196,51473.39486862125,51570.60307307052,51938.720899223845,51881.773860398025,52142.771973184885,52083.391453716125,52328.931820105885,52773.93878779956,53170.82817353625,52819.66552599769,52886.53536279136,52715.28127590029,52170.31653921373,52204.87655787337,52066.19640149753,52217.325148505384,52066.92799168115,52137.320007895716,52699.70716449124,53020.0162395474,53565.422967498336,53848.99007459651,54210.13988414737,54567.61136187426,54885.287890383945,55171.779058031316,55614.351196888434,55991.053438190844,56359.39420271179,56778.269752858156,57155.73530466097,57605.63035306075,57722.062478943386,58298.77335880392,58631.90988168761,59181.89017554094,59613.601637516724,60217.532910495625,60397.2320335621,60621.307667487126,60529.25133016367,61061.93218984224,61291.50200850624,61882.59187955351,61884.177930213424,61544.64373225852,61567.53421521405,61733.999645895194,62377.044970585375,62249.81632437294,62309.47178490128,62322.59682741654,62947.530970809,62651.78606407101,62584.982501376195,62560.20174879147,63133.22598136619,63724.05987247985,63903.527182728154,64212.55467378443,64085.68130129632,64043.518301773416,63974.51312950044,64092.64538796047,64761.428270185854,65539.58990605222,65950.83118163631,66126.2391866943,66162.46882041924,66244.58226080045,66500.50725120507,66519.72345842047,66642.8807003649,67030.49838285183,67402.43954498821,67614.98128383739,67112.72575899246,66825.71724412584
753895,208,"Lafayette, IN",msa,IN,34989.08392389755,34681.83379502205,34927.84280585022,35152.080125594926,35149.29766380825,35223.387415205805,35095.344481760905,35344.20297840404,35568.30302790157,35596.81751300597,35311.361318642,35086.943321522485,35438.87482327736,35698.082024717325,35758.77457893329,35212.85337436631,35147.516185792,35321.954726890006,35825.61401013488,36155.9006930627,36268.63186164598,36429.71465598676,36606.53448854219,36756.16179912138,36754.29958684915,36893.428275313396,36857.287386759264,36979.54295306258,37029.634523270135,37163.161970814996,37294.77860840146,37192.84560157314,37255.99525642686,37189.03658909093,37442.97035578817,37590.1469864689,37996.68086132709,37968.74934604692,38104.20123424217,38053.27667082985,38259.87356740907,38373.162565958155,38470.84967764535,38601.38334835386,38776.388451718,38904.681475434096,39217.42220499649,39516.87984587312,39614.05379862674,39417.03916670547,39625.951248585065,40030.43921053463,40175.212153169356,40300.52310177818,40377.236515122706,40580.71572126041,40720.914157320105,40964.5763103408,40914.52677380212,40936.67013197944,41010.051163584976,41504.296949362084,41501.095709062014,41775.58765018335,41593.89842927381,41612.34855783571,41433.29399629589,41697.226879795286,42191.59747069472,42555.52140498628,42795.71844691305,42962.54231008726,43377.04855466617,43473.481547898904,43485.644741266966,43196.07767249912,43438.20637469127,43685.601860063485,44478.192260651085,44797.89984011367,45243.3364162016,45314.01726381474,45721.138628780405,45882.82428359021,46255.05644937928,46579.369780044704,47506.65850238433,48436.98077025292,49135.85357102363,49347.407099740754,49490.244194022525,50171.653280508086,50594.169897609296,51446.874391623554,51489.7252807549,52191.740605596075,52217.33684526436,53003.38485761748,52905.691433991524,53241.777157728524,53469.955078379666,54394.418525096655,55055.76080498303,55326.09728840881,55046.69040880182,55086.83719500533,55832.990405340744,56764.78399466765,57120.26223763812,57006.373861157095,57231.81405891935,57340.41563097874,57522.37691276668,57403.26389089666,57553.76204061976,57959.74462571964,58673.07179453048,58999.30344281354,58811.43438349969,58426.099479031254,58772.869603569445,59093.147316890645,59451.87195163553,59672.72375848559,59913.446053768326,60125.43485957758,60246.701967587534,60245.9729979838,60325.48358747144,60448.94482230678,60766.07701070859
394454,209,"Champaign, IL",msa,IL,34862.42119327335,35100.2772180339,35375.14251278276,35547.653414461915,35506.15237594461,35680.57619372944,35876.073544781735,35878.39582613459,35945.759175841915,35829.14318149686,36108.263925595376,35535.89171260769,35464.223538818434,35238.38590792423,35663.05161486749,35819.11504776722,35878.50607798336,35988.74279611991,36241.19917146104,36490.54457062391,36296.318714581284,35953.20533634401,35714.08541853135,36636.308855226656,36947.42849914371,37185.06763512942,36615.58954603318,36723.03637776798,36985.77442373275,37073.227888681264,36795.98549853587,36775.31228557197,36711.107016225935,37237.49773255523,37097.52764934786,37044.47911103044,37039.8533028071,37336.8659623886,37660.17052850684,37628.706273036914,37561.492673975525,37616.214387276304,37805.1562466656,37672.83652330026,37809.49170406059,37787.63383085697,38268.22904591295,38522.10492313049,38554.65897760534,38551.31303609326,38716.490773942416,38880.61778147598,39017.25090720794,39123.63823392538,39265.43015573026,39526.67050960321,39676.97688493817,39680.09386546309,39573.37265048372,39374.4421766063,39424.8488870563,39363.62213538592,39832.6768203856,39597.45646018841,39597.942659807624,39563.252127050946,39635.694605310935,39595.84207362171,39900.535200502156,40215.49256158476,40567.17523686685,40352.933885529885,40256.97032660778,40380.65027914071,40549.76689605817,40767.3363018791,40921.64124674254,41282.75294647748,41832.57888782463,42335.50089596199,42336.79287291804,42647.25027857875,42740.13909992312,43381.851977613456,43765.24259455018,44133.63074424096,44765.393548439126,45094.25766305935,45680.20399471217,45850.33245144811,45868.626435708065,46072.75655623556,46242.96295110795,46406.637283366814,46750.39105366027,47054.157401398865,47377.16291075181,47489.53149839739,47796.62292955384,48203.90177808324,48069.47447187873,47962.609586855375,47989.796720714236,48394.79712948839,48695.24657708526,48810.81103889544,48587.850011584545,48887.986245379274,49361.54991486138,50152.72502189378,50214.933090723884,50472.20311626008,50632.327029730965,51384.06118752183,51659.83540640576,51705.665715212,52021.64653672906,52244.37830068956,52938.45945691004,53046.84669364495,53076.239143909894,52970.11017742578,53300.214820501875,53496.86107557539,54002.58915109807,54114.706571849594,54569.397144827875,54968.841160125885,55234.49153032217,55665.94515075787,55874.38533572425
394848,210,"Medford, OR",msa,OR,35328.37357026858,35587.707489282315,35916.051144015066,36086.97398100069,36443.96306057615,36639.43764634146,36933.30499647672,37551.25020933808,37817.586022586846,37961.27161401177,38252.205479566685,38816.028934724076,39519.95111319802,39948.985692949114,40297.204352572786,40555.11082612369,40840.01061891213,41003.933305195584,41038.848644617676,40947.484139581495,41539.40770654494,42145.92427457543,42403.21784795795,42525.1005713788,42848.26892497512,43353.66613992577,43744.544397378595,43661.337749695864,43694.659116515424,43761.79545920217,44328.94123515775,45016.31765805227,45242.22008526467,45345.868388487164,45746.70264929357,46133.73271280594,46225.41053638793,45981.135655064645,45908.63620214687,46206.96050911355,46445.5800189601,46830.483429842825,47024.982212322066,47426.13431373315,47391.03371600743,47363.9926165924,46965.60042148278,46892.98761675206,46903.16156187651,47833.84898361073,48128.688961297936,48400.33127758706,48634.151170592464,48759.855657639746,48799.42802737228,48630.30907797117,48896.405648103886,49222.49795299852,49765.437677097325,50083.8232196396,50436.85037064655,50181.52180029973,50064.71303173101,49568.00836101301,50034.49767462363,50135.03061862408,51196.53366218083,52115.14212071926,52466.446525633684,53254.44944551796,53397.07316345101,54750.299322525076,55117.00445017393,55622.50270892844,55147.72664951356,55814.7567204192,55900.621912293354,56069.59108682244,56345.35353983836,57156.69334728087,57983.23179083176,57651.331570807124,58222.95793639745,58159.11721728183,58829.306009726126,58914.19135899288,59396.24419380152,59841.08896872959,59953.36491478392,60819.90269186122,60526.95805094901,60478.250657502685,60092.84871174506,60698.41149166633,60538.366128409594,60497.11165925653,60352.53634980912,61117.03993193705,61750.99219142964,61572.87469177296,62075.08884450078,61917.12629767309,62565.74016464697,62452.454262223015,62830.350586129935,62828.320806575466,63056.225480846006,62769.07660686345,62933.14134486076,62921.70046688068,63552.8145868375,64070.32943693089,63939.139135325015,64199.26750708949,64796.014152611344,65611.52118145218,65562.97311340878,65476.40624913234,65581.17807791276,66335.7213110916,66667.00420962322,66793.90711451748,66437.31258379556,66560.93500269037,66953.17806148191,67219.04783563346,67069.91938789279,67076.29968313027,67573.29040322415,68118.57409915738,68532.30678881842
394459,212,"Charlottesville, VA",msa,VA,46032.45526704918,46350.88918918401,46348.30327550912,46806.70825495972,46685.35609564043,46725.69915927355,46763.269736040194,47086.8316073327,47311.55557862801,47905.146230376646,47895.56361126098,47998.667497828596,48158.17654317163,48422.49341269566,48437.56517791589,48271.09188188609,48577.8857222566,48895.651711946106,48956.25391088652,49022.85480219423,49063.95551137315,49126.95379008792,49180.5514645873,49208.69866464498,49441.642846084025,49707.59343647327,50064.62902894913,50233.62966650577,50397.38014849643,50716.47433573549,51117.890198000256,51561.60495672631,51664.01383078313,51669.04559520694,52013.52404896268,52428.4611910197,52508.904421170584,52285.85477506818,52220.83877346711,52554.53488152378,52818.97379234357,53055.917848232195,53451.34173546968,53819.59274838124,54144.65543890026,53908.00919500807,53686.7343986882,53845.99094027138,54230.80011372165,54722.837195041386,55030.073087262695,55150.240924264086,55248.627135114744,55288.68409691768,55222.76825847901,55155.53210396948,55306.23229115464,55926.91865849785,56391.98248529035,56530.63970121242,56605.05822860344,56739.05026175667,57147.095530355655,56963.54729507342,56731.32290332729,56727.965123130445,56831.82360458062,56928.90087895441,57448.315695640624,58035.62530716884,58391.75612748037,58505.91389960307,58585.36681612322,58841.970003154725,59108.43718775553,59633.34238297562,60481.9256139784,61275.3292464301,62199.2135956676,62973.05868726389,63351.46270486122,63315.14851442385,63698.09135488412,64730.01220764714,65540.7377454952,65971.9954823376,65900.94781779213,66470.05254432323,66848.53513163443,67451.32368659221,67849.31232990365,68340.93345489081,68550.80507920933,68990.4365665373,69368.26917551167,69925.50706130406,70298.52443385101,70491.9151666591,70808.3494973032,70942.61225068304,71216.39130751717,70870.21287360409,70783.78164296327,71227.14390746127,71983.2194123889,72648.02910915331,72949.30431913442,72733.43768415591,73067.55545687326,73328.46472288678,74231.08773380298,74643.27579487827,75050.63410341878,75532.28146218887,75898.52524762676,76014.71721430706,75964.70137953872,76019.8868036528,76423.02218254529,76873.3004493772,77034.48624821345,77415.32382927572,77326.76593654002,77552.71002164575,77728.15245239002,78099.63236419049,78461.09163453752,78720.01878904503,79013.6209251626,79226.80471947022,79344.09684801062
394763,213,"Lake Charles, LA",msa,LA,,,,,,,,,,,,,,,,35063.91677391145,35001.623059426085,35495.0609386767,34871.93250674446,35499.33237352186,35286.74326321297,35836.2351438361,36070.90104224095,36474.334374396305,37022.992436460816,37211.56739405005,36976.9514489865,36821.04283050357,36958.72985456134,37148.50190864057,37156.47311237731,37276.79767541538,37511.73823922516,38093.51261048237,38607.628770956566,38599.480243007834,37924.889559902105,37913.401701085524,38226.92389244344,38751.512572439744,38726.1074106546,38360.41274051609,37999.069941576134,37877.34402382315,38108.27161102359,38474.36252575533,38378.91972440143,38250.132278286175,38071.05866799243,37910.27819524872,37864.0507120168,37463.85516918019,37431.974345791474,37460.595147175205,37766.17964056447,37554.63593164986,37168.32979394213,36393.877342710235,36022.507085969344,35856.23069102088,35945.42878229661,35785.76645820865,35283.77177821406,35153.517723841534,35328.39254152474,35745.442036293076,36094.207551900014,36275.057060854764,36813.97158769306,36627.953381372354,38450.61651928346,39907.89377061561,42239.31540158336,42749.67013654385,43710.40799835377,44692.07010539725,45133.5561161101,45119.247104115406,44995.20506082108,45086.009617009026,44845.86930890451,45046.22835416674,44116.145932458836,43454.89872567343,42535.08715174746,42392.40870619136,41819.81913280251,41034.93925827033,40187.666845879714,39848.74092650446,39505.82100053189,39421.02244838408,39110.99914267548,38915.768369870166,38941.00982777361,38806.39965973608,38721.17332648373,38149.46349768676,38057.423445630695,38047.814506596005,38621.8558135189,38862.28107961573,39107.858254964645,39122.93522763956,39532.0079718525,39999.09559474896,40026.55125752811,39842.832778482654,39412.28066900835,39322.5429484261,39352.67492098609,39851.63611422232,40154.701327696435,40516.0435121356,40452.5497944639,40345.63414391817,40433.928310437106,40432.77630656874,40012.22734517817,40375.47845736502,40940.46315604677,41411.71288441905,41636.46918060096,41505.81618331689,41284.5297231468,41130.511397616996,41331.569517196636,41657.423741165585,41726.35115338074,41828.85882146689,42483.531746031746
394773,214,"Las Cruces, NM",msa,NM,33706.05763796178,33493.35279191572,33662.021204522636,33760.688561177856,33961.74891340069,33912.975959752155,33992.82415246554,34065.152948649295,34145.534060445854,34292.54703967449,34384.011731726576,34497.284656651216,34442.75838754167,34537.51427291236,34465.85041957289,34455.81298874109,34584.055885910035,34769.286504255535,34930.52836745721,34833.114734512594,34923.043929655025,34965.42064628787,35150.31379292531,35210.53597875542,35286.48415013255,35259.93286916249,35378.36957862065,35530.80437948985,35643.43750647103,35640.46106175299,35622.93315699093,35794.499419531225,35925.82601252912,35956.173169426285,35971.809627790055,35941.359305142134,36211.80828571904,36339.4426364461,36524.86519560821,36607.14033025942,36614.62443795243,36793.95674906503,36750.87786801457,36918.14620586047,36884.443455220025,37057.49493659419,37183.94425155383,37400.17883641932,37537.38313819525,37596.258144626496,37665.883268398735,37795.49965437229,37977.15991917006,38087.37533968227,38386.42674090977,38490.078139581434,38738.11191991679,38891.344497923375,39070.82607812691,39237.69876507656,39327.371082942074,39576.30917578573,39807.04365274241,40069.39139963222,40053.482787851055,40113.35334333259,40158.96295629682,40732.24948643144,41233.71803350281,41893.20325604305,42571.201699556404,42791.81192583966,42893.68252036009,42957.931454255726,42994.32117003622,43487.53607774364,43868.154041871654,44621.81789458791,44987.88922438276,45749.919607466785,46412.198228379,46876.41382504958,47075.83090399293,47505.616454799725,48322.74671029182,49153.24092258817,50081.46552841906,50723.44451584302,51032.038145544866,51142.28928939516,51343.027125415465,51334.02071285989,51095.55634318869,51144.839149868036,51487.92005718928,52317.682150815686,53159.62519277374,53293.79472180424,53434.63693724543,52978.72371904409,53679.85148570018,53905.088308376085,54845.85927221592,55104.102564730485,55590.93186288992,55736.698375910455,56078.64893337079,55868.68009884858,55529.22987215088,55627.332344778675,55834.3282109751,56315.86771587024,56102.44282457061,56503.377681091515,56385.77861448426,56672.74179843678,56738.84169316972,56834.99583143797,56837.05551031827,57000.75848680553,57165.02809344568,57339.97938050583,57393.829120243296,57568.7348790569,57758.87362061679,57738.25530741667,57743.169724002764,57805.10765711116,57966.37552592794,58209.03166660928,58366.409486409495
394464,215,"Chico, CA",msa,CA,37668.095000953435,38074.23701981416,39034.27096009604,38840.21191762798,39211.477614226875,39295.836012724445,39598.54379489071,39716.3064644601,39838.666243849904,40002.53528848092,40180.72632281279,40631.179588104234,40431.51128602595,40582.0725650311,40349.274714195555,41154.835676399845,41225.86530502511,41510.16456922132,41532.10576252775,41758.886904816514,41914.40110060519,42053.95574694697,42368.32989709623,42653.335763118725,42921.30315986109,42961.934223846016,43165.25625161113,43386.19715237505,43372.04645712157,43203.216405820145,43099.53980681141,43441.022900755,44022.499023660166,44382.698506755216,44160.25349744392,44194.124083720286,44475.41710244306,44934.20493328767,45232.9732407779,45239.32524130977,45388.445641529615,45396.20462026006,45642.07208295617,45720.90613771352,45856.096786250186,46012.68389729913,46325.2161676234,47325.30553552664,47869.557877550236,48426.57465720969,48818.50244547356,49206.79906395506,49723.40367663495,50368.427387921474,50809.9597980628,51074.09429175637,51141.41490807126,51276.39212074642,51506.281731903524,50975.863197627754,50679.06334449754,50271.09564245938,51404.60337727998,51355.88958655953,51505.28717118631,51274.04593003628,51568.06183319048,51486.043328931075,51819.641097840686,52044.97966032532,52899.3228164444,53338.68707313515,53658.0855870552,53254.68445106333,53281.58284684237,53721.016067190234,54371.820650836555,55168.62639358544,55212.09780391498,55815.214002712666,56463.995549277075,56862.3919183255,56584.370701392945,56420.04306242805,57102.42186818282,58079.36886364117,58278.685469071585,58320.05005462413,58124.714989931665,58398.556235239244,58792.73880416507,59251.04783182281,59207.22727175509,59551.286108193286,59656.10382519562,60087.38448778934,59629.867404419085,59769.15717118249,60048.28056473968,60483.93548569558,60797.141404194,60527.44430713893,60564.105925434196,60127.997272321205,60305.02082004623,60099.32069515849,60319.461131688615,60525.88283725732,61072.85631916598,61245.548636161904,61299.46680431068,61328.89396943999,61455.746677215066,61619.44096400922,61855.190964283276,62514.52629267785,62993.955897683445,63127.53425627501,62974.63717522747,63022.6304603424,63064.184216230875,63070.318770893624,63256.455956206264,63403.9456257733,63579.94911501034,63905.17776039765,64021.84882160358,64006.9626073322,63933.93754338434,64239.56808774012,64624.84737484738
394681,216,"Hilton Head Island, SC",msa,SC,43973.23270750186,44119.09709564813,44352.25709221064,44701.873262166664,45147.79914837464,45188.476584483644,45323.82748688148,45187.36337855312,45576.94955085097,45498.39912292163,45874.81305228044,46108.293895401745,46052.60023467815,46052.18849234646,45960.06059685005,46426.83260032771,46510.24873098396,47220.73720694842,47557.9008073631,47987.466969493194,48008.74170180392,48199.06299292796,48074.273355647034,48197.97483155122,48590.051991972854,48990.85611198711,49308.87062498688,49400.821359028414,49642.13053165963,49555.573784435146,49444.60759100151,49693.81086338473,50049.72853774536,50611.62549186447,51030.697749745574,51418.42507611221,51698.62537460085,51980.22934146183,52005.25091429975,51870.74326696874,51943.36817442306,52202.019720902965,52550.872954184844,52474.64901492458,52385.01757566668,52473.46864990234,52645.1147656528,52922.404126510475,53134.280282862615,53316.702357198,53668.46030979952,54119.10067097046,54398.70866112566,54553.39782962686,54717.42335091224,55005.70613184765,55313.79575799359,55340.923137857855,55420.39902957216,55370.30098161936,55363.37689531926,55357.905637221826,55331.49572287571,55463.86481869789,55385.93474463965,55613.926291350035,55835.066452551306,56451.98324424723,56827.72377622337,57411.866099452214,57583.71279271661,58522.8262899778,58712.83727831267,59162.04751788513,59261.927368862576,59913.47873917044,60950.025357624545,62732.989548171165,64356.38339827446,66015.76473910557,67397.99751464787,69322.33280182941,70982.94015550026,72000.4070212994,73562.0108121844,74401.15151069227,76054.77197920241,76739.07931895107,77455.17648191401,77388.51150314765,77728.30252159601,77929.0582849399,79361.73238768081,79089.23239020463,79448.94540616433,78639.19410894511,78984.13903740437,79671.27383958748,80494.37952616955,81246.60389996499,81839.70567358729,81676.24788074392,81682.70322498516,82086.0529363662,81853.22354434532,82071.31710640468,81118.32469696978,81928.56917472275,81998.86949641135,83066.58591804215,82989.2934475413,83231.7039472744,82828.48410237125,83039.80583975113,83214.35695673889,83371.42903926475,83329.8805178535,83422.77050779252,84134.73642468768,84254.60067809079,84255.02252319649,83437.74878061592,83245.47193066918,83010.17761697469,83287.80813007316,83570.39823262629,83693.69249652885,83637.82591757625,83754.61925120188,83845.96587408963,83873.27280972996
394346,217,"Athens, GA",msa,GA,33352.60780672042,33635.68683134798,33993.44307483359,34316.803134524,34583.630894797134,34904.37618216963,34935.766207060326,34621.700273688926,34575.40102670179,34483.03146732925,35105.362321618,35144.394746827726,35428.66749109668,35232.687841363455,35413.94578981948,35625.38397609989,36120.901057308525,36361.60349197987,36638.81244804495,36857.92619183665,36807.05908593268,37240.28731472924,37270.901335711314,37544.468051076066,37383.512510861656,37621.358342520165,37831.0189776523,37977.56972751423,37687.30775490686,37875.99121121936,38115.367464115436,38847.590209797396,39321.72523058388,39433.808400042806,39537.505029983855,39633.2544576224,40362.41001721523,40978.03650428825,41491.43630560542,41526.35128183048,41941.70845483248,42154.84168838119,42619.66714529751,42615.19870461531,42577.85722697345,42478.38412655748,42684.42581687433,43319.59303668517,43493.762566879974,43686.88825210582,43752.663813274514,44236.52652589113,44593.92626953939,44916.79946922958,45022.10106138431,45263.591596793405,45737.28165110269,46354.455751560905,46807.042043520196,46883.01148653416,47092.5501688344,47284.376087898556,47489.00480628639,47381.440495756935,47591.512361663445,47870.73764718209,48253.43611254073,48778.49645567712,48929.01966039138,49519.78250188588,49700.86371681991,50330.63490268479,50585.245777663135,51223.370874632514,51847.34330877465,52486.574470174346,52683.64764799922,52933.91451887042,53306.50743496344,54392.45666063572,55165.74228667652,55554.899577797565,55946.50409274627,56579.59814690973,57367.743117167316,57546.4674774693,57910.668779804415,58595.964393621834,59663.11179975962,60582.73052905124,61376.597102378415,61491.827189153875,61953.70084537122,62032.00145691042,62124.9909515108,62380.323339558396,62999.03210294018,64298.97262510956,65005.43589171333,65452.22675520017,65140.793332060086,65583.1175804917,65889.11085601283,66452.7722374064,66334.49994604358,66537.10283595303,67257.19499915364,67576.57136119086,67575.43952760461,67477.21332346207,67885.85202895947,68383.0628592497,68929.94097716577,69277.72928147782,69491.66699045608,69531.85292792873,69310.98842298136,69473.24766678564,69674.06612312836,69832.45765137333,70021.0282498229,70054.71737560115,69953.02514090827,69830.72045779169,69971.62877120782,69919.08712310245,70054.130869284,70307.87078803242,71013.0274005336,71356.1475018184,71396.96931061684
394765,218,"Lake Havasu City, AZ",msa,AZ,31100.65854381866,31234.858465582864,31599.71906536104,31721.776753258226,31716.216012702025,31910.231232472906,31824.475848768103,31861.510662319488,31687.58213603667,31971.52958734012,32147.192557725728,32742.65046049243,32972.48814389778,33124.033463501226,32885.97666463414,32811.91605432074,32996.83151722805,33185.34588700944,33333.02342325408,33628.806736118,33896.29833060751,33914.8171045506,33982.37498707617,33971.84032314218,34370.984565220126,34464.06795013364,34799.03704013169,34949.033747725734,35291.03700158109,35564.72044478178,35799.83420107911,35750.07100238134,35843.65030172043,36070.45989893438,36735.3414778963,36981.071188516835,36963.238857698954,36862.75839451704,36947.52165281589,37398.558822193096,37734.15401454688,38033.81021541276,38153.34415626673,38497.70452524611,38718.59135372882,38993.19279821147,38878.14379146898,39210.289607909486,39481.535219332385,40196.57551644268,40562.870690281765,40699.579126312594,40767.31465814129,40890.82755825971,41195.04437910573,41427.07136818711,41690.42631752451,41877.52264973475,42128.280339532175,42236.57150166079,42438.061798782015,42382.95398981368,43225.87504143083,42983.61023240973,43395.50664103106,43420.2549787494,43919.32914752639,44588.53204900641,45283.5109986576,46341.51258892596,46921.41348064539,47578.534144253244,47292.187485211994,47804.16667344943,48555.02178513507,50608.0650191325,51846.605825445986,52991.57378942469,52852.58522224943,53019.39776687475,53568.34387977529,54333.029567146965,55691.75558504019,56107.00353041773,56758.26712990412,57095.27367130005,57512.94147373393,57429.66070771395,57371.5026715163,57531.00686879253,58084.10258037514,58369.41970699815,58426.19843176502,57895.445199262685,57634.437658256385,58061.80025419828,58736.54326254729,58777.945743186676,58478.14249042845,58369.18709186243,58399.16975730331,58380.14684773812,58863.69679823381,59257.945515173735,59489.04746767037,59644.177247647596,59705.288900909196,59824.59117997113,59911.7541697546,59955.6705592664,60305.086436406156,60477.49127197812,60826.156084172886,61018.67852296021,60958.027966691,61116.19633463988,61629.3442915402,61928.07213389955,62009.71411189266,62074.09220658972,62003.971621893215,62295.94865634375,62477.951333029756,62742.43556328432,62806.77406029306,62953.8516528615,62986.17432654809,62924.81080715564,62688.18100882472,62752.172423607546,62936.936797707596
394485,219,"Columbia, MO",msa,MO,29370.788965816482,30066.274412101717,30385.811157219337,30268.378943816177,29903.23625558967,29981.403952138677,29944.167588599536,30399.49798252174,30430.478725483215,30490.352193329614,30584.597191071894,30933.669469126562,30712.586095995128,30378.422377107854,30034.03179530447,30261.648050272477,30448.15783423749,30481.246209188,30619.760859710983,30515.59989571162,30564.65485984795,30563.41968256973,30929.20319743078,30729.938513444646,30838.093609578707,30688.869817526444,31060.361879811477,31051.32733164964,31112.57781723161,31043.66073769817,31023.34948558591,30991.363135800482,31076.195289159456,31130.33759669737,31035.725003400872,31184.36972770574,31316.990347245464,31556.229884058073,31415.267873887205,31490.999097344757,31542.748257939325,31741.387741656068,31682.66967365539,31846.283618932455,31864.122774931326,32043.18783694556,32176.99321046407,32225.189993492837,32189.86701475904,32166.889075667794,32302.330699479713,32357.7774744085,32416.02342413741,32447.517396785406,32639.287356413723,32704.697381503553,32811.069614340864,32822.61993217323,32872.80500736687,32983.71721117036,33129.88409649962,33276.126056811656,33498.427240771336,33366.479838664876,33378.22567479925,33396.62056669247,33698.310967522186,34077.714877877595,34137.907165006225,34092.58859317767,33854.1487852652,34161.12247782567,34201.528068029074,34390.30779794445,34462.756709540416,34866.20220337527,35322.71351643288,35906.9403496378,36357.3582988579,36801.901842434774,37021.670661158314,37603.96503312483,38186.434591905505,38718.90282194024,39185.32377854743,39457.93819749703,39778.56480196993,39987.9988455018,40286.55712307213,40598.78412643696,40921.290694610536,41240.21264468158,42039.06340433947,42492.7396676561,42882.09144676833,42741.96540324679,42771.58912470981,43121.75230490951,43504.30417582529,44089.52638437489,44444.71357437467,44673.44844605217,44789.16069388112,44912.66367268405,45058.23911562528,45190.18121920626,45426.68521794903,45906.56592488798,46203.89173070285,46182.65314063957,46622.3254969015,46949.730779482,47529.888440102164,47874.43249152931,48414.80137824186,49046.393289465406,49238.62390967928,49267.99589535843,49039.67513696418,49331.47746989732,49707.42923962753,50213.788453315174,50327.467630661034,50442.29209295363,50461.01716600238,50735.53094926303,50926.27134856967,51054.876968506636,51421.86968366557,52003.186482095225,52759.27338424899
395114,220,"Springfield, IL",msa,IL,,,,,,,,,,,,,,,,,28535.918510864893,28209.19946219594,28327.33121515275,28591.45058795714,28745.07589174425,29043.320418763975,,29261.742069894342,29237.0328988433,29063.25280578701,28981.545182478672,28978.99203398373,29089.994118243238,29372.175739006743,29380.911822331745,29271.1406710962,29308.546952089917,29080.60112123834,29512.63237530733,29359.95040234786,29663.983063261418,29251.687827471196,29526.01934148102,29461.714797704608,29610.161154877886,29667.100459895988,29687.906242214765,29636.80554967659,29580.73005089485,29843.541500656618,29829.34478859684,30196.370619623274,30080.197892395216,30289.420841712625,30275.618633865088,30429.227028091635,30360.258387110305,30389.02760530707,30498.94980749221,30696.240587124983,30851.693994009926,30863.14668974888,30798.46865410429,30754.871859971918,30902.703054746762,31201.260177259683,31306.119246050985,31074.70288372622,31047.049588086826,31158.400784126407,31606.03818362093,31746.96648212054,31690.412308457213,31793.689573491956,32061.752198717066,32320.539971327606,32289.106016450223,32341.935756506708,32492.526136783552,32741.648435860276,32898.59243462693,33249.69317597877,33518.87012563167,33787.77682883138,33922.86980669363,34262.45404631327,34416.342090802056,34932.521085871325,35286.27259431274,35365.3118177509,35502.492131962485,35869.354253243495,36533.453637679064,36619.38029443444,36663.83722565813,36857.21751927171,37456.58280975541,37546.48906057491,37495.23116501921,37678.554716555074,37974.08175841657,38661.97032607449,38750.064191089106,38911.50647011972,38727.225970507425,39018.545509242686,39134.37865328956,39408.238801491025,39547.08781029164,39880.026771718665,40588.154955524726,40644.68297713992,41234.681031816384,40711.01936800506,41092.718175875634,41346.491896748186,41853.84184049331,41870.03233559957,41833.55094722848,41922.433319432836,42163.669741347214,42370.34621688337,42527.62740237298,42800.23467889375,42645.14099306987,43209.843135147705,43361.267514334795,43511.123903679494,43570.54537568541,43885.61944435502,44341.001761008025,44573.73286091583,44661.837712706125,44782.045376704424,44782.0
394691,221,"Houma, LA",msa,LA,,,,,,,,,,,,,,,,,,,,,,,,,,,,,,,,,,,,,,,,,,,,,,,,,,,,,,,,,,,,,,,,,,,,,,,,,,,,,,,,,,,,,,,,42819.66802026098,43360.83713487118,43726.519071982366,43113.519062969484,43335.752425677914,43937.25329422861,45286.93218944818,46208.02905192729,46670.35678095661,46005.110385345935,46064.78436297165,46749.54475235854,48082.29505846447,48239.6058528036,48039.97633174633,48279.69493217095,47620.80371028142,47034.72936223134,45686.523411107795,45599.631087880574,45513.82541228789,45919.38345265855,45965.9016497874,46394.77604591195,46562.32824769691,46783.511029871755,46533.13867340695,46128.18049011773,46616.368010112965,47032.367266827445,47614.095522354095,47526.92853768432,47551.789415963925,47626.40539564522,47865.69540755307,47528.63132895179,47115.117446243654,47146.64319571553,47736.59671875152,48426.615972855674,48707.55427231121,48948.45570902203,49298.56234680286,49656.52107279693
394872,222,"Monroe, LA",msa,LA,,,,,,,,,,,,,,,,,,,,,,,,,,,,,,,,,,,,,,,,,,,,,,,,,,,,,,,,,,,,,,,,,,,,,,,,,,,,,,,,,,,,,,,,32650.2672507144,33031.595354624726,33038.31302478824,33660.10351816943,33943.473120188406,34469.3241306072,34633.11962546097,34524.882456593274,34629.577295108895,34469.581914799484,34811.78318493663,34875.39681719145,35069.172395958805,34982.08482853804,34919.361008578155,34801.67697148004,34914.72029095794,35094.288316727274,34880.38681276548,35157.93772702349,34998.49160629428,35373.692634898085,35452.41743260002,35808.94874113555,35875.584074417195,35919.313361464694,36182.325759220636,36111.16759815114,36292.95443292783,36361.693186727076,36535.54739356726,36678.74346700468,36971.21644351138,37016.439876520395,37127.46349656477,37149.491392709446,37435.169229933555,37803.21042064495,38071.18907785049,38542.850931176414,38770.865819976854,39080.40942571301,39587.146087343186,39979.836459836464
394565,223,"Elkhart, IN",msa,IN,,,,,,,,,,,,,,,,,,,,,,,,,,,,,,,,,,,,,,,,,,,,,,,,,,,,,,,,,,,,,,,,,,,,,,,,,,,,,,,,,33299.04009874612,34584.04059781885,35333.39786748037,,36650.970486709455,36679.27811984518,36451.14237480823,36659.74355641607,37325.97342976718,37823.803887367445,38803.95015733597,38932.667426885106,38708.45648544415,37978.26109123836,37830.12355852305,37855.445536112304,39113.316810260585,39515.59805101458,39930.99050555943,39026.59865489392,38584.34554431424,37723.38319209764,38135.17593796008,38382.34106721285,39084.85903953647,39178.51053293022,38945.26163349657,38916.00837794419,38423.65773870262,38889.37569817606,39375.80072313317,40007.89423628551,39977.21563267513,40075.18797790529,39816.39259188355,39817.71686088421,39846.3533504927,40453.91869601862,40658.613805501765,40766.75749170433,40852.318711444124,40635.726533732224,40468.79933693282,40687.17414605318,41114.654377977524,41664.56958519125,41817.477605121334,41996.674543096175,42012.47972812004,41949.59078302378,42273.52136752137
394726,224,"Johnson City, TN",msa,TN,,,,,,,,,,,,,,,,,32320.91366171689,32128.75532900534,32212.16224285799,32204.92002364951,32285.748974791095,32229.37809390606,32368.77119305016,32489.990940954674,32384.760513108922,32648.413890937798,32981.90330809246,33537.67179318703,33377.96160718735,33449.00997211965,33256.841633571545,33505.278559098144,33231.308482989654,33497.658636180015,33662.09194708459,33731.06855184171,33803.624499258665,33881.54289565025,33875.104738166236,33992.20928784862,33989.53484434976,34161.16388184168,34194.943843236935,34283.83691588849,34761.71193389673,34896.13237787405,34749.13246682362,34591.117807834526,34755.33948402884,35148.637169556685,35226.337346710316,35181.95697439483,35571.00229548491,35756.528009933856,36141.458265163936,36311.34268947529,36417.043978310605,36574.674763639065,36988.22029189075,37480.30698527246,37784.75208959363,37840.09183895047,37437.64741306269,37369.97622760208,37155.10107389813,37183.5278925899,37636.32022407422,37771.65848276495,38467.4972663809,38560.063863821044,38587.0971613101,38577.14059023113,39027.0044560785,39890.73303396466,40320.782744468066,40452.92611786338,40704.508878146,41422.64294764107,42115.77505552768,43087.97245863704,43337.35915531089,44339.85299807596,45223.107778330865,46634.50773348597,46898.10035626476,46774.070915813645,46907.69744950046,48153.233579606494,49345.45061831132,49904.81146808464,49924.8064507259,50327.22907409543,50974.53623801589,51634.04594057732,51708.97389539828,51325.31470721715,51551.10402633189,52083.999828071974,52895.77580729541,52836.761061847705,52856.87259621318,53265.79685608431,53666.78532419031,53902.39537652786,54104.00708103639,54083.0520049372,54559.87418570678,54732.39394855372,54962.921461937396,55349.68483089882,55603.075375141794,56135.34940186644,56440.7121347425,56607.889141274696,56958.11325933373,57007.883491795525,56849.53973734201,56842.234138625645,57726.48422444679,58268.01271440297,58690.29321254514,58881.183758391504,58971.72421388775,59029.1380388817,59226.74606328908,59454.90924909787,59658.13135852287,60074.925711816955,60634.2093734674,61142.551481814495,60787.228070175435
395247,225,"Yuma, AZ",msa,AZ,,,,,,,,,,,,,,,,,,,,,,,,,,,,,,,,,,,,,,,,,,,,,,,,,,,,,,,,,,,,,,,,,,,,,,,,,,,,,,,,,,,,46713.13134439587,47818.79022624625,47959.488585302264,48375.45611066533,49075.31541432934,49899.56066026767,50446.39950551325,51066.3376921855,50543.47528827035,50632.01636318542,50185.113163564834,50188.58303194286,50400.379296511506,50783.50977381835,51699.72608803982,51909.23408848957,52158.89148686843,52076.34986798623,52029.51062364987,52477.280558834966,52174.022271999966,52586.50178982424,52473.87340327822,53019.08547326127,52910.43835573173,52423.20941003952,52116.14215673936,52426.5486998246,52704.19927695711,52963.30319243173,53305.14049862659,53584.96584831482,54170.863610204906,54049.68865838768,54127.65168071111,53981.15369156214,54192.89917570217,54560.683884449165,54726.637025817996,54685.49390214321,54582.11204128535,54621.67274566097,54637.944761255385,54456.945262057125,54545.03214014952,54730.96468033349,55080.296215543436,55229.28063836194
394623,226,"Gainesville, GA",msa,GA,35616.3988909664,36094.14118380096,36647.673651491816,36773.12647949096,37247.10070515695,37111.71455436757,37499.20479621383,37470.77621868326,38044.58517986918,38190.026688416634,38452.13842335035,38494.79575102231,38756.49366467966,38461.477313371885,38764.53435542931,38809.87189493063,39187.32004707649,39291.868051066376,39910.12209649709,40266.60860040434,40836.08444723449,40596.394297453895,40839.064546874484,40589.79050731257,40824.26326708432,41076.3109749836,40963.711867852864,40980.905808669595,41277.17022487082,42053.541065051926,42287.310323718484,42269.57090318183,42043.69350849471,42162.7535407783,42467.77804831628,43070.92562761649,43599.00940167364,43585.50134104726,43691.92164802396,43875.885265421304,44316.259897293734,44417.04725156283,43839.56158988399,43825.432874516875,43896.67277542498,45081.60342024643,45454.456289720525,45735.32908074588,45171.238206509566,45859.6404138315,46312.862422683014,46697.074525777985,46636.291454647835,46669.10906019775,47381.467940300856,47850.32295066592,48280.750700920944,47796.77816276987,47766.528436561886,47758.41702883395,48327.878363168806,48183.28547109914,48483.600754435975,48069.05208746859,47981.48198596895,48198.85872372982,48336.664832637274,48766.11430665152,49122.60783068158,50090.56576918439,50883.913444824924,51488.89558147179,51972.86103066288,52434.60407718885,52851.206441626506,53677.57987456115,55407.78209374249,57161.95066916166,58931.75073488715,59855.31322327751,60456.01351280445,60884.75308960631,61077.27954458608,61798.43140074302,62239.35791872996,62800.651242474465,63182.87046754549,63476.52750263267,63657.38617237148,63743.67559466492,63937.11922078422,63993.559379607934,64415.849641951536,64633.27961157365,65255.20270819314,65294.94575383743,65853.679908074,66004.28926412405,66672.73489779107,67013.10839861482,66980.11154809558,66549.3595606692,65864.32291056181,65955.3077049267,65999.1253359138,66375.11527377692,66429.9728465939,67012.41251630956,66994.87375997721,67303.70828512112,66687.24361945939,66652.56685822939,66614.74577775391,67281.52788796516,67849.37715365262,68167.9096409336,68144.42478398686,67866.16011853068,67660.52955482659,67384.22472204681,67369.5527661687,67265.89164595315,67640.85497231866,67725.49667385536,67972.28767688308,67870.92814899118,67931.86030363354,67857.24432910742,67991.23406793742,68209.66884974281,68458.04528415055
394716,227,"Jacksonville, NC",msa,NC,33619.33448687691,33682.66474662461,33683.89743959074,33629.805535140236,33537.33428192713,33486.29830065634,33456.0498463987,33504.064652204484,33509.83997005067,33502.97909991006,33546.94358054043,33551.87048074738,33582.82811728505,33535.754313810496,33477.636682334916,33477.207666466806,33459.105424238405,33550.449181548385,33539.4104919659,33464.62398707115,33408.47068401515,33407.1404955967,33404.251234299765,33397.26862710924,33413.37682394776,33517.051160854884,33670.55196474246,33749.84542488071,33802.16435430323,33818.94735507471,33911.69679608457,34003.99719458313,34109.47166746386,34182.471543587046,34262.20448863506,34313.05084880341,34294.220533978536,34314.232222391416,34406.57286796554,34467.30911062091,34571.43080520627,34732.76894058727,34946.66555412205,35186.671088918585,35340.55337970726,35721.10243459641,36165.59949019048,36798.727530925295,37172.38652325831,37348.56590169532,37615.4988564919,37925.064350439985,38209.816272695505,38432.73170736231,38584.03243948663,38714.2050142535,38891.74302207235,38870.77323141235,38773.508349621,38521.23765995952,38484.45272802861,38534.58716027433,38839.27285917392,38793.30851308581,38793.13046896006,39182.63373420723,39519.71168127891,39903.73836338152,40135.170882204104,40556.64575304741,41114.84905074705,41454.00236554785,41611.66737331467,41371.28415418259,41929.48969027475,42509.57222560304,43200.500340914616,43525.92258219021,43941.98322397673,44482.45453973022,45147.36812934977,46030.02992679194,46711.96357170799,47630.19808320829,48486.854933260875,49714.38861259617,50278.67832861782,50951.1458695683,51564.13702311779,52137.71266162231,52997.18916328978,53468.44963120738,53901.635062429836,53378.981954171526,53190.59096728368,53109.48246342249,53441.120431295,53590.10510698925,53760.19727823789,53867.17795645835,54048.5523205221,54388.63147174503,54487.43551110388,54590.589093122704,54717.274593014445,55148.673508038024,55478.21357097385,55598.61928742564,55626.40995432439,55821.260688808325,55862.17867329103,55975.48650340135,55953.19935815372,56155.411357062454,56266.47560393454,56522.16499245072,56579.86220500735,56792.98582288934,57045.218312453486,57351.912742076565,57532.666195936254,57594.87899871155,57873.6734848315,58093.4919558548,58384.40928207643,58438.474282050585,58615.56736528013,58749.38536352401,59021.17612394428,59202.24430206748,59336.272477128296
394597,228,"Florence, SC",msa,SC,,,,,,,,,,,,,,,,,,,,,,,,,,,,,,,,,,,,,,,,,,,,,,,,,,,,33335.62414280204,33628.410357150016,33981.97615832579,34126.16223513417,34325.306585869635,34165.78404324394,33985.61210187763,34045.94556070908,34178.064938064395,34665.062988982616,34282.57653829446,34447.589286763556,33918.00214849483,34599.438526984835,35174.544445818035,35980.60706991459,35668.195107542786,35649.5926941751,35506.382068597566,35696.48490065825,36119.96057044445,36472.45343363926,37079.10098263533,37663.284344543295,37956.505076036934,37845.99440469259,37733.03536728048,38054.26020633407,38563.840950032856,39074.11281563093,39451.433881131925,39827.19236981499,40121.47347874966,40359.516040165974,40364.25510096123,40576.39748249714,41200.51185737007,41425.226973276105,42046.427007495055,41930.837787779485,42746.175517919415,43493.30290330758,44500.65881040011,44429.62630757351,44307.24448209354,44019.424080908924,44463.920871818395,44482.37195554465,44747.02500667414,44834.93896321317,44940.187607334294,45060.36228809274,44802.70209013464,44516.016022381424,44310.94568590117,45110.24389704102,45678.57133900264,46280.26720747296,46013.48808739118,46156.96538516239,46181.30223078666,46873.58068440127,47451.67980530986,48108.80512808371,47442.006231934065,47577.13941456768,47400.10777342811,48088.79475646814,48147.30772167992,48271.85717941599,48728.674494301595,49018.03376136768,49167.50221734775,48963.90677493086,48737.75988571064,48575.9980402724,49372.736068126724,49577.51095250354,49911.348853101954,49247.65873015873
395118,230,"St. Cloud, MN",msa,MN,28365.80362651186,28933.524934083067,29021.519520088077,29036.648502734704,29022.674676564075,29206.18100620124,29327.60000163055,29707.079610998033,29923.27608878933,30042.346971091116,29851.75233805372,29545.16418052715,29431.301327451863,29833.699942710726,30096.344083522796,30374.25944270966,30366.50167755291,30437.170714149823,30758.62460760264,30624.582385047022,30931.12362635014,30717.318697342595,31154.078668439775,31180.554744902907,31443.23968433231,31171.3941962029,31122.167549229503,31250.36837821848,31516.692521074947,31871.342325968304,31785.357108414908,31961.81216450786,31843.251885004636,31868.897738254072,32093.434093156346,32076.43590612986,32926.39602462037,32894.18442658456,33199.609966889,32964.807427526626,32644.029025972803,32765.52854940374,32687.63794019087,33274.20758640331,33672.12049498572,34227.22867115661,34378.63278663091,34672.9774698014,33927.71955219277,34102.43787934969,34153.20162248793,34527.79290968108,34972.4109819401,35002.9908629588,35366.723524387744,35156.1996839047,35167.19253418104,35103.83706481439,35124.337927148226,35260.94779724957,35703.96856935993,36002.72715550308,35379.409152033106,35214.62087316869,35129.319343267336,35503.313946733026,35713.66895554743,35982.84314031259,36906.61894829067,37190.82507293278,37433.62081977111,37114.953849475125,37105.487744519334,37144.99240501203,37020.47625329425,37155.71829759794,37419.399359577976,37890.28399683791,38185.81853506275,38638.361431791825,38663.7776246072,39256.2842647075,39729.155300771636,40487.51607569172,41152.92950051826,41351.81109826977,42122.57113093324,42266.37403506796,42704.435164084454,42435.350033191986,42641.99743510371,42727.64124785389,42843.52418886507,42769.02077791714,42737.239498947005,42763.37009193574,42858.61212058074,42991.81263210728,43241.48839905198,43821.6236049043,44150.047779024346,44610.65813672336,44449.31252818627,44226.57074241072,44090.47634106794,44164.57009356897,44531.79177850481,44221.626015813,43952.757141300746,44064.59067177731,44019.41828471595,44198.71042287927,44220.69226061495,44823.38483441934,45351.29849719522,45626.424904403924,45621.92949346286,45696.56826074919,45687.119649293236,46132.019378772966,46520.91249219409,46685.17131882019,46795.73168991151,46688.39046367025,46770.350812510966,46470.628005842256,46441.63859587643,46657.18238042964,47049.37354029684,47288.28828809481,47428.72793268438
395011,231,"Racine, WI",msa,WI,,,,,,,,,,,,,,,,,,,,,,,,,,,,,,,,,,,,,,,,,,,,,,,,,35803.67213287881,36114.98102203276,36161.88662523117,36420.10982158723,35927.96383516363,35924.145587874074,35884.62889411367,36119.91113328914,35989.1861665239,36107.02633457512,36109.88438509866,36321.00083848197,36532.4293367434,36830.67749551988,37033.595929847455,37303.42978271413,37998.091325274865,37801.727726099576,37745.14866167493,37243.86480421596,37314.75976476171,37705.91358732137,38090.856409732216,38679.89598282745,38536.36929493627,38755.502594732585,38858.3533893774,,39411.81775756188,39781.41066924834,39961.893644165066,40524.620938934,41175.639372785205,41155.15366992218,40982.8399934729,40912.34904827129,41470.688004078394,42571.939724161224,42861.050654390165,43454.547341905185,43206.481198412075,43592.77209237205,44327.96484890521,44875.915591989455,45080.97210679578,44905.63230346628,45553.681531779876,45558.775267626974,46146.18452735112,45672.42826675579,46457.824937426805,46316.96071093256,46944.14341920974,46935.614843959724,47329.93383658972,47167.69048078646,47073.8876714949,47937.676917755765,48048.923355371866,48858.856762713855,48321.93171976624,49054.11606467455,48681.77798365705,48937.095054426245,48776.27297668547,48898.2629668067,49148.670612572016,49882.85915904616,50586.30040033666,50058.538637564285,50328.38640219825,50295.14555641533,50874.11536054198,50863.09889266645,51254.2094715578,51550.36621023195,51964.84093588551,52322.04544739517,52288.987895907354,52174.84310020943,52128.67407427177,52644.5539445613,52749.17647058824
394380,232,"Bend, OR",msa,OR,47156.63726257506,47303.27433072681,47443.138192910505,47668.883973494136,48183.73084163751,48320.097918739135,48931.630034144095,49538.15044364712,50242.70101709502,50512.56526390776,50375.107942792994,50046.21319656514,50621.47622724505,51388.226177824894,51885.52499222767,52042.22796078671,52658.60572865809,53323.46974032071,53546.58825865954,53539.349652315635,53475.21941934892,53643.86324317986,54345.0262234143,54762.79438721967,55337.96442728902,55518.74311871975,56109.27200903277,56122.02744851942,56119.582155923505,56242.1090575484,56603.841362834566,56634.11156169874,56536.06900587792,56535.890405825485,56578.27577116407,56904.08312673509,56922.95481072111,56945.87705733827,56943.199002946036,57217.80715872886,57774.23524007295,57836.52330783239,57999.64385237803,58352.77440873689,58793.247491796166,59153.07421468376,59604.64431625008,59819.327696778906,60144.70185708638,60372.5798386447,60619.39280844689,61021.498317898906,61103.76370978241,61527.787849791544,61837.722251706706,62220.59001931598,62617.96296721089,62997.420623293416,63183.598002743274,63494.39388263028,63824.99797522891,64322.26884456349,63817.92086361405,64001.16726871987,64134.317890512386,64532.63592227377,65431.1500512508,66408.98156559443,68328.07627907055,70267.7019976768,72266.61793976276,73747.99346171464,75506.08923117803,76419.243446097,77158.92956456258,78000.82810399182,79679.46316439583,81719.2539563398,83244.07264205215,84020.7228444764,83795.27155976905,82991.00314069842,82274.93608686535,82441.73966596088,83056.70575066263,83672.34816795884,84033.40588563787,84321.34068785663,84640.09608023553,84457.69112616703,84413.11443031224,84538.68845343692,84807.78578866627,85009.77099911738,85234.63331342499,85123.22057912132,84973.71270243874,84954.87154242428,85361.5781958133,85731.583844519,85624.1563018824,85618.96083970828,85568.3872581366,85567.06118707171,85612.3815135018,86054.91482472663,86552.10547923035,87263.8593116032,87182.1620003087,87423.8390455533,87704.16283975696,87602.25648351775,87702.5406390071,87330.64211611268,87698.54315067542,87743.26742049449,87930.57128422242,87939.74315753843,87835.30393577398,87618.85712060412,87925.14576422705,87958.50836013899,87817.77760719934,88004.319281239,88249.34549788099,88900.88943874941,89015.75912161294,89348.96039128947,89568.97211741166,89779.30727453677,90069.99862224114
395047,233,"Saginaw, MI",msa,MI,,,,,,,,,,,,,,,,,,,,,,,,,,,,,,,,,,,,,,,,,,,,,,,,,,,,,,,,,,,,,,,,,,,,,,,,,,,31913.543940570842,32211.03209140312,32164.840564686943,32187.29450535824,32549.709144428296,33570.86090835873,34268.410275077105,34455.33686854374,34194.283086396106,34295.8842705173,34865.825999434834,35416.18648233201,35630.70317391748,35749.336150884264,35983.006844578515,36715.654927437325,37144.22266877532,37106.49222275131,36772.79907520481,37104.52810548218,37364.56829419064,37493.660024106044,37386.84346597314,36898.614613116784,37203.83306764339,37424.23250510626,38168.0365207366,38005.799997799586,38079.93040174312,37993.16275332053,38429.545193802,38402.713346825716,38820.777247957514,39362.539591612935,39617.27484528194,40030.7513616127,39944.649490263175,40490.01538483351,40134.655334909854,40338.98850437532,40125.043381650066,40334.991015883,40726.29573579166,41222.59328379859,41486.569770245325,41447.46750633117,41631.670062476784,41878.16647626356,42161.15809357043,41997.833142230644,42235.48319616038,42372.723463074864,42750.73168092926,42934.43234666198,42747.245033318155,42565.45501293354,42343.26858326858
395202,234,"Warner Robins, GA",msa,GA,,34025.66013388832,34003.428239968154,34152.683066421356,34045.819135584745,33926.2777817845,33801.50623496221,33960.27879295708,34118.85386528376,34195.80688479916,34212.919854829765,34227.35773728727,34459.6078829329,34385.72309687752,34610.65288063842,34553.480127189105,34822.22641470407,34832.629153679976,35049.985117035205,35208.17912091715,35246.56618182641,35303.15912309902,35374.067541762175,35596.15993363721,35485.31402335192,35447.31009454921,35373.27884297548,35646.48261682657,35691.03749055979,36107.14321102488,36329.417618819054,36336.94022547844,36212.21323181604,36132.53961808739,36341.453950066716,36458.72765726919,36732.20914300627,37040.75835463385,37121.73608865905,37016.31100744079,36995.62653179866,37028.10781944575,37219.81194039151,37527.150408643574,37562.473835322555,37941.841652757364,37805.17408080982,38001.41053565439,37952.55997421305,38143.372230181194,38370.465263887374,38631.98119245767,38893.534091322945,38990.22768500077,39025.8871206067,39088.96230275624,39465.61596351785,39558.66018335868,39920.613609208776,40047.847773143454,40362.936754894356,40473.98452555741,40524.76286277512,40768.599132241485,40991.468816819215,41380.238952173895,41832.99612854302,42008.250113822265,42320.09920241218,42572.68970692335,43075.52666105946,43299.248468726364,43550.66322006709,43706.625386113476,44249.92272008556,44747.85651972938,45613.025729355315,45669.78231668936,46097.55978295688,46294.97690331853,47405.29700746475,48271.34166847298,48928.46450242009,49584.48886164401,50668.719239665435,51338.33985891818,51844.34815944615,51955.48281594735,51964.729825206115,52506.058002718455,52976.61288244681,54088.3148591676,53747.99841354672,54086.365851412374,54113.35549349055,54804.15388337019,54562.27001022009,54880.68945816072,54849.335542918976,55548.14310862586,55813.36163210279,56732.026359388816,57110.327426558135,57345.71003836284,57411.2686339329,57300.831129127415,57433.99740687722,57279.55373797464,57289.980483217456,57564.014085322735,58191.792408565576,58643.02359266669,58870.287288142026,58522.07737303819,58566.768032996515,58837.03673041632,59442.50647685297,59608.98728596543,59588.074489756254,59832.91627417542,60318.54916314146,60403.95110448984,60408.11311608204,60267.54913169161,60536.391314865265,60837.94720874828,61122.75811239699,61175.22019650072,61335.775278803536,61791.57059353928,62348.302640794296
395151,235,"Terre Haute, IN",msa,IN,,,,,,,,,,,,,,,,,,,,,,,,,,,,,,,,,,,,,,,,,,,,,,,,,,,,,,,,,,,,,,,,,,,,,,,,,26345.667889525594,25954.595927077262,26147.688085229966,26377.900732098522,26924.5578807783,27491.01747957551,28107.45263745756,28637.47158464772,28642.046147188183,28664.618732184295,28864.92506256258,28437.75823170648,28704.364927164694,29382.495748456582,30068.09366742238,30654.332400188046,30524.817366355554,30284.07705166544,30170.624688004442,30178.922087424606,30528.40450790946,30674.852348338154,31043.15792758618,31779.03246088877,31847.02208390794,31547.78313935783,31328.788645874763,31457.676278358937,31994.51429100996,31935.089589091465,31702.543381186068,31634.27712147217,31857.330126593024,32401.39094946922,32409.741775641185,32739.90850925431,32753.713070916663,33013.365437461376,33165.405602760016,33374.99118792598,33624.430078445956,33741.81444482084,34176.5487064762,34113.266783804014,34158.79664226343,34200.343726373336,34417.138131076696,34264.74214610032,34555.08497014061,34780.4017375586,35043.63231711533,35115.76984492112,35094.5022319039,35514.63514217182,35753.689568520356,36286.9938315472,36536.29526850787,36675.6353304383,36926.34330925353
395009,237,"Punta Gorda, FL",msa,FL,39827.66316976509,40413.26020509668,40494.268755066914,41000.082171153765,40772.15671177736,41569.45512110144,41910.18795361333,42840.22392836968,42723.78796122771,43039.11026026177,42920.59966966716,43732.056410119316,44073.707887556004,44150.358426521656,44164.110992688584,43889.32673229147,44034.57794545363,43766.927693708196,44076.20617469426,44278.3545979081,44446.9252990827,44514.231971664645,44544.20844647523,44738.854865143745,44734.61490189623,44875.32567879765,45741.57388253323,46322.359249521716,46880.0979028144,46896.7182301873,46871.510555385954,46622.54465644639,46828.11250026602,47022.70750025252,47358.188070863886,47267.59133263661,47696.60322606315,47916.91963395864,47995.1017207876,48040.856252226076,48242.495249755186,48385.36043871078,48652.19316700792,48736.03498014573,49016.525740091405,48949.19425599975,49047.768267154715,48777.46378672238,49090.70311965947,49700.623186402394,49628.503850782414,49791.808131038815,49783.05898872759,50140.933359087634,50310.705618108215,50738.55552090314,50826.98469553087,51196.95021132432,51388.24740955122,52014.94500782878,51981.15448587089,51804.59991881859,51468.09872283239,51701.234520245984,52454.6015152924,52953.709517924966,53862.78962530224,54463.73227798331,54556.11523908763,54515.30192403192,54632.98093433262,55140.780741338705,55270.15630001913,56341.94274245679,57278.75778658781,58306.51877679283,58195.90915162563,58955.5438209743,59430.86479671903,61355.929600489726,63853.70585738222,65910.67682087635,67963.67545265492,68365.31101402751,70575.44989450614,70841.28333079458,71329.56126211563,71855.03019537785,73395.14158442698,75217.61174951412,76520.30285990966,75714.97318685937,75188.72547130434,75691.56964851057,77118.01050389731,78868.76032083505,78707.90340389135,78875.18779836872,78957.74311015222,79365.79365671625,79601.83963549383,79191.92651669578,79037.8542514623,79387.6100378417,78892.01287053316,78257.0713032392,76901.80986951356,76475.63072416325,76636.96729358278,77540.85801145395,78048.8395325859,77979.1561257943,77008.39622324091,76737.13296955203,76243.97619808427,76707.26929733805,76612.85066326553,77068.90519553956,77127.35498540386,76781.79192256328,76474.53598902193,75813.97443593797,75430.06070197112,75298.77353236215,75718.55980000208,75824.56532157266,76078.81410437016,75723.41539122156,76067.04370878004,75871.21791236509,76121.82441417275
394386,239,"Billings, MT",msa,MT,32761.432895377537,33724.10711261515,34225.82740322203,34846.08272251846,35008.34951688884,35196.20319139643,34827.71457620731,34645.34317555603,34207.496269757525,34671.00931876378,34561.83538005423,34674.293286860535,34406.279351822275,34771.300728097674,34856.79677807614,34727.16739729123,34686.68221386607,34792.190229423475,35116.60347359523,35240.766917521425,35455.40577814644,35302.837702206576,35233.493359469605,34843.393025839265,35080.8367784049,35245.367694782544,35548.77604779454,35537.49305349713,35414.84082098312,35384.51790039884,35371.964646596585,35442.560081752614,35490.82742317254,35454.90762279294,35571.94936581996,35594.32652026601,35655.28820653346,35589.57637977114,35622.76630305984,35704.975548367394,35800.14786459214,35983.64659974987,36128.62599177513,36265.532706575315,36337.371128037514,36399.83499470839,36549.09474366173,36793.26491093258,36842.612910447264,36874.12098723659,36844.45415305589,36975.81171444814,37139.84141774692,37178.71854104189,37203.351867292346,37244.35330495794,37329.11935831248,37542.473543850094,37602.399305162595,37705.403943552345,37817.36127919444,38024.237186584665,38409.19730697718,38149.26720630733,38084.95524153345,38272.16545917441,38881.49191545113,39393.47788463466,39942.21349021065,40513.605721849766,40953.698024148056,41224.81353131861,41114.86409118073,41315.6790787858,41585.31970122594,42700.437368451916,43392.971159991335,44292.901396169495,44433.69065737081,44624.47471476116,44928.742846048284,45386.01017207236,46185.28818061801,46427.6938178842,46943.17654717731,47187.64614340116,47915.817780217534,48309.00402958112,49080.26806691194,49465.392698464224,50150.257112700485,50673.01831246674,50905.89916730967,50883.11514898103,50579.62191346876,50968.401963908436,51551.21511397839,52062.36969642346,52224.24288520782,51993.74883226598,52224.133616498984,52011.84059287425,52169.656690444965,52091.41720589711,52372.67059955784,52389.1841514768,52681.993983446766,53093.32713430254,53439.61129899016,53574.36644523225,53432.102579791055,53611.623470397586,53338.491151870534,53601.6734924051,53600.77891796691,54114.57556131866,54188.86481791096,54540.20775449604,54664.92335273915,54589.562517411905,54418.82306316998,54496.68278845504,54848.69622821674,55191.35150243338,55593.894148242245,55879.04735644039,56150.12902245344,56168.081303217805,56410.340489680166,56623.85442678247,56935.99206349206
395018,240,"Redding, CA",msa,CA,,,,,,,,,34512.99651845012,34824.96102567367,35305.13536354635,35304.49774548058,35633.654235886854,35976.35479945287,36435.65051822917,36444.53725378294,36093.79269594438,36035.01545243474,36293.90492209071,36514.68549429881,36556.155474622625,36661.27513003611,36589.41541072086,36836.98671567362,36875.028643001475,37199.53878395498,37315.9629500662,37342.33312118016,37513.299465757475,37578.04412299564,37572.027950436706,37770.704538474376,38130.342214189055,38461.690326539225,38615.489257221576,38621.3354800224,38846.375469604456,38861.26827941393,38886.326143617785,38996.88083781724,39301.683433076476,39785.53511083606,39957.99299988037,40237.02609714037,40256.97047343164,40265.109585656566,40734.15355320055,41077.6494650427,41340.345204693615,41600.88680710032,41931.745605630735,42307.999261002566,42532.02677774605,42591.87049818902,42888.68710440709,42994.5052755506,43247.97918426136,43511.14994458773,43521.98544819383,43650.35769850576,43753.14298965521,43892.92592290501,44504.5184831685,44722.31379471137,45083.083897985736,45271.16905909682,45285.69169693352,45489.16022473425,45532.151631921435,46205.94389578455,46402.08459710055,46967.34913477987,47168.065689795054,47564.7761498156,48244.66840533596,48152.31543267911,48306.9048481003,48700.77222919508,49637.898061239226,50604.21658571822,51083.97469824958,51427.000526942225,51784.28437710063,52299.25003084649,52684.02815066729,52654.31859752489,52519.94306674125,53338.75778714513,54482.183346736056,54640.214391361435,54578.50108788475,54376.24410149696,54816.02580080465,54897.81259772291,55260.37498181886,55233.201337896055,55566.87445078923,55966.956095214475,56044.2353353996,56041.89364718564,55649.0476026291,56183.81821359853,56474.74999817617,56694.55334489239,56909.32551164449,57006.14169191858,57304.68190391415,57161.21881389205,57158.85430443726,57204.002983290935,57580.35049179829,58270.866498598676,58243.737221713855,58773.88484043247,59023.8869574555,59408.295433348845,59267.07639973936,59580.48805386511,59730.174245630806,60352.8524942485,60729.04481974747,61121.82930267244,61433.536782336334,61355.25644373112,61981.39601758873,61908.6130550911,62227.639230249784,62523.56999871724,63125.990274542084,63528.167301318455,63903.56065918654
394748,241,"Kingston, NY",msa,NY,,,,,,,,,,,,,,,,,44097.50332783761,44146.291986025666,43541.129555255626,43581.77641651642,42935.069315078945,44152.534254765,44061.34598420047,44275.85372000703,44693.06586451916,46627.01437876155,47189.32165103044,47226.30306684268,46984.173209844914,47094.76396578778,47214.45728889341,46689.42025932803,47876.73053876418,47679.11636290336,49069.28133383828,49986.97066483295,49551.558977994246,48580.9787988186,46999.36789377498,48054.53592110856,48381.16049035936,51115.92826943709,52329.386563778135,53516.59365159281,52578.14025331193,52431.51127588374,51954.127214967586,50882.48997779843,50973.42036902153,51915.73441727912,53295.009757229076,52920.23411172578,53335.4335355233,51739.12968016813,51624.48906239635,51857.46553268024,52981.59306938163,53914.09752389134,54613.657434079716,56035.1632657352,57290.31873105574,57865.789278364224,56828.54945737479,56249.16450124534,56793.71189804183,57014.38429632348,58434.35280551553,59457.59038585161,60992.3965377855,62278.96071894263,63264.72036922289,65236.83320647899,65822.88005439153,65781.66919246476,64553.17498988772,65278.01427891487,66259.79822584614,68089.28285856203,69139.06265754017,70165.28462792584,70218.76630568584,71035.98386036136,71167.30791766697,71750.91729349717,71402.07213511613,72468.64201761519,74325.65891713707,75693.25647080976,75703.29042414213,75402.73278264418,74694.55756426699,74692.24245013043,75204.61475308587,75646.10054590343,76373.67707950056,76114.03177126923,76192.28163227066,75719.63852398636,76238.96827247848,76595.19693406428,77010.19447604661,76710.73209279914,76526.33973569781,76543.84610218351,76423.0528269821,75827.45082565563,75760.33827150421,76320.00113837638,77756.20160688103,78694.9738783165,79030.76354628052,78624.52606221478,79188.31715743514,79509.8146594558,80484.68712544409,80982.74837629394,81090.4182772645,81445.81564807544,80978.71580649013,81015.91041517879,80463.14824955398,80344.36148208047,80121.19887601607,80636.62890890645,80694.8814784851,81358.51702844018,81611.1776280424,82018.24078835873,82747.26830852687,83567.14473531085,84775.25396825396
394960,242,"Panama City, FL",msa,FL,37428.71971837363,37431.34774866353,37524.370489327586,37755.248524642346,37775.33999028408,37815.40020343906,37769.13063550978,37975.414024743906,38144.9781655061,38129.244729821345,38320.113494304635,38551.342263708895,38753.24419066405,38816.5762982807,39069.559851616315,39204.76575496672,39534.68724241021,39368.09558326429,39442.37706320613,39405.98202368851,39679.06522807512,39573.952653080756,39047.729881831,38860.67697610023,39159.56007531574,39664.48012127167,39751.02355966569,40058.2945181703,40278.31742541841,40963.52256174071,40962.208972219174,41460.351069941695,41556.57580412653,41818.25228813026,41492.13543677841,41248.30272286937,41383.33834372272,41580.37348154872,42106.8415949976,42243.19703703617,42528.604989734755,42675.8169113178,43288.75147365632,44088.98316642004,44461.97268606041,45573.99266809154,48230.49548344653,50523.08907245998,51916.61940957198,52510.18858509351,53393.902053824015,54456.114182766774,55317.97488043685,56078.977137209054,56680.31840282146,56702.859155970466,57194.31591229927,56835.97394917969,55368.81368768252,54070.031239135766,53064.071533374154,52435.99926364342,52933.00168387722,53047.8456044236,52787.197705239654,52830.932139373595,52953.647459094784,54007.49259304443,54572.959244298974,55016.8365847634,55257.212828076714,55199.93735811316,55708.02556097496,56330.33898500112,57531.89863303119,58166.980617243426,58986.14782462508,59464.190698211416,60133.617653527035,61248.71863663556,62170.46402492003,63335.897865478866,63708.99235183735,65046.541191529956,66123.89531114194,66736.95528890331,66273.54177892633,66243.2160097262,66588.8671365832,67357.83025279842,67879.97619499153,67760.14289637136,67872.67247823873,67275.4394872218,67349.1900953709,67036.44209820914,67199.39405529482,67652.71676511689,68228.27965199586,68591.23462372305,68488.75588785422,68245.76007768973,67783.85323962425,67613.3958307085,67363.07594120878,67943.25740560386,68242.29784314396,68117.11061299096,67849.17674580035,67611.22441148301,68142.59657752058,68459.11825497211,68689.49407527738,68592.30564959589,68718.31893122329,68927.08853375594,68947.80295862757,68742.54030275103,68395.80816387651,68551.53840373634,68633.89562009844,68655.71647519368,68233.09865449808,68015.31029003116,67999.98200861627,68223.97334339576,68428.99641087175,68558.64152481176,68828.2303945429,69011.5457102037,69340.67599132161
394729,243,"Joplin, MO",msa,MO,,,,,,,,,,,,,,,,,,,,,,,,,,,,,,,,,,,,,,,,,,,,,,,,,,,,,,,,,,,,,,,,,,,,,,,,,,,,,,,,,,,37904.45090273136,37704.49772705283,37737.655323609084,38064.601324459116,39246.02040331401,39990.05473687689,40011.60241766144,40317.5535630098,40661.94375272394,40915.57775336639,40505.79072758834,40596.5406864533,40652.22863774141,41234.9555794192,41586.52347459271,42247.38795870069,42130.76027903635,41907.211723018474,42040.41284365385,42150.17707653989,42722.48454624652,43135.443723672906,43647.33917608264,43718.51331517576,43574.05932557303,44058.88169743167,44178.06525487984,44012.83609894519,43610.24070457675,43557.42924525031,43977.27519066619,44254.89700646649,44395.9294830912,44565.884555910256,44766.35806161195,45078.018837411255,45181.624132018565,45058.3558566745,45286.24716640445,45522.77885716277,46167.42650588128,46698.00522880241,46837.91651866307,47039.922498883956,47141.90784263672,47342.780306092776,47636.3711824698,47965.8492384246,48607.314524555906
394539,244,"Dover, DE",msa,DE,41290.50006370242,41266.553506322474,42033.84030170517,42096.38039903784,42406.69575466482,41934.01517764887,41802.01108688809,41670.50475442114,41485.19919787272,41674.6038814721,42214.272744892645,42705.54423453368,42609.64954211584,42766.55424839797,42715.82235326998,42694.83771506566,42507.30807450665,42941.957882603405,43159.68260554468,43204.958914430346,43057.46340493555,43097.997518403354,42832.62341619005,42530.64926682638,42670.126300600095,43026.290228327045,43423.37235573202,43550.320090523295,44007.134405256475,43732.61599496416,44012.598101889336,43654.92459691642,44025.13190973583,44148.29677757299,44369.64854584824,45166.04399575498,45246.45181801019,45342.55849965431,44889.3873940248,44929.17915502518,44875.73187523956,45152.43479847961,45108.62859241926,45616.5908649114,45807.05949947323,45893.53398895153,45708.31820029757,45484.54185194407,45817.71854147068,45901.274652120665,46318.37252600304,46516.73529763291,46650.06473482874,46781.98008783782,46917.67591955356,46974.377984839295,46952.984016842325,47088.97436228143,47438.33261199472,47545.055469118764,47499.50609569738,47585.76682880851,48212.44298407141,48108.590862420155,47882.3196624569,48235.92562673245,48504.33208182065,49080.18965445877,49151.51108369804,49851.312716432614,50320.77131440979,51148.1064883638,51693.433341162236,52744.65416430741,53725.35193911288,54901.62002345887,55972.333452027444,56246.9236389275,57330.52375333458,58160.09535386128,59655.66102682887,60518.34395680278,60652.9781338822,60933.683892226356,60214.98657262067,60365.82179019793,60188.30674933293,61137.95457407428,61859.26892851737,62489.379527487305,62242.270865634724,62046.34583452796,61852.08043910466,62118.84059981385,62658.083102560246,63779.54265783073,64439.10519145063,64359.802749085466,63683.59811834179,63053.59525333144,62938.76830613264,63736.07747728329,64877.76561075777,65877.66771665572,65763.93331367653,65692.35711043116,65962.03805175204,66289.38671843123,66909.68649878216,67046.49524498022,67703.34821971908,67912.06086727181,68242.95839685334,67834.29503195328,67294.26789352027,67061.11753592537,67480.06725029844,67993.43525268688,68339.80540952971,68048.2987713409,67980.16617277621,68430.36031361534,68834.75377815997,69304.79509680551,69473.04615254044,69787.79719574418,70198.42385680493,70457.7408684563,70744.95210171417,70872.76111950369,70932.81441869678
394559,245,"El Centro, CA",msa,CA,,,,,,,,,,,,,,,,,,,,,,,,,,,,,,,,,,,,,,,,,,,,,,,,,,,,,,,,,,,,,,,,,,,,,,,,,,,,,,,,,,,,,,,,,,,,,,,,,,,,,52916.14064415028,52559.433612056855,52892.55531792895,52963.578036251376,54156.66852883085,54347.010127608104,53949.58916786628,54045.37040254515,55183.81662464075,56177.059908040275,58099.83290084393,57354.94078303734,57929.25541496358,56895.74754746001,57192.12252178009,57562.49444330429,56580.68176294684,57814.16319125998,59231.306996729654,60308.69778410413,60923.89825336955,61116.35966099693,60128.026463187176,61187.30113745765,60939.33474114752,62768.166848025605,63011.12520029997,63618.243114775665,64808.56428961619,64593.83001664173,64760.0
394712,246,"Jackson, TN",msa,TN,,,,,,,,,,,,,,,,,,,,,,,,,,,,,,,,,,,,,,,,,,,,,,,,,,,,,,,,,,,,,,,,,,,,,,,,,,,,,,,,,,,39429.82531958159,40847.87063548659,41797.98712950501,43452.87910578535,43036.861412124694,42681.56882425515,43024.64006338243,43760.39630164894,44047.80218279669,44446.209516029754,45205.84127594906,45629.607237426295,45757.11936492822,45824.45185697466,46368.700692837585,46763.596526114925,46713.826005215014,46986.48177228237,46876.78177849196,47602.2239563742,48096.177564232195,48355.06279352862,48786.54914625207,48788.34623149985,49650.531091061326,49697.98214703593,49385.48755731155,48990.32043526825,49619.12998168951,50327.488139676774,51390.18630147776,51303.65390164357,52157.76602437406,52062.11929553026,52338.54116806306,52123.51510968179,52815.56803936585,53298.831977844035,53898.1589369741,54437.07576071858,54763.30464584078,54784.626056135945,54558.13012066575,54702.84697396429,54267.926302083426,54596.31791067288,54438.14780473587,54883.35572147199,54230.717703349284
395246,247,"Yuba City, CA",msa,CA,,,,,,,,,,,,40180.23678390796,40511.80029845718,40662.77163829451,40971.96177913177,40359.01671631667,40807.9132837427,41455.908431572665,41792.7750485654,41532.6951597614,41665.978316359106,42188.613009791436,42549.282407310566,43100.81565604014,43374.19929721478,43728.0911851775,,43817.75367894839,44065.75944187388,44499.15690388336,45250.728624738855,45585.31052950178,45648.178702328034,45835.50877566412,46302.49657543029,46438.39128712585,46629.46244878643,46875.10541780755,47335.636153420484,47615.39160671836,47565.052253578455,47881.53424815175,47590.33310575268,48180.034898312,48471.33412340066,49046.92127755476,49043.72012792428,49467.12127048145,50168.07877990133,50358.210868630544,50666.83966365437,51341.91368493744,51906.32778036275,52026.70361633448,52556.24844763067,52701.293931674176,53153.9531725245,53206.69140421383,53631.026509827694,53863.86470592189,53863.34459900534,54224.7512055311,54601.54581506717,54512.25845002183,54725.51537960471,54746.215364667725,55116.123636322496,55863.47511574996,56570.415178319054,58161.53498360592,59003.71370620847,59701.05779288662,59926.03788957831,60600.59986455666,61479.82280680353,62532.84864146902,63243.32924458812,64684.59664576932,65575.38734354811,66371.24818363735,66614.70255730822,66443.69909584368,66433.13683417355,67272.09929574069,67768.22313689897,68788.0577412313,69010.26609673818,69960.84898691639,70226.68594835956,70411.03019529338,70317.63406413751,70278.57154330703,70474.02698407923,70416.98731716328,71209.9772316867,70848.18919490668,71564.04356168256,70662.18698415745,70610.29767524918,70399.47118046922,71005.4099271805,71520.35652121971,71724.69654816388,71825.76905481763,72428.88026476848,73137.5750198616,73252.4610445795,73571.6380407677,73472.36124099325,73816.46864575411,74072.4052672486,74254.09379182608,75030.43010911714,75145.5614510948,75422.75931914903,75611.30255098469,75812.01672015381,76311.47397266096,76066.79097931537,76464.96106807166,76718.82311118368,77291.00820424418,77658.60221546947,77991.86752255673,77584.16455459525,77728.38036225962,77968.48879506844,78317.07227921384,78359.99043455828,78180.38176574452,78668.74074074074
394406,248,"Bowling Green, KY",msa,KY,,,,,,,,,,,,,,,,,,,,,,,,,,,,,,,,,35819.067107455114,35576.592844172825,35512.03754393975,34946.398627397844,34721.07151603935,34755.06573300136,34628.6589375576,34714.56382100079,34888.82757042171,35161.425649322075,34762.786520353504,34715.235652089315,34744.09670429699,35004.62955015061,35006.23610780318,35313.81629733663,35390.99336821407,35492.682362759304,35605.53312703144,35775.13102541421,35888.02690378935,35796.62131673451,35815.26510585099,35893.39718109364,35822.236019609074,35848.54560471745,35939.13055292139,35902.131526211,36061.766307547325,36080.14839343464,36347.604140655385,36554.26957633824,36635.46053802656,36823.56833330009,36812.68843354627,36919.6209280746,37087.15995360409,37193.470541516224,37145.09327116595,37057.227669891014,37359.04018176839,37668.174075751405,37837.86615080398,37826.456524507405,38188.02292068476,38596.27009583959,39259.75759375348,39887.39549406132,40521.53438965282,40862.995836288035,41359.639126508875,41877.35150348499,42389.56305232743,42747.77639900585,43413.54973004926,43996.47464290652,43948.909656136784,43908.24100035912,43843.89873374028,44025.60148340726,44373.267263554204,44675.08728941831,44851.569852746674,44785.39612591589,44886.62044233972,44765.17636752309,44836.50302235406,44803.76534036774,45706.09413292757,46167.64427736157,46541.13590357591,46594.44239182302,46481.25576421574,46771.720392961775,46639.01776444311,46666.93910100016,46575.481200139795,46835.747534761445,47084.45926496548,47408.50349283797,47628.95853189196,47711.09947149492,47854.77409352391,47948.62266632796,47867.14220900912,47756.704259075916,47901.404327567965,48159.378206345784,48404.21656359958,48510.769672656934,48461.87496240436,48426.106012558375,48118.68776027697,48138.00726362921,48150.05810868642,48305.242970230356,48636.15712100809,48806.968514858185,48999.84330484331
395119,249,"St. George, UT",msa,UT,,,41563.302726458045,41735.78684951082,41875.77668269705,41667.700906157224,41828.11588809039,41917.30084950166,42342.71962280985,42457.775654881225,42719.002632837495,42797.96696813899,43140.713633726366,43683.826548850884,44032.64692972316,44011.23059944844,44276.39111171651,44661.67019129679,45365.32801400501,45287.15042103959,45629.77028291904,45834.21904794106,46204.663610046155,46619.632714779305,46799.42318036737,47111.915561773436,47152.705862467556,47555.91434436665,47764.60550252361,48035.6676435782,48306.12068928092,48754.29621029768,49239.44417785778,49423.97305399781,49626.92777542371,49684.111742522575,49913.685690339895,50071.69258773061,50335.4273653357,50658.45561946148,51016.20956020498,51356.895052166605,51669.06699758472,52117.67080498257,52241.400917783314,52433.87298666113,52406.88912596774,52486.505838898105,52834.95143442101,53136.35588268498,53397.096617881936,53492.457123991226,53586.5403988811,53628.75239149725,53593.86873887881,53532.81653454781,53586.728367605676,53769.017357709636,54049.94459769435,54305.52921344427,54282.63489008771,54270.96768729236,54409.71784827564,54542.63190721688,54688.074885733986,54902.72371252538,55488.21869069994,56148.24779652959,57031.03267021024,57727.8785338662,58519.97589674274,58908.24607201915,59582.846881910664,60409.60905678015,60869.18714539575,61623.44451398448,62058.00229284658,63306.48506650168,64293.822589157455,65206.248905629924,65788.57747990175,66136.24036266896,66512.19148849267,67212.24737510724,68103.87484326366,68506.5337683918,69382.65641582113,69709.46242705706,70333.43656022202,70393.36824430268,70655.58719301238,70621.36113565475,70532.16477301244,70433.7564963945,70874.05311734931,71244.21393725857,71342.57954044579,71173.12342837769,71371.32977398476,71976.87859138139,72375.73442077769,72162.38038770996,71593.84174565948,71581.48357099596,71826.78683325538,72322.49958999934,72302.47181345435,72644.3666963031,72390.2424195813,72652.31441913593,72215.59202674558,72037.57128390945,72111.62170767238,72478.64394650022,73291.76635987384,73389.63016218728,73544.93754031713,73926.51411614081,74184.61245843068,74104.68937284923,74536.10500345356,74777.13914409153,75275.45681877999,75464.65480390066,75486.11946959513,75640.05931822873,75563.20744655115,75811.49944565956,75885.5702628269,75644.19329914737,75616.92891649413
394896,250,"Muskegon, MI",msa,MI,,,,,,,,,,,,,,,,,,,,,,,,,,,,,,,,,,,,,,,,,,,,,,,,,,,,,,,,,,,,,,,,,,,,,,,,,,,,,,37554.05334101923,38240.03218201936,38438.59880496998,38558.9696164333,38304.09574143797,38697.51074913542,39320.77322424254,39960.66445710991,40567.300358555665,41117.801474952554,41330.29177271597,41667.91134484587,41758.51807850673,42025.37389995344,42125.5301207481,42456.463743460874,42771.57435927077,42701.7569154587,42286.51904582553,42481.61877472341,42474.56940332182,42907.41607347404,42972.16638485754,43334.87784316861,43426.257802056636,43015.96428394734,42904.11447370928,43279.39597446702,44202.11206431811,44650.53496580374,44207.78258674508,44452.09878327273,45174.48311811511,45821.73785936053,45736.265318129095,45916.75999178135,46302.95720128502,46902.96978461843,47049.19826123542,46959.64412440638,46581.892141515666,47234.435603951126,48176.30802334946,48281.05575766221,48099.942976846345,47791.791363910066,48288.12225457047,48375.2395024143,48475.84094345429,48614.96484466814,48989.30423735542,49220.82441056958,49379.51309839287,49015.771752613866
394299,251,"Abilene, TX",msa,TX,34050.13387239243,34113.837266447,34174.0404904971,34127.85510466899,34355.00776955858,34416.14034375637,34455.711113258956,34462.99771331405,34544.0957423149,34605.87775292047,34794.319254761496,34889.9427761013,34961.227395580434,34923.57636595886,34791.6336832184,34973.60877604487,34813.93547199857,34965.901313670765,34946.900299302426,35074.75469066099,35208.989110077055,35255.19650957801,35313.64411111794,35186.42233145174,35238.39698077485,35438.646460077434,35916.55613004846,36156.49627333897,36352.23063221768,36371.84849349718,36401.015838641426,36463.537038368864,36497.38551035822,36692.61148649578,36744.2564869322,36983.52800976397,37198.18269523018,37396.101883757794,37294.23743520519,37217.74266404528,37224.229120412645,37479.587993894784,37705.28919093481,37931.25731383386,38046.67971456982,38020.242182138194,38192.75763144501,38326.83235835212,38548.2282461548,38501.06890906619,38660.81289798308,38866.63408347785,39100.382244020286,39171.9119264082,39303.82036319499,39393.957713294934,39586.137265790545,39833.079663978846,39996.77377809842,40145.67801168401,40209.251752012235,40469.47610250816,40561.62794917629,40841.47709449177,40806.70739150049,41089.70192438371,41360.87528094488,41551.309866274874,41734.06194832666,41880.220079916304,42218.86711268274,42670.492703049655,43353.522086314115,43583.57161641829,43841.88999262525,43800.71411096445,44177.94835440207,44270.800637812674,44790.607083509196,45433.74995224447,46071.80739641448,46728.86523936888,46942.2438098056,46800.72219549845,46681.265706020225,46946.97571117615,47538.37630640328,48063.58968837335,48588.01093168301,49020.11053670861,49173.22007719164,49477.76360845098,49788.55203962531,49896.84675556806,50237.712451065396,50365.45359793759,50650.24275014388,50798.680437036586,51282.226054247134,51715.085629756795,51679.22121570252,51792.39839276857,51847.37906509079,51704.09214682425,51690.87428927162,51637.85616249958,51659.13645939196,51771.17348265084,52029.566232839155,52231.609661264316,52189.58394622211,52499.731106430714,52398.34099572464,52649.89476824327,52742.809950613104,53559.76754488058,53779.40541609163,53799.40775079342,53385.13487695518,53873.21579982739,54238.83095021755,54744.90696407748,55304.631108487134,55746.31747184005,56850.00525317882,57761.11846245532,59020.69193602586,59901.62519399118,61379.4342818812,63288.85632566926,65730.36312950293
394707,252,"Iowa City, IA",msa,IA,,,,,,,,,,,51925.02799795944,51604.478565039426,51670.763490564415,50340.217653045416,51103.55359932935,51148.41522222381,51516.61687737618,51184.958168987054,51232.2221114644,51344.29210874469,50912.45107082274,50559.34285509726,50640.02219587207,51881.80809476968,52501.33885802064,52689.4049509105,52385.70596253437,52281.94756727171,52523.45670302245,52867.22623746997,52608.31660809073,52781.96540400078,52729.036253779625,53813.77519810921,53806.012924798815,54070.00119006834,53650.70866711166,53827.446414698265,53581.993595797314,53804.67362337003,53793.44588675655,53780.97963981738,53950.478743806685,53617.448080040806,53622.22267836698,53585.9018168774,54103.49721131186,54002.27334473198,53870.83420536391,53856.03171693634,54240.43113612721,54308.40780788659,54297.87773838048,54373.54490398909,54520.027817636415,54784.653063281796,54997.85232104314,54653.01298196211,54299.41315943177,54103.1001832742,54383.038280316614,54392.620100158274,54655.00525935787,54636.17579859399,54840.05009750599,54890.72835882847,55229.29480227346,55217.532763188516,55107.79685841204,55065.637982191,55052.46664284468,55709.688224718695,55775.84034488052,56221.25009210714,56309.34913457768,56722.53636142506,56745.6010428989,56963.549780043504,56958.98311210205,57151.3109925621,57531.99915969679,57911.23841197018,58370.54590542145,58440.838766255634,58868.66325258708,58911.1834455258,58912.953181127734,58732.12220476263,59354.47094374998,59875.10098469503,60317.42228615787,60408.618092047866,60401.089165888094,60691.29291575245,60926.39313301106,61359.17303971509,61513.12307707134,61559.08591803936,61765.434806547375,62292.84010785101,62426.951594804246,62606.53886314314,62871.701774471054,63453.717527417975,64017.18019233418,63986.71165787436,64049.48090996393,64169.026694271335,64342.4265595536,64774.12926804245,65123.9290000089,65345.44144476222,65415.720872852646,65399.652760853765,66044.36333560693,66005.41903838389,66453.21304633783,66414.04746781738,66850.26777843172,67128.82224896214,67447.02085343686,67686.42112651089,67926.09825210099,68133.64327319381,68500.57011832828,68932.67711014165,68832.0959448484,69179.55467730851,69176.71363901153,69792.48855472324,70003.10715172562
394351,253,"Auburn, AL",msa,AL,,,,25554.921050693745,27397.07249158543,29294.88117147939,34394.97103038864,34372.82789996108,,34851.95819994206,35341.66999873242,35799.456382408025,35825.471841243045,,36038.158785240186,37613.893404367176,37132.091124395025,37036.3395015802,35280.02017280737,35375.74204455691,35762.552891278436,35705.35528580374,35818.90353635489,35689.8550920686,36079.24964924025,36494.08793792516,36830.95511675833,37585.675927385695,37672.343432824426,37550.101317298046,36942.736192221724,37342.72638813918,37501.795406744815,37768.7684513906,38059.032906863154,38237.105238120195,38754.00261810238,38817.15117168681,39201.81014316919,39253.67353802193,39541.63929060643,39386.54576534466,39599.28718664217,39731.058095776076,39922.45716803078,40353.567514946895,40320.37011563813,40618.0838012213,40463.84020568222,40842.27607007076,40803.77133361148,40596.59824520927,40806.28857826175,41381.75272350726,42148.20681465701,42241.1442104026,42338.959512570385,42250.51242736885,42480.85874172199,42552.15132439673,42702.23976021185,42660.4339988709,42309.5424536402,42279.44170875342,42401.24081872896,42398.7286716973,42485.29910444238,42744.04661606134,43086.07101880013,43116.91939585374,42567.45495546791,42923.64484605394,43322.51721713619,44097.63866327906,44373.83346644172,44743.218326356684,44656.73064149147,44849.334767779066,45269.37918826344,46071.63821012804,46576.59356013097,47170.52423808536,47775.78481497903,48373.047051784226,48415.31561826028,48178.97908285486,48083.814116997186,48323.814519576335,49038.376768835966,49584.73973746782,50110.10009321771,50543.872289781066,51047.15347357472,51407.90801108247,51627.58305973957,51164.13168769457,51450.61298058263,51730.82308273913,52659.696529541936,52804.82663027694,53616.39964488934,53590.60645241128,54103.67951356828,53344.83817578634,53776.67874705172,54160.56306692111,54841.66607221777,55382.87119736563,55425.82480301869,55906.39160449492,56298.714330098715,56970.26340633381,57112.848526560665,58224.092227298584,58996.789591544984,60355.20685333704,59675.083622994694,59551.950437795145,59499.45225532106,60050.39937949046,60740.49224717271,61138.064550922696,61248.90388036692,61489.40595710187,61716.02358836676,61650.45322672496,61592.74279563045,61779.71035956335,62927.44969862477,63728.5537922021,64355.93978494624
394860,254,"Midland, TX",msa,TX,,,,,,,,,,,,,,,,,,44258.193571996555,43898.99376974465,43195.360335472644,42681.659618964346,42723.920964922465,42953.46645302837,42841.99932865971,42640.657036764154,43800.56353931988,44870.86875753731,46577.565921341025,47867.53994624595,48510.77758954036,48625.37801901471,49071.310208360395,50199.9094884566,51163.39303989451,51955.54476812266,53561.026922987745,54632.035735777055,54803.832829010404,53922.17441226945,54207.083724574295,55699.91279237674,58219.102056377975,60760.1317023931,61759.609781888714,61587.158497989636,61698.276056929935,61806.004854056446,61715.107689487006,62628.510423299405,62070.50530692102,63331.44119519446,63157.616991932366,62026.85158251129,60354.55865287609,59350.03530493588,59377.00549290777,59804.90231870502,59927.58331167788,60080.06323900368,59903.9758077166,59268.8347373147,59714.52696230178,58160.72516700847,56992.471264821615,53258.749827865206,50972.06244929446,49115.86715861595,48076.05984319893,47477.02099443515,47234.52540499678,47521.279231230495,47462.65520706291,47198.74960713226,46404.165497555456,45937.56029230137,45910.94330032836,46373.34704807271,46937.38253516602,47343.48344602479,47417.47344150168,47318.928781500596,47002.38933323477,46680.016542767866,46782.99672567073,47009.07026948973,47336.23259861551,47771.62891643652,48763.273956334444,50028.196238573924,50941.228138877814,51658.665236282206,52336.226555310015,53160.175386871466,54128.37077704898,54950.045449980345,55636.75332387461,56219.7892786411,56466.07147664242,56781.86275896903,56701.315929757286,57149.45908368017,57550.59359262934,58550.781697578605,59363.17424033953,59901.876522752966,59845.54941794469,59821.78201244835,59902.47994054952,60342.661275580955,60776.45241775408,61269.22909908113,61190.78928094806,61101.0923323729,61073.62505542001,61175.57450539443,61413.17056631249,61276.41390463766,61899.87887083643,61905.324602787034,62237.13021401486,62282.06115614211,62470.33416959051,62495.64667267117,62981.80044498061,63089.96091894845,63249.05071588717,63038.85786728438,62828.50309693142,62994.36341619791,62816.17017489936,63101.0090279144
394671,255,"Hattiesburg, MS",msa,MS,,,,,,,,,,,,,,,,,,,,,,,,,,,,,,,,,,,,,,,,,,,,,,,,,,,,,,,,,,,,,,,,,,,,,,,,,,,,,,,,,,,,,43224.975281823674,43560.71748296573,44059.64575995319,44551.9246170052,45453.20718491522,45860.452057820345,46413.421888368204,46733.83276721192,47344.8439276743,48090.86624928046,48473.318006380316,48851.50729796262,48019.17009349812,47867.855986000606,47740.18338408254,48064.967248765,48088.619824353555,48440.791267061286,48648.35898772418,48678.016793627525,47905.39342798837,47669.901346811945,47610.74164975958,47899.71699717093,48299.42909356629,48943.524506652815,49374.76575470442,49696.567246454535,49925.39304328452,50023.43326635873,50217.60887141968,50149.055549105535,50635.75547719417,51021.097760222925,51563.008619359556,51526.16168895481,51903.50757173269,51828.98367015717,51872.813923061585,51782.09873166734,51817.179363292045,51866.83698287582,51852.622245672275,52168.22778912114,52368.838270862725,52324.92917128649,52097.727067838634
753869,255,"Bloomington, IL",msa,IL,,,,,,,,,,,,,,,,,,,,31229.268958359644,31179.643781546645,30715.205578040695,30909.201175633985,30904.652458033714,31439.623764766737,31618.82187857355,31607.393490462455,31776.379809843907,31662.14389776821,31908.964654669326,31813.324579663757,31435.083298915502,31331.425867709637,31670.23491723391,31883.691477843902,32027.788628564027,31548.301942714294,31762.222889169712,31898.012831848442,32159.2244766733,32173.54326513265,32249.52991740783,32142.612097844318,31618.418575302847,31823.750016503607,31972.74326522237,32846.10989649455,32965.072483717035,32653.93116218065,32568.33563878449,32571.099941869677,32446.128859333818,32817.67740925146,32916.358035998,33226.13706030213,34020.797321710736,34180.50665590885,34261.9219161632,33703.57842905947,33887.82576778359,34627.983556697734,34955.99263441542,35465.950380070055,34819.43284101953,35063.865142676965,34733.936330708486,35293.74651517673,34646.58992924752,35110.687592480775,34775.20978353888,35393.676968129745,35429.69252954349,35369.20075650387,35877.66995249331,35815.53226196053,36548.10064821809,37070.115043343656,38099.350431895014,38487.47419337106,38853.68891012033,39086.247604027245,39858.10776805507,40707.17882773842,41267.30356158825,41708.681170703996,41925.65202318954,42556.06057157958,43240.26149421518,43858.869942949554,44628.14310128356,45037.034519559216,45277.87499410671,45232.08763420445,45504.94870515225,45774.55195167968,45985.91923333695,46231.99294932724,46393.74910637534,46917.985914680605,47035.07102786481,46399.12872123785,46123.550151978925,46210.27571557031,47516.194291395004,48368.38203011846,49054.75043118109,49218.5760424541,49664.83788651845,49851.9970499063,50941.916391822124,50903.87668794296,50951.87626839797,51439.346153961415,51817.21521026962,52194.462659109944,51726.03450973271,51968.533594105735,52105.91684064471,52485.266138322215,52656.531643875016,53040.63031331918,52757.64099610435,53074.87457877796,53463.226949236254,53903.31060603268,54162.121560279105,54314.18160705518,54466.25417778501,54378.98008468986,54351.9449035915,54397.163636363635
394944,257,"Oshkosh, WI",msa,WI,,,,,,,,,,,,,,,,,,,,,,,,24006.09496186779,24698.981756931695,,24482.410809395653,24479.654257055918,24499.109911072865,24704.259022414513,24810.902535583766,25147.750899326,25208.034574857695,25709.772729844273,25673.419085802852,25951.582723187083,25875.29901475913,26123.971363731915,26224.16828015198,25895.181672932496,25897.388839472667,26134.696445849382,26678.671847195426,26851.940251310512,26862.359508655474,26651.302888432434,26652.757992392824,26797.679008793755,27014.49830344727,27345.9590478736,27556.081929089258,28114.436482051442,28420.036488839567,28442.010618119017,28156.605827861073,28202.633909721313,28513.25056351168,28845.860648598733,29014.05407664355,28963.827914415688,28942.874856447233,28832.480351911217,29640.012116112182,29774.88771674774,30000.330602305054,29868.99389649653,30148.744391866683,30220.930090746722,30455.298248974348,30856.343817652094,31004.394242980907,,31600.047212692523,,31671.004210661475,31813.290646705125,32557.921027015887,32876.45941795384,32968.12902342187,33005.58294540669,33203.71619235086,33716.33760467042,33599.48849611237,34032.00850005732,34155.696229314635,34788.3370032459,35294.06669294792,35455.92041785806,35577.94452751529,35933.82118158701,36448.87812443518,36742.559706937376,36824.133840808216,36907.38599638527,37521.329389223225,37522.143455388774,37903.47463379868,38004.1817645453,38186.985482897544,38337.373396173854,38295.186147250075,38578.11538374104,38939.74750473185,39361.763799318236,39908.3637242663,39752.67386999508,39795.6413675798,39600.01736566751,40154.816450438186,40222.636217373285,40669.21513091188,40742.431865667764,41071.39295822252,40877.654614583524,41062.05853546349,41441.68861827555,41551.30253599137,42028.01815539675,42347.32377238108,42983.961662193375,42892.95530558435,43205.72700538094,43204.47027751985,43574.11263437068,43823.75737318882,44267.53740410459,44332.79932063193,44246.61083051289,44343.10976634875,44482.87981703321,44526.30952380953
394555,258,"Eau Claire, WI",msa,WI,,,,,,,,,,,,,,,,,,,,,,,,,,,,,,,,,,,,,,,,,,,,,,,,,,,,,,,,,,,,,,,,,,,,,,,,,,,,,,,,,,,,,37630.04049812925,38165.624120016655,38181.91658474665,39045.43535768154,39611.28317004356,39656.2605336532,40191.89325644881,40227.62637687912,41277.42035287792,41197.48190154694,41785.64284910952,42114.77308926523,42565.204832743504,42725.79717032222,42289.257045098515,42541.29041186362,42788.94817787955,43033.22741088682,43301.508953415345,43478.88877044414,43451.86933561535,43556.14004771989,43407.74940574166,43320.01394460504,43554.03247925509,43855.64358097213,44574.561560659604,44450.104036732664,44421.03446157247,44667.89541687394,44710.19052630046,45029.161929212234,45088.0584665981,45166.64510491045,45368.64189123731,45532.190805525715,45562.99933955332,45535.86883331186,45556.95777326679,45716.286952452676,45870.44016747203,45900.65187624721,45971.139399024505,45943.031520580604,46004.70069560007,46197.27794619112,46302.178038115664
394651,259,"Greenville, NC",msa,NC,32711.99416350111,32699.199662571937,32972.597080443156,32843.64850878251,32926.07664609151,33216.580718367935,33337.95024899789,33251.801659440775,33117.287892268396,33173.1939393554,33453.87228468275,33625.0417626618,33737.45381853472,33671.138063165796,33692.73291212999,33916.531554033856,34137.11049817594,34165.759501432156,34235.47899138157,34289.105790243404,34453.25482549747,34593.88357406041,34515.7581178025,34629.33339409693,34712.54427642983,34958.13386534158,34955.77098679228,34880.3577519107,34925.66816079171,35075.42380059221,35304.233794004234,35504.364999277655,35475.042584794224,35409.51281842862,35618.68311088854,35850.14955590824,36168.99104400353,36306.757834612654,36525.361651206615,36939.09416369231,37104.52421949437,36998.93349429089,36914.990639616626,37094.68954112314,37438.15757849455,37940.35843466493,37764.268319938375,37780.57402642209,37702.00306397183,38042.56392701006,38199.884014279356,38217.73483593367,38368.80877897161,38718.86905251041,39013.06128031137,39130.85004848917,39215.897968010984,39198.00011590363,39612.637984341956,39837.999991383505,40114.096073772744,40127.75817033069,40386.99529863042,40779.93594006855,40826.67779331329,40695.925574082605,40850.73159017836,40963.31618867591,41308.86662367768,41489.006123575724,41695.60521174315,42157.44451259669,42362.00989208339,42799.466436591334,42854.27313020031,43315.83251204776,43814.89924782672,44735.10736037447,44882.432408336856,45380.988299164186,45762.00300457302,46495.756739653625,46633.23851853402,46751.70882326974,47344.745931746686,48110.10282547284,48890.435951128085,49639.58619711908,50125.13480854928,50496.18808654325,50894.49997207879,51375.202149041615,51653.458199919136,51834.71864849786,52340.225004641376,52638.58883562464,53175.1773862533,53278.6421381285,53890.52725465646,53735.343036206454,54320.71987735551,54433.620820046075,55027.376681838155,55014.90327066427,55212.48479918907,55086.92630768824,55305.931533866584,55724.17705024372,56159.96061085952,56406.50291078049,56310.21938970292,56486.70973091258,56617.97726892299,56892.589652901435,57279.25217441766,57728.81528237449,57802.13409736959,57959.03195138746,58285.68771031643,58415.11174645926,58287.0263289611,58463.50759757315,58644.32850428605,58985.89227768712,59028.67996719529,59193.14328556626,59029.14965914718,59072.580930664,59328.28300735818,59668.34210936412,59632.95483152325
394428,260,"Burlington, NC",msa,NC,,,,,,,,,,,,29352.194546499475,29496.282101816203,30190.41419824452,30329.870990094576,30938.069543251284,30421.60387486816,30404.288970214075,30096.8502386247,30287.75836083011,30584.378516714994,30846.35403564973,31080.72962138747,31028.782102841276,31190.432264043036,31253.213889883507,31614.127325812424,31578.239902361474,31875.467176299022,31782.32330914502,32042.322364383595,32062.12390942384,32047.705025808315,32398.523261337967,32827.7918916524,33264.80661163033,33343.34678894579,33272.65233113887,33286.455435314485,33462.498182262214,33752.14641180307,34353.37631572474,34484.6861418827,34457.4761283056,34462.26564966189,34477.9426255939,34696.45972612266,34920.49376622387,35320.539224354754,35710.46436759066,35953.43798898822,36158.54802970071,36322.00833901333,36335.32717542227,36586.26012805596,36977.959444808,37327.65530886037,37485.231742256394,37427.97125761517,37412.749957019725,37382.531583800504,37430.352622335835,37759.40546986738,38153.74839720391,38488.50644475871,38803.531399136984,38547.653887292974,38710.564280246406,39020.960079547345,39630.35557116898,40255.508881666516,40885.43218108173,41876.07659223237,41927.72899564659,42155.75072756093,42349.51342106174,43024.779671035634,43502.13649457095,44078.64322989163,44587.73883049323,44875.73093422651,45464.909571068405,45821.215244204104,46747.18680089116,47066.67520307683,48425.41093140662,48839.7795604636,49417.18018025056,49421.28619814836,50029.43385122786,50893.73285694131,51257.06156247514,51484.27373333837,51682.984452764555,52211.71087278358,52588.36355264018,52377.746373234935,52075.07576726915,52169.54035876639,52523.282416519796,53031.665680561855,53082.01303085883,53322.98461258349,53523.338133931014,54110.82712877018,53906.5361486002,53887.88100647895,53831.88998021423,54273.29488558103,54715.938258938295,55225.34403235704,55533.90677301633,56101.75740894572,55921.33926214219,55941.55161449467,56075.013360765435,56923.68474298475,57352.28467899938,57422.383672159354,57706.97625309411,57992.167564277624,58087.576707791624,58114.96341675206,58104.01396009845,57894.6489524637,58347.26146850349,58456.16428918749,58577.883389858216,57943.39849526237,57998.96155143283,58131.35802469136
395210,261,"Waterloo, IA",msa,IA,,,,,,,,,,,,,,,,,31011.444532660415,30733.26933827455,31012.40963475193,31214.090292949877,31323.112151104793,31054.198377884946,31272.287593025045,31046.19132410541,31433.478183250543,31441.90929910579,32028.4975394086,32048.653259941802,32052.68006397603,31840.78395133996,31806.2220480696,31867.69521239739,32119.77669999508,32309.22676269467,32170.027533879766,32183.88710146326,32126.64091956503,32404.695456227506,32484.611973914158,32482.786105480955,32499.305123359245,32653.867093342404,32859.721801715605,32873.09898538576,32874.11786786736,32910.17175003522,33109.37998469722,33253.407978974894,33358.06854690952,33259.32579959217,33037.81325510799,33194.3494677475,33264.78144241797,33468.983369648,33463.13629762745,33588.05548721887,33634.59807890792,33763.44918791954,33844.91752867557,33971.27806096896,34052.13016020726,34206.36441283142,34080.22954406152,34006.650347456736,33990.50160243741,34101.84605833919,34233.00343979988,34306.83901910415,34429.6279889439,34381.21945116081,34349.02730579185,34413.81401534274,34682.88116209989,35042.245512519825,35287.29787475387,35587.319124885384,35935.4284963224,36109.1595018323,36312.16195016537,36115.011331142596,36035.947662225095,36388.94805600294,36977.011219076485,37450.63794289718,37615.80078644614,37549.8075083988,37527.517842880035,37427.489741053374,37442.86031292394,37330.66038896922,37573.812763355156,38174.49780052166,38542.5218888598,38425.793101455805,38236.7127826776,38420.593973736475,38571.21028967666,38735.199620800646,39022.109307513725,39347.06065172677,39309.400345037895,39744.95891962745,39851.79062921738,40398.634624758466,40553.53780806437,40908.9695086188,40883.87873692917,40825.306151982964,41023.94765435134,41154.214188878745,41479.30793544862,41751.262526382154,42205.824571304795,42219.877065834,42378.56257170204,41942.25617054183,42194.95144809672,42242.35445255787,42712.68202818358,42954.73865914522,43065.27201446428,43260.20165933375,43220.17288635023,43205.08453363454,43198.02584542867,43315.436861568145,43405.185435835876,43654.38496164221,43607.28868727788,43694.78805346406,43636.56641604011
394480,262,"Coeur d'Alene, ID",msa,ID,,,,,,,,,,,,,,,,,,,,,,,,,,39417.102498214335,39426.90437187577,40002.595095401484,40258.797247665076,40551.61221726096,40753.70297519631,40745.73306532201,41204.05048042171,41437.48388141406,41520.52573311703,41325.55476425626,41440.46773795,42065.21111754434,42713.383622283094,42922.29640216727,43372.78411357775,43232.00599169478,43473.91863813745,43782.7227825166,43931.83317212757,44365.54216939503,44706.367325847954,44937.146952731375,45066.441703284865,45401.47147669904,45469.27107267356,45570.45834383758,45615.54744613606,46130.80590120495,46455.08944064179,46838.73702927382,47140.268858606156,47351.67662905636,47702.8879346965,48339.864127436595,48957.35133634843,49108.3389181287,48687.89677123294,48445.06984676984,48499.28650771304,48336.960384280675,49304.66672208262,50372.95111500441,51691.860549918674,53020.795974968474,54303.25887771812,55709.868987319205,56449.64481617,57212.48749352551,58070.77629139701,60280.46946849983,62531.352095576614,64895.44434175137,65614.74288561605,66191.78694666893,66391.08174777443,66472.54501372152,66843.37914514737,66944.11504783266,67610.06016202937,68600.84489004604,69652.8690744149,70172.36310174825,70326.46677104122,70098.06484062439,69631.65569514046,69058.32356913538,68903.06885653106,68957.28050338035,68775.02715860127,68439.09271628257,68398.36102749869,68480.83590554677,68300.55610945665,67554.96724962039,67250.4241813312,67186.38938996314,67572.47488836087,67734.49852326007,67927.62636231029,68292.56108536209,68516.43340569061,68960.94933196086,69141.50244997257,69201.9268200779,69195.44270322795,69421.12821772097,69481.97902345474,69252.3356942605,69432.34734575421,69892.36538459717,70222.42207127815,70125.56769169995,70020.29500832489,70074.66781984309,70097.46466152176,70084.95532688622,70233.62859663992,70541.5859272294,70841.21457219326,71313.90268722373,71349.40403114418,71305.97488807503,71285.18731979327,71478.53904955431,71798.17527010804
394553,263,"East Stroudsburg, PA",msa,PA,38633.92805648275,38826.55866633964,39293.41095457154,39533.683895554685,39520.5587966528,39500.77403776711,39300.93711619421,39661.848925489154,39613.39812210628,39611.26601040764,39670.00807454623,39707.12625832322,39809.62456459736,39614.33995351133,39584.97608696387,39483.07386837051,39720.82588995897,39993.95069900461,40417.91878284637,40471.8198898505,40716.867006609966,40812.51170288916,40835.869674639136,40891.51595424247,41025.64190952385,41608.07772560787,41845.749370340585,41974.58981856956,41881.97020187729,41969.891999540865,41958.82491891163,42115.20875054255,42619.29949477652,43046.274498202714,42719.70739840161,42936.73304204716,43216.09844920827,43530.36098495917,43513.610171801665,43548.53576819223,43956.27792235004,44233.384665848804,44416.195355414966,44442.99774991107,44500.71965806142,44655.2301514306,45287.7574738485,45456.53770078303,45582.62330631161,45375.48410032694,45671.86925747211,46011.91164189926,46106.31479094004,46205.495543026984,46406.01880806022,46712.94128309898,46788.84152658261,46858.34480463097,46948.60258462895,47122.671445349,47286.409174813656,47604.289708292636,48901.48810459286,49281.33908402774,49256.63851509201,49281.975543022345,49895.54689189373,50502.51184753158,51423.008138924866,53095.47726461707,54012.023094483025,54350.59109174517,54943.25338076085,55867.65181085718,56028.34291752142,56173.653394362584,56782.183984725045,58438.224519248884,59571.389697160404,60813.49239514689,60094.983907829876,60142.00761836338,60131.89505835991,61957.25467526426,62664.061263515716,63187.41167732223,63854.522350247986,65838.80168099908,67543.72881226549,67102.21422180044,66453.76648247633,66459.77920935073,67892.17361393991,68217.70545511068,68462.26463062008,68411.38276931013,68778.74516700786,69085.91495118859,69660.18911557275,69726.62224880827,69534.26453080765,69754.25804828368,70167.78899489595,69906.08411915455,69801.64509909027,70065.82867165095,71011.7406788917,71504.04629037355,71998.83581624212,72554.25438668202,72494.29854044289,72072.67726668186,72161.10337914637,72330.96387892471,72714.14017036847,72117.54256903037,72774.41973805198,72422.83667188483,73703.64720822421,73597.52358165772,73513.38124839937,73420.67679689368,73638.85729015226,74067.04305613892,74255.86147699678,74555.54554738171,74615.65315457198,75576.88714879389,75203.18797086099,75609.11052060137,74379.55555555556
395007,264,"Pueblo, CO",msa,CO,,,,27421.53595570793,27405.56573586792,27102.783626269462,27357.934543863146,27744.113960663643,28282.181112213984,28498.685273846277,28642.951959112048,28682.23585010917,28701.820964462993,28684.641494035655,28756.58726346897,28893.558522669446,29236.884046148924,29458.058217678277,29623.96375318977,29571.966658761,29799.683910334723,29944.707053144048,29998.066738211033,30410.48880380895,30438.663957420038,30648.551418997577,30676.541587619227,31268.755596704385,31374.9192686926,31493.729884886532,31266.804122913007,31481.05640822582,31457.937072097237,31802.164262081795,31862.746254339396,31769.96811522401,31860.196162639866,31937.12528762392,32597.21035872483,32409.01474912212,32522.855332517793,32420.860458438536,32905.84725189553,33323.99345678558,33548.93794453498,33585.084025165124,33805.188907806856,33681.43292245573,34008.52627728026,34298.54268235862,34134.23603136694,34343.02247731476,34527.322404413666,34919.76440217673,35017.8515232591,34999.0080415067,35191.676383184924,35379.6202115253,35597.09125761148,36103.08242616607,36250.264558506744,36404.64111908605,36570.936520558855,36902.53170329838,37500.025203825964,37283.81218981837,37452.39054185814,37434.431395244705,38317.178232096245,38564.22572611228,39203.1649098622,39553.42550180597,39997.7468892533,40383.69144959714,40521.15357986378,40914.35611136853,41138.93467400347,41632.482739028914,42051.50206680935,42905.42957415866,43484.62623591796,44004.70883670505,44286.359477926046,44507.806902178214,44537.07338630435,44810.48295177391,45414.34431170399,46039.66122070476,46256.950695596046,46400.856292603676,46737.65850565265,46749.90480127111,46656.83253169627,46551.99853444981,46982.3679819605,47301.02178320305,47901.562507358525,47764.57214083388,47681.713333533145,47222.568531684876,47414.56378552695,47631.40130022597,47543.0954033452,47694.856156215676,48000.53482799611,48627.72954516036,48447.162620635805,48593.382978438814,48789.86258075933,49126.91746834229,48949.94630035863,48983.62174926498,49275.91972693934,49451.40400584743,49606.485526545715,49600.5424048795,49533.257180406465,49528.89646758882,49670.78871477799,49709.513489877114,49610.19944500417,49713.77718198745,50122.71270107341,50546.25119126187,50545.39555851933,50625.64291040994,50844.588377780296,51131.74735142338,51440.58802854192,51558.19741472367,51879.48471431583
394392,265,"Blacksburg, VA",msa,VA,,,,,,,,,,,,,,,,,,,,,,,,,,,,,,,,,,,,,,,,,,,44032.87093583023,44764.98771145069,45634.82129968921,45355.58668263573,44961.20875387591,45008.053351276205,44416.29239114484,45551.499647505974,46250.29632350254,46759.525461249235,47465.82294370036,47695.133926001174,47845.57762818418,47871.28962521012,48011.67450489221,48764.46680658034,49624.26481633682,50463.01264705194,52254.24756610067,52370.03578194752,50901.84693366384,49949.760730523085,49916.25191970357,49730.10897530181,50246.07777902532,51031.10086673177,51174.33407895329,51618.60588824917,51713.56542457123,51952.15925594673,52017.881282059294,52457.19836748143,53045.591901759464,52830.3453551639,52890.496291825504,53865.28676709837,54795.53217777312,55207.324592440615,54916.43111516188,54452.071320084964,55161.669036475774,56032.223846093875,56671.123912812815,57104.503634335975,57056.87574903275,58220.60065339463,58527.03480314255,58414.86262844473,58041.88555558091,58703.55522399247,59424.44113668372,59878.6637163637,59925.14697772494,60604.920920685,61078.49078608222,61226.76358490269,61516.37992876438,61893.921445530046,62950.594277539676,63596.7966777273,63901.21736037186,63227.11142672095,62908.61700900023,63939.16965246345,64899.51393618639,65157.870789717395,65047.317051248494,65018.855096984254,65678.14252757459,65628.6526075644,66435.98769206618,66257.34501900576,66709.20979218294,65614.19004452527,66303.07346184569,66641.69415710914,67334.96222760597,67334.85386374034,67795.63233272998,68373.63953354381,68438.18550487375,68752.4659888371,68230.34819890272,68741.85977955264,68987.1671741169,70689.58258110452,70811.17367071829,70564.2937365551,70117.25490196078
395215,266,"Wausau, WI",msa,WI,,,,,,,,,,,,,,,,,,,,,,,,,,,,,,,,,,,,,,,,,,,,,,,,,,,,,,,,,,,,,,,,,,,,,,,,,,,,,,,,,,,,,,29166.52985402674,29936.108138214102,29989.50246179722,29722.728563439712,30169.890689761884,30482.907592733405,31032.719357391303,30805.295754427014,30495.346359376843,30462.384835195422,31049.752770368737,31805.567718057107,32061.483884871155,31785.317611476665,31546.27433610187,31419.650872093196,31397.05043905804,31511.052995778206,31730.104302549935,31849.359693724597,32127.224077086557,32071.848079909123,31907.60455802029,31116.77704870498,31264.28540242932,31568.314876890778,32123.388481000835,32302.3366382776,32167.61277219695,32407.778671941305,32664.30620447061,32957.262923546456,32873.974075700935,32596.885527637114,32811.21744242535,33309.236691966726,33323.29719010018,33361.698831223075,33314.55717230948,33570.42286241448,33914.16660056116,33958.68279304968,33925.61312526494,34067.77653933546,34452.24991143473,35117.59259259259
394731,267,"Kahului, HI",msa,HI,,,,,,,,,,,,,,,,,,,,,,,,,,,,,,,,,,,,,,,,,,,,,,,,,,,,,,,,,,,,,,,,,,,,,,,,85736.51944894409,85861.99762712035,91465.86789294629,95060.56051977385,97984.22014160626,99540.1150022938,103594.62116289919,105392.32931694372,107416.13500477196,107348.47978124766,107561.28003014259,109961.35885085305,113407.79722851343,115232.88420576304,113958.90309387766,113800.52963164546,115933.93141771924,116066.33086503898,115725.30349911652,114959.09969553663,116539.61793252971,117644.49681281282,118474.41381309366,121788.74530150587,124996.37143350932,125078.2360366301,121641.53264724219,118681.30294304814,119219.4612884313,121366.63462528496,122227.30881110801,124596.23108297095,125237.2580735132,127687.31429084821,130192.13619515863,130306.82982328885,128537.50845589188,128848.97633404074,133684.7020972831,137670.49001561722,138159.67061577112,136700.64191629263,137457.73714863503,137185.4879776336,137049.6370893062,134542.4460413778,133152.37109707162,133322.49790636092,133567.14316935008,134116.57895289658,133309.571587762,132879.6762015661,132734.20504516002,133609.81071234395,133557.33746274255,133653.4382805332,134009.56669330996,135402.53894536776,136094.4816418807,136200.63348416288
394720,268,"Janesville, WI",msa,WI,,,,,,,,,,,,,,,,,,,,,,,,,,,,,,,,,,,,,,,,,,,,,,,,,,,,,,,,,,,,,,,,,,,,,,,,,,,,,,,,,,,,,36381.01312019314,36510.48422966412,36594.95104077809,36717.348528102695,37232.27333035154,37389.44267607624,37766.011047602384,37396.646341636384,37578.41350268236,37542.39002749054,37845.262833695146,38004.442331480874,38070.90451078438,38151.4203623924,38474.69701458299,38943.4874005279,39514.6728601192,40002.77182565588,40188.937183400776,40087.312726096985,40188.235782396965,40629.48385123819,40981.052591166175,41115.55528099743,40673.908783783016,41345.59057365803,41516.530468843936,41906.627901944245,41521.057918449966,41294.535089437355,41680.4938479289,42440.89904244903,43050.54052919117,42986.839276931125,43065.186695919474,43308.20398110252,44067.88055473706,44040.61067063238,44268.273834904845,44251.44487767385,44723.93777116087,45202.867210941986,45310.38059177856,45399.325746589086,45411.88163616363,45800.296149693524,46081.11111111111
394393,270,"Bloomington, IN",msa,IN,44654.11066641322,44607.67918692487,44466.89440994235,44663.88522535085,44582.69953614995,44757.445949470086,,44530.84883519415,44833.36911190991,44895.49420853581,45272.07416780858,45211.75895211374,44913.7780328641,44799.00937410409,45115.22323748286,45507.84997093247,45937.918978125985,45490.81245044355,45548.47443784189,45753.50373409377,46049.28186009467,46080.14384132176,46179.3836530566,46465.25890114344,46846.76375949612,47038.29215251386,47261.085424508885,47283.98183964298,47550.11251574287,47573.68745427295,47922.30335592215,47792.628877882875,48045.98893549904,48242.31714737055,48577.42972653677,48657.720290019824,48691.0380878411,48733.56129848958,48766.89036109083,48937.49815816837,49029.89395206279,49563.22198018591,49698.624702320485,50096.94914835624,50320.76260623066,50566.343482144344,50691.550610724844,50915.65169571997,51105.03593732595,51581.7867513241,51859.18785836265,52105.41459743674,52288.254823620875,52426.190317923625,52611.38734914633,52800.52499967048,52891.04351597501,53057.5360848354,53221.750792373365,53404.441450235354,53611.925713572564,53611.443190084596,53757.558759423504,53913.302114045655,54138.10454626625,54341.86926799829,54474.377895875165,54470.84524044825,54927.658094579194,55260.52648310038,55759.09998735127,56217.03194405119,56610.549452051884,56669.1264614012,56687.72431519868,56429.40434725252,56725.79869360229,57209.332819357835,57694.676678484684,58742.13606317678,59530.027534206565,60541.96465253033,60971.68184963578,60404.91453429704,60599.52408336692,61363.10365409091,63448.31042955642,64626.07320142847,65267.895796835364,65410.20186407848,66494.38237264262,67062.76191709717,67046.81687846342,66377.06868339365,65981.4503052911,67530.56485143826,67879.73729099752,68631.35298197682,67709.64213743103,68580.2388194194,68602.05896614802,68667.13951172277,68263.2376965721,67993.97631965202,68132.28880390667,68299.93504190008,68817.65955227287,69459.42713625282,69969.5211291181,70094.80320301633,69893.51250475518,70244.30451499994,70745.06455221966,71273.62378108645,71355.64028374801,71391.14539288463,71846.68626920701,72282.48003746389,73006.76899482477,72532.70324828885,72618.07085387614,72688.99559544302,73552.19717480292,73317.69858608101,73493.12215198384,73723.44173399956,74328.2148881967,74987.71922578684,75235.2376409569,75605.56585243522,75533.69710113497
394930,271,"Odessa, TX",msa,TX,,,,,,,,,,,,,,,,,,,,,,,,,,,,,,,,,,46641.25491317568,48260.66447221657,49764.81181890347,51083.95834305564,51771.33124186941,53015.12323578532,54681.86287075819,54096.89473883123,54780.60851793565,55148.94679799899,57622.27142131141,58174.78828725308,58961.124318156755,58479.73122838686,58733.501481589265,59738.16505164699,59528.52692064952,59857.591924263645,59441.330670609415,60066.58858909171,60510.26004156257,60799.92794742836,59221.91525298011,58603.06003061652,57789.01647672324,57621.286851180244,56935.46601617612,55722.09478719786,55542.02410007805,55693.69357579804,54486.905083572376,52490.30740410824,50001.087446164434,49388.69302688024,49095.873688118445,48472.48673355548,47595.0758120331,47757.30039179861,47515.286122010904,47571.18107424279,47323.69899763717,47056.56344227619,47162.825706681324,46817.59163298057,46878.86085916767,46101.67987525295,46138.32552628446,46599.55983837876,47360.13641261749,47364.483654142874,47532.66394223385,47499.039909756335,47864.57141645855,48146.27748204201,48913.962102018355,49934.26441852296,51127.76041710216,52531.41680729926,53353.52273935166,54092.378581654106,54753.891772109084,55537.106786496544,56125.34168053142,56613.151164129406,56997.74580073542,57146.48771993392,57535.48893941917,58179.72585460112,58873.920305007996,59508.334161520426,60003.00922057087,60287.137353898775,60088.728136958634,60196.812674805515,60511.552880083545,61027.19830475078,61212.30363255559,61673.165012718,61178.76411478472,60777.80897370284,60140.48521407994,60304.33249947969,61004.73366390313,61479.60233088406,61909.16614550238,62020.119286217916,62206.528433905274,62268.55989494741,62497.21028014171,62603.599822101525,63128.027422377854,63358.00509185865,63655.059184774036,63305.1600588953,62675.82951766706,62284.99320226536,62114.824490518906,61983.24731182796
394710,272,"Jackson, MI",msa,MI,,,,,,,,,,,,,,,,,22642.30356152201,22923.8677848139,22941.127757973798,23032.614873224327,23084.75574766291,23251.557712915444,23489.444819948367,23287.222862979223,23389.16786806197,23560.452944259447,25037.519991044548,25433.02026194686,25594.284484536944,24887.93892420539,25218.78092389307,25105.029557372207,25063.066674860755,24958.976439641094,25382.9805052152,25486.24495334551,25437.69304372273,25162.18349535816,24635.69666830786,24824.07501750381,25031.258752889404,25321.678488874495,25266.1487040185,25507.25607293556,25457.709356235915,25445.42450427072,25314.88813898618,25828.935051846445,26199.166061389875,26426.821187549882,26316.72528922541,26260.939632166093,26294.314403930195,26589.743530260865,26718.723601089037,26815.92072478475,27099.46862311168,27357.017674933973,27423.36048300907,27229.712565512953,27149.431635569592,27277.427331914387,27768.209461455106,27703.802345102602,27850.366237976523,28147.398679617978,29129.634113135024,29276.86908780507,29528.601200399335,29051.15114522721,29240.752616996888,29269.25575293425,29313.74263453008,29626.871646668005,29370.320050759634,29949.575063090393,30592.24821677473,31337.24383970376,31653.13383469283,32001.172323602637,32479.533811410645,32405.815491994323,32437.67426526904,32261.793454497874,32789.49014504434,32504.77424612286,33219.43996215798,33800.47666204998,34195.32287605167,34140.181411276535,33826.959403313514,34342.83556732856,34536.49743514702,35112.05988900542,35212.90138104389,35780.29256692021,36526.60820725281,37424.78935737246,37568.62879219537,37132.8633886732,36813.715660635775,37918.68780992787,38088.01222306912,37873.2060461364,36625.16712431094,37550.50554698599,38133.44518790874,38755.59171191096,38247.72605289874,38188.947461693744,38350.40106898222,38653.926973133646,39409.421001559705,,38902.81765309164,38949.4577675346,41139.147336387505,41110.703158932665,41105.81953393817,41028.72475745947,41576.12116054925,41864.317759227306,42135.71741556865,42581.104071285365,42625.22521231229,43545.92533704032,43525.78914228877,43980.85180407321,43221.83863587845,43040.843559269655,43115.0
395125,273,"State College, PA",msa,PA,,,,,,,,,,,,,,,,,,,,,,,,,,,,,,,,,,,,,,,,,,,,,,,,,,,52522.90129722782,53001.9971569296,53739.70014413017,53649.9771089891,53401.927904975324,53733.3803674459,53314.26731824371,53765.70881150244,53525.738721022935,54196.46562555081,53705.82546301901,54164.186953769255,54533.25867134513,54366.72260791088,54004.417478074225,54662.56309689455,54940.7889308527,,54173.4069150767,54550.126332527616,54964.44444096996,54686.93604918333,54733.685166368065,55096.370682684676,55942.40122839706,56344.65982716526,56757.99868820682,57082.452556011296,57381.4060162449,57778.538924241686,58802.45636553824,58801.7238415378,59176.72939932219,60080.456507549,60680.479825462186,60138.90167041518,59579.88987039418,59923.51477834309,60571.89621926525,61168.34318299316,61571.47226625367,62085.13989068066,61968.20210907582,62005.24884359683,61800.64191796154,62047.77499810286,62710.46495875008,63453.90538643699,64270.909758673515,64480.74044876664,64892.71699661489,64806.45879491196,64898.879333166165,64961.15081846535,65370.6133716716,65963.72219064584,66920.44924092275,67080.47867748397,66872.34674918572,66915.54596019114,66568.69600467193,66861.6786135258,67022.81888334526,67763.95539877642,67937.98983394269,67687.48867873807,67335.0075028746,67778.4166852394,68181.34907422171,68433.10110581324,68824.0829274335,69231.36102418098,69901.14322586195,70216.68384839833,70480.35399977797,70576.79115636098,71086.98028615722,71939.30970603254,72839.99524780369,73043.88556290882,73166.92267502613
395079,274,"Sebastian, FL",msa,FL,39126.25830896161,40100.901681110736,40720.637517478455,40968.895016686765,41330.25765410881,41388.02122355165,41708.97716244336,42224.23563003942,42472.39325533274,43154.383214418536,44190.65125044783,44726.14222705077,44694.71143323749,43888.14971149833,43984.93940171424,44473.05923980708,44880.24346415684,44981.30764536998,45266.345564713076,45747.500360434045,45871.17544611858,45445.06595626479,45993.06512391453,46503.771553050006,47551.93760188926,47820.68180948223,48772.687916037896,49081.69875756983,49031.1315381322,48827.340941145376,48841.66561647364,49333.7615511714,50227.32717374967,50691.43523361987,50712.50074809193,51299.30970496714,51756.86051102765,52401.71363006366,51464.16074979059,51210.99665803419,51544.62542783265,52155.078967562295,53098.6145903926,52506.16296069317,52517.45459787316,52214.21144378166,52988.15570854165,52772.02733043105,53108.320820960456,53005.5939306777,53852.45931298728,54432.78214658686,54737.130708472374,54965.316059471654,54764.62660265981,55446.16437319155,55549.493779887634,56233.89896733146,56054.15190441464,56404.91266731671,56275.822153629175,56602.51088570669,57714.4455012965,58332.47782858323,58417.41121493269,58191.18898553335,57976.740722329414,58982.68314273984,60141.614487368424,61315.36638487203,61346.540810668484,61240.96556666933,61975.82579055575,62605.57954881471,63985.54891690224,65111.81280065091,65918.43287232952,67704.90666703552,70100.12909688993,71429.51160433234,71746.29743104112,71068.85808622112,73465.36892861185,76004.74988952962,78561.43394531426,79110.07854580318,79613.3549477611,80280.41487783036,81028.25676766456,81938.58980871401,81382.35521461304,82338.61589442952,82434.79825235465,85034.72598453924,84929.05356534575,84037.69723960652,83385.22006804058,84145.06599327883,85013.65939453087,85258.51706634377,86307.45215233564,86062.63372430029,86589.43675484783,86255.2018064366,88287.2858861076,88363.12661940868,88954.99446667146,88580.34590108015,88337.71796951284,88142.747757608,88529.59996767575,88587.32789009424,88493.11827246667,88397.02559364036,88916.95801184255,88914.91226445559,89317.86223000953,89105.50811305526,89165.62978949073,90201.85531716925,90932.7943856106,91308.49911762464,91088.8651932363,91336.3878670911,91219.63972259505,91606.27291493598,91360.72954868355,91606.6385138515,90529.08268471801,90330.41445714759,90060.98809523809
394814,275,"Madera, CA",msa,CA,,,,,,,,,,,,,,,,,,,,,,,,,,,,,,,,,,,,,,,,,,,,,,,,,,,,,,,,,,,,,,,,,,,,,,,,,,,,,,,,,,,,,,,,,75889.57560468574,77169.25540953942,77450.22938853255,78163.10209176507,77698.49955025883,77576.6343780416,77925.87039200867,79637.11477993609,79930.321029409,81246.84608290909,80855.26621803378,82114.29233821153,80691.53627701,80721.7597428082,80109.89504568008,80497.66644807841,80974.3320146987,82141.55978684127,83375.77750451419,84659.84833284956,84670.7681369334,85817.48536311313,84715.55024948524,84613.51620975594,84555.96644503516,84988.35197748897,86219.29694339522,86238.37317334028,86129.57039909218,85322.63650350184,86041.29640569197,85222.01451867317,86182.45024395277,85730.27174394575,87213.5084775032,87159.2119186434,88265.9227647712,88540.01341510312,88683.62191636172,89173.6723049734,89987.42407582092,90902.0153646088,90574.24242424243
394523,276,"Decatur, AL",msa,AL,,,,,,,,,,,,,,,,,,,,,,,,,,,,,,,,,,,,,,,,,,,,,,,,,,,,,,,,,,,,,,,,,,,,,,,,,,,,,,,,,,,,,,,33844.056345650635,34541.77515337747,35580.8892215614,35783.11891644113,36156.694389910044,36222.75272738628,36653.58570117909,36726.60791466649,37012.97413543667,37445.81540656439,38034.62022798262,38269.222598225235,38358.36955547868,38480.67486650292,38514.40953177375,38547.26469852006,38803.59370083043,39178.77431176055,39554.004851437836,39939.562434137755,40120.83434010295,40407.09305870368,40104.21837510915,40368.065691362805,40492.086957942156,40605.565674827514,40930.168830510585,40966.26556896924,41370.99055540659,41066.75974859257,41325.68481972512,41268.54097880821,41619.63760461723,41566.90237988156,41939.32236291893,42173.08664129778,42388.903885748536,42511.311418408106,42428.44368107746,42711.345223313525,42534.15537614888,42870.35265372051,42686.889224517974,42802.9567837986,42610.22222222223
394453,277,"Chambersburg, PA",msa,PA,26381.071463564946,26609.70656923118,26671.588368422726,26895.9721200936,,27173.14980024351,27222.40971190136,27336.058604604477,27301.514626719454,27467.6063306047,27747.717625727553,27836.908759472277,28051.092738384083,27811.746113313202,27893.56401094107,27750.219173400965,27888.950288441138,28091.123873854882,28129.711208058416,28132.776145178395,28007.908270292188,28186.851408861345,28182.62939982298,28459.05985729786,28357.909956188483,28490.896480265717,28486.68836603043,28537.412593950412,28578.99772125025,28403.280967592334,28485.758956918995,28682.665907258775,28844.840471141284,28783.94850223736,28869.182343274577,28912.032144976616,29106.729607996665,29148.200568646487,29134.155684596786,29286.31400391482,29346.373129315525,29566.787319490166,29579.52182831277,29660.9583499174,29728.553419418255,29682.374373343897,29695.034821359564,29848.47282732335,30005.212208641875,30154.869705905974,30343.054376009066,30412.54028768393,30498.072076804016,30545.942726503617,30660.474426706656,30665.41965980126,30726.20136907693,30913.468168430933,31011.169463816466,30960.458342600657,30898.56036776815,30875.395493911506,31535.99392653985,31493.50161561631,31388.630375074397,31437.887645202827,31922.87972947395,32270.287978063385,32761.250901017982,33056.4674276287,33348.4332374723,33723.5282140471,33636.968185524995,33537.44397955844,34010.928141405435,35032.057787466125,36095.246276412065,36387.597440962636,35948.01524364579,36088.86999726444,36154.64093858368,36822.01809771842,37089.49829166748,37377.84072358123,37869.50550025956,38514.44577691614,38272.2006764082,38183.5395212148,38045.96948397505,38637.73917453165,39409.28645497744,39641.3888249187,39837.809294978535,39653.25934484289,40030.94959114513,40021.49375215315,40442.10405015295,40600.813822421616,40990.29783334665,41041.83983668572,41126.53509118001,41693.16060201127,41744.99494352758,42075.352672643785,42127.62204203161,42390.107119564236,42656.90085882164,42758.536729453,43150.11496372382,42866.9409968618,43072.52694190116,43148.268095251035,43706.82998406495,43680.981883456254,44146.25893231018,44593.20477584027,44787.283854653,45177.894844472794,45226.640134065216,45667.718875139784,45596.48392155973,46142.460610896625,46339.83899764456,46743.96293116388,46729.55571173505,46770.154223672565,46649.42928940395,46481.777675512545,46642.5958510044,46578.38352660143,46635.47511312217
395193,278,"Vineland, NJ",msa,NJ,,,,,,,,,,,,,,,,,,,,,,,,,,,,,,,,,,,,,,,,,,,,,,,,,,,,,,,,,,,,,,,,,,,,,,,,,,,,,,,,,,,,,,,,,,,,,,,,,,,,,,,,,,65117.72698511249,65118.09182909712,65497.120276932474,65435.88319035839,64764.196027027625,64724.69026026987,65078.48211971831,65636.28717425058,66479.69302070326,67444.48215238523,67715.14904868792,67546.30127648884,67413.17916304004,68068.49738685622,68433.36125759615,69018.50240412769,70342.70921983951,71226.449142121,71400.11258715308,71336.03333257207,70896.7166843299,70298.34714062842,69755.7826247875,69526.79767446694,69457.88510169393,68721.66666666667
394703,279,"Idaho Falls, ID",msa,ID,27035.806394289186,27162.782967794847,27291.98140458138,27496.015498178982,27312.213958154643,27277.56987744165,27248.735075423454,27216.471312337064,27556.24698884793,27868.41022723698,27626.22877079625,27710.797501222714,27653.044430306323,27920.90151996703,28070.927211370305,28132.994667367344,28420.43816692596,28578.362089974333,28876.70633294114,29234.007297991317,29152.366759779685,29209.781083018814,29157.88942678816,29339.504746344126,29435.145019115094,29871.422395011265,30003.387679661206,30250.536442443372,30244.22388569469,30499.02778577843,30599.894881709104,30782.543461380734,31229.17724285139,31365.085795689334,31811.549714328266,31778.15910944666,32285.11432615287,32243.14056163306,32469.99082246382,32408.705640858952,32466.529429659993,32538.246309305774,32632.39790783866,32890.44669438542,33254.73648988214,33624.97188590965,34008.50447677426,34197.88503545856,34316.65577580344,34149.80579038608,34341.18228219569,34715.93581800006,35099.600218801635,35364.99137107362,35667.422762072776,35785.39990194858,35769.27460301586,35897.58778815384,35906.90388071829,36270.50983978223,36440.853867797116,37049.03491800227,37061.47951254982,37340.874008382045,37321.83323444543,37684.137545933176,37900.697816561726,38575.1123633352,38950.24055697012,39780.38052274012,40373.676026261084,40669.86295294262,41055.48111027588,41847.2786171404,43051.73240063817,43622.72184152012,44312.4184338984,44845.50235183511,45821.58046454468,46611.437439047855,47779.0504440681,48465.74762168548,49040.97378134275,49544.086712910015,50094.07008307022,50231.93225304381,50236.10596777458,50942.15715737536,51310.84767734466,51682.273854788094,51403.24184102808,51478.41700368983,51316.331269190145,51250.72539099241,51307.64207582767,51521.059791252184,51426.70348784964,51589.64100087922,51630.18771651057,51584.565276357374,51785.44024981156,51761.518690839184,52150.54729593092,51973.41738432275,52132.28788686247,52050.56209256428,52003.715018079594,52162.721528635186,52515.00580068148,52754.774391866835,52838.2086865504,52767.18965658251,52753.66228215322,53037.14549991175,53072.40619637689,53442.61444172355,53500.30254370302,53793.06600195094,53685.89166359938,53654.73715970333,53594.75732780331,53558.502987338645,53701.09184680332,53875.66536062854,53941.41228625633,53887.616250586674,53929.13394503938,53919.90211106346,54013.40663720292,54035.240946531325,54314.27395979429
394639,280,"Grand Junction, CO",msa,CO,34777.99034157458,34886.00241966537,34817.73885475477,34872.082633224956,35086.61686446485,35189.17964152316,35170.457905003816,35076.50910912072,35200.463886365134,35429.951087278736,35649.235100848135,35670.57719463491,35664.83451187975,35746.0694429933,35899.36839893588,36017.278235481775,35991.999699923625,36061.45991109835,36311.33550652402,36445.11671732379,36613.50458736493,36555.12712785602,36476.777667707785,36343.752309697185,36591.52438950343,36883.24954439458,37211.32311130873,37283.23405993781,37635.97686951968,37899.17631179587,38069.76897727232,38028.361800759994,38026.2742004562,38344.31092021111,38765.29069982766,39122.212371753674,39172.17025975204,39215.62169344247,39586.609741322194,39826.70296582491,40030.67895797053,40191.05252981231,40492.717506937784,40793.84216355754,40845.67207023326,41134.57533772927,41357.20965196633,42007.23692955313,42145.92888345072,42445.013666111074,42468.68359727606,42742.917850813385,42926.97728254806,43178.34390393458,43328.77771594922,43618.457224235164,44070.34455089644,44203.4443666462,44334.11119598901,44170.60797852191,44486.830391364434,44663.290513764034,44360.89380953853,44253.01390458713,44430.26634828149,45222.62811747721,45581.903080410404,45768.22217825407,46035.58241148955,46746.859634214794,47205.80161505778,47582.44149405748,48092.514615713844,48503.41553128141,49382.791341654956,49201.95498885022,49770.96239238826,50065.31837924699,51271.8600085076,51893.336506833075,52654.0124414132,52562.31397752543,53509.212953609385,54147.88982907909,54465.478912688726,54854.169848670965,55045.41314569882,56698.93940032394,56654.35339108926,57255.21881625852,56841.8139523667,57437.53234493222,57402.074702705024,57843.73345079966,58027.422951536355,58586.34258958133,59008.98852894946,58961.92122740824,58934.51941653508,58843.32085337108,59287.25830364261,59145.669700476734,59359.68705092253,59422.79991169836,59888.15268472093,60750.3425049424,60820.67685915326,60876.61361552193,60648.44083083675,61494.99208049861,62451.07899767614,63036.571263827114,63440.44047819192,63583.46606841185,64093.20357111797,64169.17311494547,64477.45044493065,64471.270650838735,64952.74882844139,65225.4407826059,65865.21492547129,65855.69468407996,65768.80805152828,65709.88855111686,65857.45875470899,66366.18409624914,66576.66072856961,66982.82194023252,67113.52798971531,67189.38126106503,67298.14359781316
394563,281,"Elizabethtown, KY",msa,KY,,,,,,,,,,,,,,,,,,,,,,,,,,,,,,,,,,,,,,,,,,,,,,,,,,,,,,,,,,,,,,,,,,,,,,,,,,,,,,,,,,,,,42835.08612294574,43732.8420034741,43523.17365644027,43284.87716638297,43301.34259700483,43850.87568181872,44529.99224839661,45070.646333139506,46204.31551595177,46750.388028683614,46807.1721463375,47378.82217208911,47831.06848625273,48847.84406983055,49125.63003306869,49748.08887441816,50829.551018192324,51566.78058158132,51806.67044714848,52079.308919891504,52210.9318814616,52896.57704058616,53696.179364551186,54304.307891280514,54397.22315578727,54197.37259411623,54992.62327192412,55578.4738410911,55586.43765648895,54858.41942514856,55005.35844364409,55119.24301966067,55149.9677335059,54718.1553242594,55278.9888113677,55137.055072121126,55249.41792856382,55253.949264339055,55093.24820080424,54911.48584040053,54847.603824419275,55336.345029858305,55338.65384209037,55363.77476725825,55331.61687019672,55471.63106937061,54870.077294685994
394917,282,"Niles, MI",msa,MI,,,,,,,,,,,,,,,,,,,,,,,,,,,,,,,,,,,,,,,,,38442.502217388384,,37829.72739081077,37496.407521081106,37807.98777166195,38389.962328229114,38330.47089469382,38891.13905796009,38814.8854042364,39078.62981427933,39100.594810089635,38958.29210512898,39141.4729040771,39080.03999026648,39553.122044038886,39334.704486269344,39402.222292548744,39300.520446774295,39731.740716392625,39600.841034564735,40018.583575776414,40157.2645374506,41058.093747365514,41006.057804849785,40633.09494947059,40398.41078610262,40320.72605409575,40683.168112195155,40934.38835138283,41298.21344926588,41730.282167573845,41881.933985357966,42017.70090054388,41831.429917194866,,43149.509928542495,43806.38633961031,43721.93669353184,43985.66698068947,44239.82467457873,45207.1869068357,45539.00559620915,45475.4086978251,45818.96492918268,45852.256101120074,46108.12025737739,46274.406363742884,46646.99093970829,47459.155838546954,48535.712631747185,49368.779211583096,50080.61976018875,49563.63215162924,49761.76005043446,49927.21718126317,50190.54214170363,50600.04286998446,51523.60768119823,51316.76656855211,51372.20276710188,51663.84198068475,52117.931034462905,52236.06390474237,51760.30369846236,52053.76976627751,52863.56669662268,53403.90435446394,53075.12617857565,52626.80420539947,52842.020188583585,53392.61328062023,54305.453862929004,54093.16781462717,54067.667584777,54152.70777334148,54262.793514105484,55008.73641186229,54787.56328496219,54984.32834050967,55679.480973956444,56471.48210558334,56425.893507711204,56679.64364202252,56478.13738349476,56943.78566956526,57156.81384800467,57508.11063149669,58180.77239077338,58200.1784473145,58589.733379367564,58803.240740740745
394873,283,"Monroe, MI",msa,MI,,,,,,,,,,,,,,,,,,,,,,,,,,,,,,,,,,,,,,,,,,,,,,,,,,,,,,,,,,,,,,,,,,,,,,,,,,,,,,,37009.211355858264,37872.229376269366,38382.29358840948,39075.18378512235,39793.0800200414,39874.68122998049,40498.345823846015,41378.34855831934,41765.46556210078,41546.03601181237,42010.42838927042,41761.69690228287,41991.50400385518,41844.819709890675,41732.443485083844,41619.34173609145,41358.28463176629,41442.444711563105,40907.68917847422,41129.67094367342,41282.488858632896,42179.510826605096,41794.10009995543,41852.227952140944,42008.04984576158,42666.659081002384,42946.91212362438,43074.38680893166,43151.08118318042,43452.99854633345,44416.03326815417,44515.99916334236,44661.76416571447,44038.711693660385,44060.251719619286,44815.43003665871,45087.225429066486,45343.0129277992,45009.13784119075,45584.508021368456,45354.27349043039,45409.98361945839,45144.935315500494,45126.89318078097,45177.29951626642,45518.4797337298,45869.88753178593,45529.48906475958,45440.474727052235,45163.56685061169,45508.74051922589,45226.344205202426,45594.28571428572
395066,284,"Santa Fe, NM",msa,NM,,,,,,,,,,,,,,42807.91076361521,42681.93817303103,41454.969727049924,41030.657864674286,40580.7938096229,42536.33379280253,42703.997352341736,43885.450068398015,43975.17120790925,44832.5043226352,44502.34819055906,45422.537845749204,45220.341522239156,46847.40652054588,46626.3578529728,47029.03965040263,46791.31017283786,46850.391912901374,46901.78510070828,47636.42583627757,48031.107155093865,48659.216660724196,48204.96637434658,47799.64704177495,48186.76876932786,48927.181667453806,49954.158066789496,50353.303831228935,50683.0376423758,50577.343858735294,50869.07101806911,50680.14504756627,51258.562478307336,51849.520846418236,53169.047430430255,53643.75658078625,53613.48983093969,53075.406119988285,53531.20906809172,53992.228186867454,54834.62096825589,55355.43366936492,56000.82411783563,56453.08411504694,56724.070235516585,56694.58437704496,56952.58416246935,57609.582507057894,58516.62730152227,57779.838181421466,57073.47781920845,56673.82914244346,56570.38730823211,56246.53047824351,56466.095975527525,55933.19711398307,57257.426928182445,58003.18021064831,59022.082825516045,59073.72692283699,59205.95008747924,59665.64518124183,60129.83415464699,60910.59084226339,61890.9348518281,63814.66788992758,65267.78414016391,66720.80518441342,66477.91387888076,67479.8206574506,67876.48926283061,68860.40046018084,69259.09363906708,70106.86984377788,71265.60527283835,71470.00753634433,71835.689684499,71496.61006977063,71919.66920354268,72137.8731654991,72842.45637669085,72998.09938541123,73870.93256161347,74376.47323016029,74741.04048926664,75122.38105649073,76229.45138221886,77544.57764189597,78082.70983770787,77594.52814635892,77204.13700361474,77125.99050692571,77890.39085210166,78332.21129095345,78451.8114632603,78124.99936862149,78642.74952334321,79019.50049026104,78646.68603991918,78555.36949228353,78990.73584663765,80457.58956864322,80408.89937434098,80498.92627545784,79624.24043591428,80209.77030210545,80209.40695561562,80606.72454242223,80522.88540348136,80395.53446269978,80379.02141239641,80215.12735849041,79952.89320174884,79473.44889028171,79910.53065218465,80091.05934852968,80503.13369048042,80008.23076923078
394314,286,"Alexandria, LA",msa,LA,,,,,,,,,,,,,,,,,,,,,,,,,,,,,,,,,,,,,,,,,,,,,,,,,,,,,,,,,,,,,,,,,,,,,,,,,,,,,,,,,,,,,,,,,,,,,,,,,,,,,34716.235677796176,35057.024416896136,35141.8021055569,35518.17503019106,35524.71670914681,35374.116040286055,35164.17019131568,35537.83997002319,35687.19568531507,35669.972373445926,35859.43304309115,35481.01477381571,36033.56995436792,35677.32609676836,36372.941000585895,36142.73448913572,36547.09187856259,36345.31758345047,36650.66891254002,36505.45094455528,36553.934224376346,37162.856493074585,37534.51128453903,37940.98040004784,37667.81428568878,37966.332978386374,37756.32711884882,38125.338310594336,38187.989681192594,38721.98187508268,38862.53968253968
395163,287,"Traverse City, MI",msa,MI,,,,,,,,,,,,,,,,,,,,,,,,,,,,,,,,,,,,,,,,,,,,,,,,,,,,,,,,,,,,,,,,,,,,,,,,,,,,,,,,,,,,,,,,59712.405592699375,59843.282168315665,60457.82984325642,60254.037292029476,59940.912113848535,61641.12275300121,62238.86163057697,63447.512371701814,63717.60613061789,62422.849293176456,62239.38942397362,62372.31000645051,65381.71941846985,66735.91456289445,67450.25849700504,66965.15920278916,67536.65279830914,67256.38151167677,67792.4132226264,67394.01215452918,68318.63629537028,69609.4375370497,71178.48218625649,71104.2160308544,70076.50485102944,69149.26557954398,69069.5576204259,69261.19775352255,69316.80580754891,70093.92738945817,70741.39692810236,70957.03798092643,70596.67036223435,70643.89129774622,70091.98168627855,70899.06728320249,71105.30032458167,72026.54224638519,72515.64841900919,73574.92428579426,74290.60520351892,74504.0910797258,74647.75063244475,75499.51690821256
394359,288,"Bangor, ME",msa,ME,,,,,,,,,,,,,,,,,,,,,,,,,,,,,,,,,,,,36549.21157693253,37128.41446615933,37558.10443774982,37850.2063325604,37962.55752809616,37823.821858857584,37814.57400049627,37771.68632985524,38061.599483030834,37963.76176434705,37911.499753670825,37858.08493018776,38013.98773836683,38092.82433970572,38360.76259684446,38207.79939621771,38466.87668740312,38659.31177081468,38926.515447094695,39114.79048763001,39342.60783630629,39763.8593351544,40037.867834403456,40456.216045877074,40776.43262731682,40929.26511373596,40899.06562337695,40422.931134699276,40717.301311152456,40835.08072298278,41158.86561783165,41492.99957051777,41634.583921545556,41982.33753657287,42465.01434584979,42750.058065592806,43086.805036825484,42934.925811865105,43580.81724318511,44141.74711829033,44572.19793894739,44892.931913426684,45256.62500290047,46209.27588884153,47005.22090042515,47390.04965339328,47252.15223143549,47632.43463935065,48193.46066889831,49073.86977613105,48863.54252755043,49161.863472694844,49352.04420727588,50588.47393610449,50880.10849705621,51125.76251667893,51025.85570710401,51802.48374588182,52399.725315996824,52756.6022980603,52146.82281808978,52145.12885298641,52551.2259221112,52923.99434176668,53414.73606862768,53480.1879376445,54474.357710149816,54357.32880172145,54443.543851907,53658.12869091933,54135.57338539295,54366.62672987123,55389.640714558154,56006.29772558708,56713.4695299072,56888.898052417964,56481.88843824671,55951.44290389185,55642.291566912536,56301.46033087832,57154.310596887255,57618.41383963363,57715.728875367815,57807.28437589239,57803.55970104703,57758.170519939646,57644.893392030695,57848.944822778554,58470.031124292946,59183.97178620003,59467.15658391076,59531.95038655083,59414.36769345329,59865.5668530211,60017.260970689706,60341.32925897632
394685,289,"Homosassa Springs, FL",msa,FL,,,,,,,,,,,,,,,,33547.77109828595,,34694.835686974875,34859.491861579074,34905.56888004998,35215.51851826614,35861.240692482126,36576.62657533197,36773.0045808008,36775.49012948746,36892.231134271344,37641.56235937826,37969.70855643252,38351.75897771985,38349.60104755582,38963.16390639885,39348.410509974135,39844.55481382777,39932.46487238507,39676.28821028483,39825.27161758385,40268.75853733084,40872.083679057425,41103.845898052736,41162.31712392256,41374.16894480967,41362.615300778016,41125.667788512415,41036.965740771295,41286.779976043494,41708.413050351846,41727.95810141407,41592.09091300773,41408.76033449531,41801.680650369555,41838.80510782963,42153.9150602684,42171.80455249578,42553.96762871434,42896.81472589502,43268.07948671465,43278.30771547704,43284.31299670854,43795.74603199816,44349.33467683135,44861.05443447234,44831.478125560316,44575.077095425404,44712.08185387298,44168.670621267374,44308.1172461107,44768.13189302211,45375.654598851965,45938.64949696893,46450.72864492322,47071.21179869298,47229.742972844484,48600.69128207549,49120.741241599375,50081.78786754672,50575.11861980874,51667.20396180527,52091.62285116095,52245.04230217842,53196.89442175851,54077.12886987169,55225.23048820188,56086.59079158544,57258.246218055094,57536.1688497075,57559.701549688645,57848.96817631253,58545.20190508857,59389.530306329376,60410.45635732181,61125.78011902014,61336.19991125466,61068.348756063126,60650.91482043912,60313.88487829648,60761.885053400816,61238.8761888236,62347.147967747325,62287.42524527719,62325.464748318875,62502.96948787782,62828.05376392889,63097.959637882064,63176.48036511831,63789.1152589864,64271.506390469054,64918.319883362,64243.14631951636,64249.426190978,63750.99308881965,64189.27599850208,64588.02718124395,64574.91494494806,64648.15304843154,64762.14996900434,64829.3315835261,65010.621072829505,65206.305289101016,65078.02032700256,65656.3721125882,65832.2179397211,66132.23978981058,66191.74503143512,66136.56162450071,66255.73756710239,66206.693076953,66210.48934677156,66406.4938664664,66334.22622891475,66315.74999071362,66432.5925925926
394662,290,"Hanford, CA",msa,CA,,,,,,,,,,,,,,,,,,,,,,,,,,,,,,,,,,,,,,,,,,,,,,,,,,,,,,,,,,,,,,,,,,,,,,,,,,,,,,,,,,,,,,,,,57060.880698309425,57819.412982725444,58596.68584881348,59393.09735638194,60211.64739215291,60493.51193767017,61195.100721280505,60858.40980889795,61819.10930579948,61614.11805409183,61992.31082917503,62073.03244725362,62449.40247781945,62869.02936579267,62598.01064135999,62913.104754630214,62930.489352506425,63199.52245181914,63394.07216355599,63187.40266743781,63384.897950390325,63270.956213138685,63891.44634497344,64696.65785415236,65026.00229131594,65805.93994253779,65673.25503603269,66252.29333284845,65863.76064132646,66069.53464326909,65693.82881203305,66442.19707231015,66379.95361002265,67023.08347730231,67027.36599625465,67078.33602223395,67389.3144930249,67159.04017274608,67965.65081141752,67973.6314163104,68884.59681022134,69351.96479635847,70279.01298701299
394723,291,"Jefferson City, MO",msa,MO,,,,,,,,,,,,,,,,,,,,,,,,,,,,,,,,,,,,,,,,,,,,,,,,,,,,,,,,,,,,,,,,,,,,,,,,,,,,,,,,,,,,,,,,,,,,,,,,,,,32749.94756843056,,32505.85161494796,32137.292664666707,32922.81399168106,32902.248536087434,32682.90434395405,33207.14875696097,33461.568018250786,33999.04439072106,34120.27778436817,34415.02177638287,34359.448088235455,34691.94627118293,35246.555348951646,35782.22382318803,36436.29406396888,36630.0161588925,36900.46826260472,36612.891573758636,37014.07221717232,37210.204341841076,37532.26131196473,37553.10658277157,37656.723798519975,38091.0061526889,38133.80320948176,38400.993238797775,38213.30756767163,38656.37761385265,39157.288879062064,39667.795139249516,39891.15384615385
394598,292,"Florence, AL",msa,AL,,,,,,,,,,,,,,,,,,,,,,,,,,,,,,,,,,,,,,,,,,,,,,,,,,,,,,,,,,,,,,,,,,,,,,,,29570.368552178832,30000.828049795215,30990.969590627028,30744.982744688168,30922.58555719796,30969.86183471278,31989.330706956203,32600.577035352588,33230.75088159902,32875.37043266593,33725.96878574748,34323.60447620203,34981.71229861456,34754.19335371929,35030.731832805934,35286.91620877714,36147.89578356045,36213.45111032686,36762.60115707971,36671.80569127987,36744.623764004165,37580.65667683611,37515.96376559961,38224.62777592998,37998.36559036834,38824.407759783564,38981.554683453825,39172.298591750856,39296.64808325168,40017.61061123686,40386.6542424192,40443.06532132031,40540.207460178055,40635.50967135717,41042.121119442956,40398.63385970548,40764.36717937039,41001.52979035686,41548.421618922825,41860.00228966141,41780.759483660724,42064.22348203729,42136.32118945486,42499.326310175675,42927.70853236997,43273.28019688004,43335.55969686584,44260.98166883277,44581.83997527209,44618.70182911823,44591.607027797494,44758.85064441524,45083.88370171221,44959.91738197672,45014.29092784274,45123.582727307854,45085.63820152258,44921.23642662415,44932.98000451973,44585.05050505051
394537,293,"Dothan, AL",msa,AL,,,,,,,,,,,,,,,,,,,,,,,,,,,,,,,,,,,,,,,,,,,,,,,,,,,,,,,,,,,,,,,,,,,,,,,,,,,,,,,,,,,,,,,,,,,,,,,,42920.08253261085,43207.98644278405,43327.737237767935,43811.04305308467,,42712.346645967955,42425.0164436771,42739.92400329628,43042.80113407887,44032.88313319343,44585.37492698104,45151.5649593257,44901.37086347518,44805.381602361216,44553.37226842136,44843.06504426795,44986.44767588184,46072.9407300618,45418.7007623789,45230.184583872964,45565.63364809207,46322.27904574469,46680.78683660664,46771.058753480516,47018.00520314777,47241.47587521272,47298.32710714065,47133.83806477551,47555.92167095023,47634.795965494464,48677.325007368505,48911.99561071806,48764.02830641525,47993.205002305105,47578.752954531265,47248.66666666667
394306,295,"Albany, GA",msa,GA,,,,,,,,,,,,,,,,,,,,,,,,,23669.579423893407,23581.658727151014,23512.28509876492,23672.974369823023,23695.474482434154,23768.442667004256,23738.56142850006,23792.94279129249,23615.221993528638,23456.482506576802,23435.013047915065,23798.891522687514,24008.362194899888,24035.59431330195,23947.31116618335,23987.229022880994,24037.09871212611,24166.545210796718,24285.430348976253,24472.158107870055,24568.51389301877,24822.159262690482,24759.497322160376,24728.29488357447,24746.250192028012,24950.89050610884,25244.280170834154,25282.70358616376,25379.517146243663,25401.730177879865,25546.70758482585,25602.9288039749,25811.815003847874,25873.558248956862,26065.64346584509,26056.39934699833,26106.669519002055,26138.195674739392,26673.257264406293,26885.613532145042,27099.50661074577,27294.41960839203,27421.61513968057,27829.928307236758,28313.831398535527,28625.14283559172,28446.166762733872,28251.122197917455,28446.838306646074,28952.17732722968,29523.627310877033,29932.53581101042,30314.365644048827,30641.948829634246,31104.960121126267,31451.41711958387,31280.52772519406,31661.005316459792,32052.980009535884,33087.35878995112,33270.749973200924,33581.65901679901,33484.73443321074,33801.2835448181,34098.64719836354,34482.25762972521,34637.07125158604,34669.88489661945,34985.18522402516,35052.26866675231,35063.58001796586,34861.801399868884,34949.31530132648,35055.459694524005,35409.74156846332,35543.49356537846,35559.1497038849,35600.33988200177,35557.0267281584,35840.860425450126,36141.37545236335,36563.317400887725,37147.459927446616,37391.52248305075,37724.232990107455,37406.28500676701,37472.88726936659,37354.94869919593,37500.514676057406,37536.51488547074,37682.018746722904,38108.4397543071,38361.12382728013,38374.1020078581,37806.002436862545,37866.06491617688,37882.40554801908,38336.722121799554,38458.78017653629,38746.12273057677,38887.96908089568,39078.67228029191,39266.933229449525,39101.6711171103,39026.41471221145,39118.92591985786,39592.22222222222
395102,297,"Sioux City, IA",msa,IA,,,,,,,,,,,,,,,,,,,,,,,,,,,,,,,,,,,,,,,,,,,,,,,,,,,,,,,,,,,,,,,,,,,,,,,,,,,,,,,,,,,,,,,,,,,,,,,,39681.86956796085,39198.621244823786,39175.12153352005,40060.500104812854,40540.231371076465,41710.835114053225,41953.608590229924,42322.31647193062,42313.671498977455,42752.24805373144,42310.404913932056,41761.176172776446,41856.37658885882,42520.396738574804,42975.80543629645,42762.83497446422,42778.0312991773,42604.95295503558,42949.216452167784,43679.74052741701,43968.39748884349,44509.141276576986,44237.3172072952,44845.65752292316,45242.13432799888,45388.27071579426,45481.091334439145,45686.625159764786,45817.96196388386,45863.924077017065,45954.51352380396,45756.4325907107,46010.86202622533,45873.2809808797,46604.816003540705,46778.63247863249
395223,298,"Wichita Falls, TX",msa,TX,26396.588806119373,26281.591974950294,26537.8502543224,26559.463684457358,26824.741454531482,26810.632944597844,27051.25915256141,26998.934174327904,27179.03632697671,26946.40640568837,26568.745585024535,26467.628239745387,26591.989941599797,26853.509610441408,26977.030642992755,27043.992376339746,27155.83896966159,27306.31505136987,27297.56841920598,27598.421921129175,27694.354689092375,27863.219243019837,27694.926037593374,27798.110882847664,27938.61570813367,28319.080234002402,28279.786475802746,28287.79310728201,28175.771381731436,28055.93730634352,28153.125955781543,28256.648652661886,28372.99508874078,28705.74479928099,29079.255165344293,29374.037401144957,29347.822237556,29117.783194655673,29242.68068359664,29216.012789801924,29177.456229572916,29184.21441847078,29279.11190524005,29531.959269741925,29757.020283935868,29996.88605839802,30206.24471338119,30231.51558375664,30126.38507141758,30129.678334746903,30279.342446662795,30543.94262801024,30865.577472325618,31164.280003756445,31314.911300037336,31287.777783632187,31322.55065086795,31246.66207442854,31268.523467846233,31427.66528743492,31848.420054547165,32244.829731374994,32342.733538183526,32482.983180935335,32611.05862190354,32594.01952913156,32828.875290232674,33051.816037810655,33507.727040631515,33594.12261760469,34242.088172739524,34538.04360644058,35266.958427831756,35155.920544965295,35242.215620374875,35330.30217000413,35682.03810228583,36688.20885443768,36989.20705458962,37369.14792509623,37480.89086344227,38077.221875582705,38342.93060066927,38460.88553038835,38827.09483590944,39547.16304874253,39996.39248224944,40362.02684660331,40843.47320436588,41222.304504641084,41371.692586303856,41763.047927989675,42057.45408443682,42314.33290360087,42076.78097167179,42021.1014945552,41931.665351385345,42256.91712153409,42697.75156404705,43298.61727077505,43028.25021798729,43031.29193270077,43324.10203597541,43518.88626099664,43769.33517375259,43958.138058958604,44295.896336445185,44567.67220112311,44359.003505032975,44574.57961681334,44518.48550087361,44383.873013947334,44489.70828624735,44778.18096408681,45151.59367703773,45497.41862126562,45400.54564853946,45237.98039460875,45415.354568388124,45641.25630139562,46169.036212556595,46098.656651303056,46223.682226162884,46339.88878086988,46662.55962728199,46703.244561077205,46599.18593866109,46511.06886525009,46760.900810192485,47078.02465804565,47165.753597275434
395152,299,"Texarkana, TX",msa,TX,,,,,,,,,,,,,,,,,,,,,,,,,,,,,,,,,,,,,,,,,,,,,,,,,,,,,,,,,,,,,,,,,,,,,,,,,,,,,,,,,,,38948.081837998194,39157.452069913044,40789.41712693638,40513.59795680608,41104.489518650356,41613.21625928667,42067.793310107976,42644.94988534275,42371.71764925692,42785.03420190614,43222.360629915216,43495.77840874412,43360.545793669204,43351.874829956396,43529.497140821986,43932.61396132246,44040.436934601894,44829.437572695446,45080.53476948789,45151.43419585444,44812.73686392424,45105.943063989056,45417.62899515276,47065.91821501215,47111.83614021161,47811.256918652274,47040.438922604255,47239.8472163388,46902.60066597891,47076.80089399639,47428.88043540381,48034.05803415248,48402.98531327702,48336.81685790517,48095.334681019434,48244.94229925198,48273.83080437335,48258.96068780592,48963.1061515427,49212.67265050432,49843.596980285685,49761.48994359114,49822.251745965536,49724.62787893677,50188.53072222537,50533.71639308027,51035.84223595102,50632.35490443092,51195.396825396834
395182,300,"Valdosta, GA",msa,GA,,,,,,,,,,,,,,,,,,,,,,,,,,,,,,,,,,,,,,,,,,,,,,,,,,,,,,,,,,,,,,,,35581.926899012346,35647.499280977485,35932.11041840857,35853.88621238285,36307.857201391045,36654.91663362265,37257.62083748963,36930.95407897773,36988.91315996587,37079.90599357653,37566.68814474424,37636.69290227715,37496.96312286654,37839.8334246305,38109.39337614916,38883.75119694111,39838.35041116704,40951.80574058529,41930.35993659598,42961.60807922452,43503.41363765774,43864.308145428826,44166.19590823287,44826.35054580251,45629.18530451943,45965.50481395156,46435.48830983043,46627.682313188,46738.24549946295,46219.740971232735,45401.455194784285,45354.90962790655,45818.75269900703,45841.82973755184,45901.93676428182,46327.292336080456,46812.91495630405,47169.71758000052,46987.51329071382,47357.4767298611,47227.63982145249,47801.148320799686,48316.54616298892,48588.94925230152,48396.02374818677,48720.025143137886,49035.46850699508,49177.92878204714,49093.06958739648,49247.706230056116,49717.47462990466,49927.519884240515,50230.60462667515,50253.58639678018,50650.266212650604,51018.47444626695,51461.551283372624,51763.59912480093,52054.35642650838,52230.84935662059,52542.26910128153,52818.25260905071,53103.21627365161,53356.90692079671,53819.63704498193,54271.7200252258,54532.96623611306,54772.13199851687
394800,301,"Logan, UT",msa,UT,,,,,,,,,,,,,,,,,,,,,,,,,,,,,,,,,,,,,,,,,,,,,,,,,,,,,,,,,,,,,,,,,,,,,,,,,,,,,,,,,,,,,,49053.078762437064,49472.192555111615,50521.867088946274,53965.79577078132,54375.257623000274,54910.284860439715,54966.22540437947,55119.9335899969,54768.03067554681,55433.50411651546,57278.20640897469,58273.52405784127,57114.362332989214,56057.86406391589,55314.02852039183,55689.36252305462,55575.11067948036,55825.293177528816,56333.06820942191,56249.545110493615,56154.565504614104,56188.97341432853,56633.15430751419,56632.361041738615,57512.46190171983,57759.77910120997,57828.88888710518,56940.654518304975,57088.385393908684,57013.82811263116,57446.41670560307,57846.684021709116,58435.74925031278,58260.55919996161,57435.54237987849,57439.14382308477,57882.33399050579,58482.291821190025,58914.0450193948,59105.97233585662,59276.21028208162,59415.182710834706,59136.31706665501,59108.80248431771,59026.19849429653,59242.09150326798
394595,302,"Flagstaff, AZ",msa,AZ,,,,,,,,,,,,,,,,,,,,,,,,,,,,,,,,,,,,,,52359.386418976996,53625.645221726845,55006.14340278763,54606.82695901061,54671.018529369205,55361.74082284127,55602.44266649528,55645.7521596058,55567.65607499019,56036.88654633038,56176.8483668039,56263.0027268883,56119.816787848715,56106.71107101376,55599.67372311631,56099.80253830534,55875.098586793116,55876.3907879695,56170.41998115179,56554.45772581444,57019.7981417224,57539.75681172476,58243.36737193129,59101.36718822817,58967.873865522066,58192.715414804676,58077.13271885755,58368.32813556498,59112.58170926449,59876.4303143655,60154.96258857918,60125.95935631592,60585.73048745833,60335.41717597276,61052.72941120413,61527.76061971213,62794.474634068916,63672.530479046654,64410.48017919165,65021.36024327097,65874.99441041664,66396.85962971691,67342.24185692,68952.55046072189,70957.89019922794,72949.32944825875,74323.92635482861,76079.93664116485,76417.80031052373,76415.91004534929,76394.54374512269,76797.1888517486,76999.70524238094,77450.62755512127,78163.73474404313,79594.74116260337,79852.89294688165,80102.95298602301,78791.98766143694,78256.04748829095,78435.21733960121,79545.31126024059,80385.44534291969,80550.34430392264,81062.22634134216,81703.5649088163,82362.30816026434,81736.74166554636,81059.1056897681,81336.77194881794,81569.24561360772,81736.66048169186,81660.56651591923,82227.82684469079,82915.6949058756,82973.1030427218,82969.88346862319,82441.22123152758,82023.94439462337,82147.03983977756,82426.92472004142,82875.19918138866,83608.82073881658,83934.01235514261,84335.4315943866,83829.34006421309,83359.51306687943,83600.79890796024,83751.07609897129,84190.20823282916,84464.36860822115,84757.21358281068,85169.20805687034,84968.31649831652
395036,303,"Rocky Mount, NC",msa,NC,,,,,,,,,,,,,,,,,,,,,,,,,,,,,,,,,,,,,,,,,,,,,,,,,,,,,,,,,,,,,,,,,,,,,,,,,,,,,,,,,,,,,,35648.51706568027,36053.01001610334,36887.87669501456,36713.90764343794,37131.211404203306,37887.92853496171,38835.08519567976,39004.74721853877,39314.354020798884,39367.45829571668,,40652.79141015905,40955.66377047922,40802.34992463966,41269.83566883071,41683.261754612104,41706.58639091365,41400.87709596296,41362.56629297188,41410.76488390781,42123.47898142127,42557.47804794175,42096.142357170465,42410.05404418818,42795.02327570415,43552.9422806187,43174.56847282416,43200.40545718839,43374.35327965517,44309.38857391136,44588.853430377225,45116.73166989256,44982.99402835494,44801.22238756827,45130.77163190357,45397.8029104158,45401.34225366601,45398.21396637178,45855.345392385665,46245.448359240494,46530.8946245976,46302.10934648723,46424.91033191184,46481.95216183057,46677.22537952475,47081.693061840124
394515,305,"Dalton, GA",msa,GA,,,,,,,,,,,,,,,,,,,,,,,,,,,,,,,,,,,,,,,,,,,,,,,,,,,,,,,,,,,,,,,,,,,,,,,,,,,,,,,,,,,,,,,,,,,,,,,,,,,,,,,,,,,57843.3752246587,56772.64011005328,57487.70154378193,57511.01568131844,58431.3994724296,58682.689217684994,58239.48794097894,58767.54184614448,59088.25289834463,59628.61623786933,59696.71360796444,60623.30483684592,59751.86463141566,60342.28822246894,59474.32286021814,60240.44238560658,60008.03655177511,60195.71618193215,60493.372039402966,60460.015838664054,60719.51811487855,61353.84921844153,61222.260309028454,60983.9756987618,60245.427350427344
394783,306,"Lebanon, PA",msa,PA,,,,,,,,,,,,,,,,,,,,,,,,,,,,,,,,,,,,,,,,,,,,,,,,,,,,,,,,,,,,,,,,,,,,,,,,,38023.23365281004,38579.244611869704,38625.30364035071,38923.95579091213,39551.37116259525,39641.54816512723,40167.30878288497,40593.55033880534,41562.09218903976,42363.100347270774,43148.760730188464,42925.61530033919,42952.536532335616,42702.15439978598,43219.26709030005,43972.29329433582,44917.220209315055,45390.02161179594,45320.740291615344,45433.542288865494,45412.33554814856,45284.35599319426,45498.07531990145,45926.267524410265,46972.886777136584,47272.72319759735,47961.15981982493,47976.67688627398,47426.56074885027,47552.4400812822,48213.64205466334,48723.18790975113,48591.65993869605,48148.4988154668,48475.37174349515,49080.94058532398,49640.73168194471,50311.33598678206,50075.17233227782,50484.78238618619,50805.33872271042,50679.96679995167,50095.277282102084,49972.63396517244,50885.69434513559,52148.372456499455,52551.86517694383,52520.591941746374,52161.00097294889,52155.314542567394,52488.52977059978,52580.290440437486,52962.240887791624,53455.34498060634,54116.78462569369,54425.301484647476,54196.002534801395,53858.04181586011,53710.22222222222
394880,307,"Morristown, TN",msa,TN,,,,,,,,,,,,,,,,,,,,,,,,,,,,,,,,,,,,,,,,,,,,,,,,,,,,,,,,,,,,,,,,,,,,,,,,,,,,,,,,,,,,,,,,,,,,,,,51095.7048195922,50839.915893921345,51297.42985223626,52184.08703588284,53897.477234127786,53866.68825091317,53333.67914400688,52721.87720859281,52626.940084796544,53859.44295001316,54168.20700377107,55153.599143775165,55266.22583384495,56762.871434217355,57524.68926115001,58047.86677973246,56998.991280109876,56958.17825831603,56852.66931905507,58150.40619910501,58170.828073230325,58827.435367047125,58493.02409369724,58273.61444955458,58385.70730724421,57692.56996746071,57619.82331404327,57676.50480184047,58434.3100693824,59071.266150586125,59802.85033137637,59737.19173205311,60389.133051265744,59691.234864929174,60309.806986407304,60574.98410767539,61166.66666666667
395232,308,"Winchester, VA",msa,VA,40232.83088353732,40414.42185106286,40499.1713225821,40365.15185876531,40054.25252431425,40050.862388633555,40147.014732102776,40706.63925224417,40478.088621576746,40321.43799861154,40267.86503546754,40844.56390727452,40825.45774940277,40611.049595644865,40403.129120873156,40688.40617015586,41085.71508317336,41353.52672733981,41555.4778229104,41529.44560922735,41503.89754403388,41643.836880588344,41636.85951166901,41406.520828429995,41411.0521149224,41627.037455056554,41860.81776301053,41825.704232352124,42092.959487641,42373.25780614385,42656.32176871555,42838.940444386164,43017.172859162194,43124.83619784462,43198.00121744831,43415.83972504104,43932.28929364683,44183.6823436825,44458.87806567747,44355.31514953662,44233.76987893363,44147.11214332477,44269.60255354967,44268.76609391241,44394.54930369506,44539.112204808065,44833.480168939765,45255.155841276464,45263.65270636421,45151.839946561726,45216.38172903615,45605.657503048875,45844.1728092801,46073.20217792998,46155.03824804449,46419.89878642991,46610.82745633894,46787.566815208884,46894.593704487415,46865.535474793534,46982.394720752614,47288.69347554998,47363.04039784433,47976.998877351485,48063.938016709835,48241.076429629444,48523.0373911316,48876.35991733917,49139.47955977652,49660.069572860615,49515.29740071903,50095.92666118948,50522.660707103736,51201.38478183289,51537.40461194171,51072.262254214416,51841.651397870846,52548.92223401307,53769.142801363596,54204.70667093303,55279.01674975612,56077.2754087611,56650.28105390953,56912.23922409477,57157.436667794354,57602.20758043291,58133.95937439217,59137.16873797149,59549.88636723679,59836.114000990434,59732.307151623245,59828.10832154535,60028.06293200072,60449.50266768956,61058.21271110111,61324.86811121887,61829.64309812296,62070.332256010566,62260.44401789688,62254.91832155115,62399.07832859835,62798.015192717045,62852.7610915723,63327.34446554092,63048.75982680949,63139.06454116961,63564.5675086037,63645.77543606792,64565.68158053742,64409.543706823126,65489.44638848927,65790.64634098609,66657.61919494129,66751.98835434881,66979.91379828821,66857.93662959234,67217.19627690397,67754.9269239613,67952.85421824802,68431.2358288631,68128.28966790784,68771.22207376949,68446.04581831147,68765.43754784658,68654.03380883824,69041.48195453109,69565.06619115526,70119.0336654532,70633.79612070437,70776.01337730745,70969.0977443609
395221,309,"Wheeling, WV",msa,OH,,,,,,,,,,,,,,,,,,,,,,,,,,,,,,,,,,,,,,,,,29120.752148162162,28454.991277261215,28611.326349538573,28886.73986169684,29174.756423597515,29605.33460108144,30200.56056854588,30405.6488422318,29968.9164750738,29806.480501211332,29511.82528484126,29216.536686378866,29427.985970785372,29470.882886751733,29561.274087031114,29497.689181288788,29381.454626534593,29484.443381264642,29562.14549701849,29986.13489419109,30055.143045976507,29935.466823700626,29417.56117500269,29184.27171391382,29350.966259051755,29230.66855930996,29274.424270042815,29332.77693692382,29374.667876124266,29396.62374384192,29025.644425094102,28911.321847163996,28988.137397649796,29613.614456193005,29787.873074164734,30110.970660232902,29621.202115052325,29655.538749851174,29351.239755166767,29838.81710529238,29872.619886272438,30071.581757618187,30310.15457417503,30486.166918508177,30406.126542296388,29868.84196167967,29986.699259211226,30230.918718111923,30518.221367376897,30485.32970771388,30711.311093089713,30740.771752160454,31018.455723031417,31208.12493487886,31476.525863069426,31833.89812313029,32226.23728015824,32181.345482170153,32179.8704189251,31997.546381221742,32535.42704126155,32405.39172879823,32506.714978097112,32177.017390958525,32401.338774678043,32303.79224370591,32701.57606238069,32905.521180960495,33310.012441920255,33448.02375350275,33124.542843790165,33287.57896670047,33217.974953869576,33839.85606652025,33933.86498978549,34137.465558413896,33480.71491838562,34064.78891745157,34217.20845919527,34138.75687696665,33946.88679541082,34258.12497264297,34780.22130505921,34985.533292316824,35022.15950650792,34898.44271670723,35026.73137652481,35304.724423148866,35930.27307316449,35764.201835513464,35676.42857142858
394879,310,"Morgantown, WV",msa,WV,,,,,,,,,,,,,,,,,,,39902.21883167282,39425.065599058624,39929.832476996475,40121.01815660369,40795.23006941018,41946.90176617887,42267.87131566401,42180.49734103684,41423.239316932864,41285.42123105784,41439.757865262785,41440.22222564765,41694.48708555696,41056.92776135936,40901.061743840335,40993.08246268803,41446.446385807736,42177.097041790184,41864.33892591016,41751.00947476654,41285.60257764121,41383.61186472808,41528.60680743088,41550.14189878481,41345.26669847881,41661.001774513425,42253.65957730499,42823.826045430935,42629.32307375269,42131.36908726419,41590.80524291984,41802.86430337956,42148.09665101216,42173.640927651824,42195.32951853149,42480.42412379274,42819.74154313272,43179.12463784214,42943.08762915216,42687.47498740054,42762.320227768745,42905.590125468276,43713.83746142639,43969.04565280163,43256.64169573085,43171.89823774263,43115.99190256084,43380.5799046656,43980.54134740076,44180.83019634369,44192.064206898096,44452.31910925486,43866.47121109544,44556.70100065841,44619.255392004954,45587.04221433167,45593.86238497011,46008.67776044373,46452.97924264649,46565.309999303274,45998.70376321453,45640.293014330906,45757.900199432144,46408.632056516355,47097.19816462608,47099.64043886295,47681.964956646625,47728.43274528577,48430.06040656374,48352.84811724501,48679.39640172059,48919.43899664899,49308.579274130956,49676.72684146491,50216.92505104609,50377.44234167628,50528.77390581277,50315.406504012775,50038.47289643527,50631.54807264187,50412.93619383944,50817.466477530834,50744.959303960495,51005.114233100845,51333.43737781793,51573.6308342909,51948.18269530129,51890.18490770258,51970.290915106285,52074.285916815854,52379.80598113189,52333.33070228735,52417.065448825284,52396.1638780371,52505.458301562176,52984.395052250606,53093.912200484374,53486.682468866595,53342.95858648579,53502.791453162994,53762.9831771453,54220.550680710745,54431.36724062176,54544.89396653886,54833.65274465318,55029.68126477946,55260.398195417074,55046.177565615704,55063.08788012637,54886.817375898136,54993.880787696835,55124.832522327226,55079.68377275581
394756,311,"La Crosse, WI",msa,WI,,,,,,,,,,,,,,,,,,,,,,,,,,,,,,,,,,,,,,,,,,,,,,,,,,,,,,,,,,,,,,,,,,,,,,,,,,,,,,,,,,,,41847.24374614954,40958.19394924552,41464.807352325,42232.35981758221,43448.35519653186,43711.42969675196,43758.389502768296,44385.3024552906,44910.717985389616,45535.05913940493,45494.12778184946,45684.38878711312,46288.00203446101,46971.119944353115,47638.12533772605,47415.026633750946,47442.92644400124,47663.354917730736,48038.88970450079,48042.234086737684,48180.365543582266,48273.24444449232,48639.33029789979,48550.903933631955,48481.56995668692,48687.33006057995,48912.42589551937,49416.628176998885,49633.69683905415,49724.12325888343,49932.50131505709,49957.16218286117,50295.611122663126,50525.82217611393,50685.278979470386,51150.91169699324,51332.841595421145,51497.21961748823,51362.503495827055,51376.03507731539,51366.903446858916,51537.48946020256,51556.09887139153,51762.216130399196,51640.59484592266,51576.359660905095,51512.530241552115,51360.65359477125
394900,312,"Napa, CA",msa,CA,,,,,,,,,,,,,,,,78708.69944086076,78384.4108258635,79021.07448109929,80193.70066574831,80736.32640812277,80381.48960063164,79947.79352017712,80346.70295134622,81130.86939676001,81511.59976402391,82346.40150454233,82241.75808336466,82648.47625807115,82635.86510141558,82954.159559482,82943.2075956148,82828.95142398644,82623.52819764182,84144.44736923346,85761.36214146783,87704.7365138008,87904.57757607537,87801.06559681772,86984.43252253474,87542.15851088191,88012.6687264769,89081.20861220993,89020.81130028621,89477.38662069496,89498.84769050307,89419.32026346333,88668.75021798605,88968.72018468805,88765.65966300722,89927.04260170856,91407.26865535195,91658.27173398861,92008.32457369,91531.81456667311,91932.08992649014,92067.99445882476,92636.56201913333,92422.03800587826,92448.09454826097,91392.03317501114,91612.24934991961,90765.94042178779,93622.35025239385,93033.91593829702,93523.05166004521,93255.00623826167,93585.51057646221,93635.39022488389,95083.78721759003,97151.52833931064,98304.63849425313,98996.09611030991,98419.78185727209,98404.39461496612,97413.30731113248,97244.30956307954,98114.81953780004,99277.85437151503,101113.98284412015,102826.44365152482,103676.68610068932,104011.23793766389,104397.68086750434,105107.03085907458,106017.74207969196,106095.08847393615,107261.06335396535,108849.1101771537,110063.38788930551,110691.33876558699,111244.90049508435,110784.8019661953,110712.1393765955,109792.73958948869,110136.92299548227,110521.19264573073,110898.99015386516,111668.70926622904,112185.59887557762,113546.13181863671,112963.871069371,112563.1598393939,111015.91100025146,111347.80969333321,111746.52489227544,112777.68086622683,112542.54945354076,112458.53772660367,112529.30854110101,113336.62232267484,113619.63259419941,113488.70453337312,113818.44460414432,114050.40682349612,114567.00901876767,114767.04971456583,114690.51653097884,114675.24471151068,115063.52378898587,115236.18886493838,115287.12649229102,114726.2007195979,114504.25279350838,114079.19953319825,114266.053919717,114530.84371823246,115102.22764863046,115199.59367257563,115404.65276375249,115420.32233604601,115465.03965357855
395013,313,"Rapid City, SD",msa,SD,,,,,,,,,,,,,,,,,,,,,,,,,,,,,,,,,34479.06405180105,34641.96869874951,34590.88086692184,35078.60250277571,34812.44805226433,34991.86773418195,34507.18123083056,34944.154127955735,34602.92345113886,34937.542633529585,34918.33629108821,35502.34767672451,35769.06152848479,35893.11420886373,35860.90773662779,35494.25567655999,35688.787165542424,35589.77157343258,35753.940194857496,35358.05836640887,35659.747636854656,35653.02897374154,35900.741763238504,35572.37307402714,35842.57290545697,35970.65766135292,36241.374272515844,36531.93661929591,36856.70237798286,37271.34537638228,36577.1175592674,36583.32231198523,36638.11917993401,36861.465353757405,36959.98397010367,37198.972780941695,37394.42617729695,37330.84733282672,38008.9574382079,38076.41074504768,38945.21442201847,39055.42584746168,39630.02696028233,39745.73371643439,40005.49315510046,40161.47370212613,41137.669572509345,41634.581310719455,42293.861889719774,42929.52966835408,43591.030480518806,44594.33617915511,45409.447526156895,46248.08104426798,47110.6268358292,47922.62533327778,48590.7855827172,49577.32483401311,49488.54660227381,50025.90205710829,49858.82717745817,50167.27213475911,49425.89031364673,49284.5995476792,48760.3364859486,48937.73382162273,48636.27344507808,48490.45347169507,48852.05343165529,48751.24077037044,48971.64572983645,48934.65987216836,49530.28592195489,49816.947949970854,50314.15489421756,50216.61080811356,50252.57641739404,50302.028605209416,50253.79000959086,50646.76317787565,50758.753964688716,51107.61946893377,51246.83316265569,51273.31610496985,51081.76718329469,50942.310304257284,51200.987149059205,51536.24141545673,51951.419673710676,52019.44459437642,52356.46126691262,52286.55160816464,52194.72954006756,52081.12649985606,52149.18466978025,52315.567552196735,52458.45827778028,52609.20600556112,52542.99144445554
395139,314,"Sumter, SC",msa,SC,,,,31975.316999217463,31773.768557093077,31304.192507130025,30789.539325452766,30555.534865484602,30658.956470289082,30852.647969176556,31225.990178361095,31699.282022159012,32020.86962032188,32139.43520727942,32054.745811191377,32038.711957490774,32173.4763846067,32248.895243090356,32302.701016088966,32367.00137457117,32510.82499539564,32436.31673245899,32419.386341527257,32339.06451506581,32633.499068729314,32699.15813842026,32817.88474462,32873.93478709858,33040.47536291847,33273.51829516632,33104.18192776209,33196.51806371525,33205.354789049925,33532.03648944474,33637.701917196515,33742.8742706888,33721.63767163541,33582.638456677334,33887.8107745296,34163.248453132415,34437.32878417749,34395.16581920429,34596.22026780228,34972.548557694565,35175.94829922889,35307.20277645731,35035.46897766127,35038.28815118325,35132.673321804206,35533.49098248362,35486.302809005385,35495.20335378114,35444.5518831502,35616.408317345646,35816.98022735876,35721.00766873397,35794.7482332948,35813.728145115885,36246.21545109423,36480.62349450523,36637.507508225295,36671.65286746718,36895.62624737096,37174.540131873706,37360.833652570305,37533.92006669764,37777.349360476626,38008.21672428296,37959.17391076448,38396.4556112405,38741.71487794552,39350.43020306953,39348.10584387125,39480.405901917395,39329.53419211825,39734.63935400803,39897.237363726104,40546.462192429586,40936.995699986706,41232.762113006494,41971.22628746449,42587.87040231941,42933.34631357995,42686.996475229564,43378.00448422949,43925.10274825987,44978.18155035768,44867.76028966126,45476.85429027091,45477.32594019462,45594.5186084954,46049.03387844223,46357.470876157226,46290.66967291218,46521.12399225577,46980.9276821316,47385.99400249582,47674.17576877114,47733.12765032879,48500.98465884776,48895.74642737385,48960.44058039632,49536.54786880092,49498.89620726047,49646.266895314584,49762.46080471597,50136.0911890806,50569.275544970566,50750.963304805075,50813.33261336131,50895.913437678995,51125.6201163974,51148.810255278935,51787.17284664882,51808.18130826692,52465.06859780633,52684.72669533854,53572.01186215177,53287.614782415614,53420.112697341625,53559.12992882782,53863.567379387714,54150.60060218146,54176.75083867354,54388.07522815417,54376.99481760633,54548.43069611458,54432.32535061753,54553.69908100085,54233.128282407175,54593.4472934473
395117,316,"Springfield, OH",msa,OH,,,,,,,,,,,,,,,,,,,,,,,,,,,,,,,,,,,,,,,,,,,,,,,,,,,,,,,,,,,,,,,,,,,,,,,,,,,,,,,,,,,,,,,,,31400.505284099578,31977.374756285262,33268.32003508959,33419.54745918404,33392.2078046861,33459.13864494326,,35091.52812187244,34858.81469559006,34890.130502401626,35354.637207761894,36113.69109557679,,36755.40889703948,36343.522269608875,36642.96633532113,37133.22050391646,39028.09923728778,38744.57050455649,39283.38953091481,38665.25718688139,39833.21085861757,39769.08964055262,40294.166660748226,39364.213668932316,39799.27214081157,40565.39055610548,41575.73310808524,42591.05807127212,41362.54386835713,41737.792500312935,41610.3616473488,42679.76170365753,42356.49916957745,42742.16884958534,42726.681795926575,43590.932857262706,43875.59926351911,43754.144632369556,43301.13585039546,42771.81163769999,43192.8652181307,43352.380952380954
394668,317,"Harrisonburg, VA",msa,VA,34445.438362346955,34660.76423551723,34658.4379842173,34185.6105937169,34375.13381452676,34625.20831033885,35872.52941816466,36007.15711457658,36407.44801431548,35918.75858750714,36144.086645739095,35889.61633490158,36400.47578124463,36278.056158973515,36600.27086398542,36759.09178632676,36954.64404363293,37098.82631379075,36728.31603712545,36771.596090744235,37269.9536237176,37753.3749307969,38687.43770338531,38609.61877560992,39137.70558331846,39239.405854246026,39315.614970249226,38870.086699422965,39050.42471310234,39582.939307154316,40500.98648766174,40788.93400340263,40376.2142382471,40060.24079711143,38979.19173633719,39687.15087503634,39556.6535764874,40111.06676092691,40029.60244117255,40681.05752116514,41086.01032694529,40935.254993299546,40538.14640918288,40389.229777165725,40953.2032088386,41739.8255868816,42495.869712295345,41930.87214642059,41570.29178266699,41575.05903614873,41846.6650505553,41865.56651953282,41759.58514123673,41924.47575701388,42178.43330409642,42515.187694162305,42534.061690774506,42383.66184638176,42533.72187503461,43034.39998116977,43681.68524986085,43834.34656941115,43112.7867851583,43621.51985657083,43495.66206883197,44049.1752883685,44064.13033826727,44268.59241460779,44306.15571960514,44940.93219491606,47416.29198021826,48356.60172363186,48700.6592566427,46984.715347296,47184.055454642796,46499.10377148706,47161.42962021429,47432.01473352406,48755.8702577749,49069.55213655765,49610.27836073588,48930.353957579086,47780.23566954612,48367.37506779768,49472.52523263967,51209.523127784334,51298.461786313695,52428.144737610186,53151.21070051887,53761.157106178245,53653.21639795099,54265.31633902588,55301.77474179725,56135.59887222713,56843.42630141574,55929.94180581148,56131.42968572811,57176.41034415926,58103.68070520853,58741.2925978655,58298.50302481106,58929.69772841653,58874.94162001999,59178.75584913254,58601.557886602364,59141.941333863244,58443.41127566443,59258.66842646279,59260.158969236756,59856.60300640867,60211.65651576277,60997.10758812267,61876.72421913315,61883.082572780986,62245.900070880125,62632.883010182646,63169.845644202884,63882.269733755704,63852.13194659587,64350.8473273848,64845.441487773016,64348.321405795505,64487.19569944834,64259.92709778514,64597.650282127535,65152.6739098956,65935.36581308095,66412.18355165198,67146.9872764372,67271.47395481377,68723.43165606324
394368,318,"Battle Creek, MI",msa,MI,,,,,,,,,,,,,,,,,,,,,,,,,,,,,,,,,,,,,,,,,,,,,,,,,,,,,,,,,,,,,,,,,,,,,,,,,,,,,,,,,,,,,,,,38134.96159139641,,37982.899745546485,37403.92890297477,37523.19544759061,37120.74271893612,37292.82746086875,37428.74436316781,37842.617018754856,38148.29986527812,38455.096744308736,38540.1979215197,38627.58704551563,38495.88149381077,38831.14952757451,39013.59363466955,38912.96697304983,38747.649876698975,38778.921047036805,39187.97017996173,39175.011244548456,39726.742038676,39882.59710789521,40396.81616013828,40245.67376874342,40194.33882624456,40023.635472955924,40083.85742240685,40496.87567481604,40712.00335438112,41042.99008266376,41311.624088507,41586.44861031789,41456.79782710317,41567.77617440529,41458.435773092424,41811.25173647628,42341.266141238266,42747.07786309836,43193.92265113225,43336.748853822515,43770.38973465054,43899.21291391445,43912.96574770258
395094,319,"Sherman, TX",msa,TX,,,,,,,,,,,,,,,,,,,,,,,,,,,,,,,,,,,,,,,,,,,,,,,,,,,,,43698.63241425064,43796.65028175698,43412.07642141816,43640.133732445094,44075.97800648562,44458.189079899195,44273.32573984374,44129.33174868809,44063.83169079972,44178.658293826215,43879.68217280828,44058.368546402475,44441.50361109055,44904.24345218346,44940.47257621505,45257.33137454252,46080.33682779441,46389.51084065551,46580.513604752414,46985.04837108474,47728.06742284672,48421.422682783814,48871.74737200489,48920.5398396277,49198.58174812241,49928.9236343267,51043.184061770095,51008.950854838564,50565.28480479234,50809.25607358797,51710.69764326435,52170.0992200056,52655.84052887107,53454.13259056946,54223.043995557484,54790.29563872856,54779.698260155885,54833.25283147827,55054.50478911414,55737.76646787957,56618.389913249805,56775.1793588509,56743.33531286811,56688.868906053154,56470.239273240564,56413.60819834875,56096.98724197715,56465.356170674764,56967.50331717779,57397.36355441509,57720.75797110923,58175.953758398464,58516.50253708812,58359.15143095357,57796.15305402365,57930.20863868944,58347.11983846493,58620.94469877558,58773.25167148306,58704.70536347489,58714.3907978429,58845.13073773673,58725.50237543442,59563.61725032034,58888.25682208875,59495.35579944362,59659.005816194476,59863.658072130966,59876.33928460318,59822.13827981697,59971.704179921326,59979.48249238363,59949.61647666676,59818.0413227256,59861.29715714576,59026.407476659326,59338.462005703346,59013.2594473028,59195.55555555556
394821,320,"Manhattan, KS",msa,KS,38664.667578866785,38735.44165373994,38650.15874721921,38517.369504930844,38447.048718220096,38395.0884655395,38438.304983141905,38489.97390449214,38547.764329474085,38639.28795558108,38343.008096095116,38299.25598925023,38086.865299520556,38216.645467782255,38105.03343425832,38191.02700887094,38183.631106788496,38250.85273213862,38295.68524595526,38411.486145454786,38449.31789281188,38256.98210812901,38155.7188197826,37785.44686399156,37914.25851235677,37949.259315579395,38431.86942011473,38428.60514707183,38446.25592007632,38252.28780962826,38282.94943825984,38280.58088667674,38276.85030648098,38233.06189796717,38095.87176109826,38388.28225291686,38411.03074123331,38613.96987993802,38425.38827998231,38521.45853006386,38528.25026918982,38565.23250404541,38423.027769742046,38356.94431070475,38339.4613413525,38576.93579144426,38738.46615138891,38814.32579144705,38652.6944422951,38543.67944268966,38503.52119970951,38441.57945459637,38451.26247439984,38520.86209920187,38620.886014760305,38665.31430966245,38681.17939858468,38558.05000776196,38523.762582001575,38398.167594016224,38483.66919004844,38454.32912477123,38886.56869548559,38857.911167600694,39095.558154637336,39020.8005428167,39139.412759890285,39036.56027055249,39319.72700005792,39513.74275809387,39626.839586986316,39518.21143441052,39533.00849038399,39745.84353160212,40058.40004398763,40265.86440397573,40335.83495277438,40473.249585962665,40515.77526148007,40750.43868321277,40800.59092884941,40920.33791770242,41004.870242466655,41294.90441392472,41546.0624157289,41844.18878271549,41995.15714045839,42267.09462232305,42327.23571383811,42385.610570545374,42506.88688062141,42926.832388890645,43214.40801523515,43390.10193076435,43177.7267071129,43251.05352065212,43211.77308804077,43455.27242832126,43460.45788074683,43656.896517646586,43859.614707977504,44258.14987275107,44443.964704051854,44354.27790088854,44295.3652226025,44613.52102930991,45138.00568956205,45542.361896641174,45627.16943982205,45657.03599067221,45832.107256331066,46108.72451610536,46371.28554562127,46397.71990606332,46610.371771215265,46947.644602001106,47603.96853295197,47625.80529906559,47794.73747907372,47910.067826617844,48342.894891629396,48659.30813254194,49017.86318882742,49175.95596042596,49396.803780338065,49702.72025100784,49962.751865747254,50195.566893899755,50197.05087081102,50530.40502324146,50724.39807831966
394442,321,"Carbondale, IL",msa,IL,,,,,,,,,,,,,,,,,,,,,,,,,,,,,,,,,,24057.670182167636,23708.669966660087,23873.968580169036,23959.29162518836,24223.684438209555,24011.79598410843,23810.597271065104,23866.338641887196,24059.110510714505,24318.30655303581,24458.181761316366,24421.39218461135,24299.24021565798,24542.34825388546,24539.138787423974,24747.720975667806,24549.958593429485,24524.330505026424,24563.16957472181,24561.257487551648,24594.36652061998,24609.137316743825,24517.89971509175,24622.335825662147,24798.005278428333,24953.13529797342,25066.034994454556,24984.613636519316,25150.32574674174,25070.617594225456,25482.81825014248,25744.745501717716,26167.56032904379,26188.51344817037,26161.591622079522,25936.943522118552,26219.270250217916,26593.067808410444,26895.14417737748,26518.809375656336,26326.225265424902,26391.229507359054,26664.702487015176,26837.075959046033,27017.42288263137,27401.51077490959,27429.292481855555,27314.328653009397,27115.602660665238,26955.7669927495,27005.098769234075,28035.193929131972,28728.00538684974,29126.322435225244,28545.35031943287,28351.441122268978,28165.41094920898,27721.98393360226,28170.97944598512,29031.270488028837,29727.94279341278,30128.960969319884,29971.441886150013,29963.345752999674,29825.278962292137,30001.465747238744,30339.00426784823,30639.04134850052,30811.963336702072,31293.903474737523,31390.59119578234,31481.706373059194,31502.617597890618,31565.505604374444,31655.649672646374,31530.824960385195,31945.721447377106,31952.450584058366,32261.98370228398,32147.26158833524,32502.641665236286,32733.378971569644,32933.8934564321,32659.964804480685,32647.75324570844,32958.417614258295,33320.403523011504,33568.02036661905,33530.46516423735,33703.76129599074,33754.47800355883,34070.11663675699,34073.30895563474,34062.051524631825,34075.69890870011,34366.47906614476,34531.78918634564,34479.31191615402
394727,322,"Johnstown, PA",msa,PA,,,,,,,,,,,,,,,,,,,,,,,,,,,,,,,,,,,,,,,,23978.906515588842,24061.200114202264,23797.132667408485,23543.933414433868,23659.828643115696,23635.440027236033,24081.632282036015,23651.877496229707,23698.735157490053,23575.37251868818,24019.660762382708,23940.989762444875,24181.8435498709,24074.813208455333,24406.42058505118,24819.329950110307,25029.24342101041,25073.31890812522,24909.44251101908,25214.575912597422,25464.166491329725,25672.837314063006,25595.12660388574,25301.571435996,25507.462075940548,25486.76537147899,25711.15904242844,25503.76061072863,25650.80400361788,25875.813255761528,26403.73659363481,27138.72897088218,26774.79451730454,26570.056234825202,26695.8145862403,27192.17499512226,27579.872037798064,27294.455188970547,27596.995614316547,27633.73959424937,28136.552871101485,28114.162319690447,28140.56184349609,27865.604066122265,28095.51517755153,28550.031359282755,28608.777946474882,28921.439539980845,29002.68469087593,29666.652130538132,29584.316162332543,29930.767550038698,29654.72725449637,30061.990635185302,30138.684725740448,30276.16723889581,30669.151413819698,30833.209244557802,31529.339420773602,31028.798573709,30952.839380823785,31081.298375475104,31304.539145388386,31251.452540124115,31339.50386887685,31507.62580443557,32142.070829492903,32300.551019719776,32259.839411079647,31967.408702840854,31686.086933452996,32070.613621292683,32219.462783243205,32504.1895216466,32860.14039717052,33161.0544779131,33198.50224863612,32846.064821681604,33111.24193974262,33390.75666813629,33544.57070011514,33945.87272693653,34134.2287202012,34308.75722410056,34503.817901424976,34355.67982492542,34235.189738793226,34194.35576598968,34393.61679867935,34706.13404269001,34351.49351140386,34203.0
394728,323,"Jonesboro, AR",msa,AR,,,,,,,,,,,,,,,35544.74187848732,35915.955815501504,36320.833054459035,35961.00879391732,36217.510349381024,36311.31156525028,36677.02152200375,36559.56780767399,36836.96107385388,36613.3951943622,36722.42432195467,36256.449307443785,36663.293426248594,36730.80179357984,37046.7609999968,36798.367398929215,36849.96384941852,36911.670325891464,37189.08181724925,37312.708375500144,36948.94918077457,36925.8621659646,36806.046692134456,37198.058840241596,37108.84185157838,37118.02991526255,36967.28314033065,37253.86899071034,37418.09743901506,37498.55746785476,37402.2966893665,37524.55427670667,37727.69913499163,37899.76868946427,37975.84284922871,38112.927154195335,38123.885871099956,38195.56067150464,38258.523228935584,38404.39950131325,38402.071506353124,38507.307895964856,38589.99069981289,38657.67009825131,38829.55707127409,38961.10881525421,39162.75091597155,39166.238333065565,39583.06582680221,39419.976824116806,39648.01623367605,39619.56559756114,39652.11193022238,39624.0861395746,39598.86469545155,39916.3124118116,40088.699554714825,40475.37358434776,40047.80503036477,40532.764648288794,40928.66490628841,41804.02988080706,41898.69509243882,42350.2671558023,42631.37015587514,43283.02686709319,43538.511337856886,43860.13215171217,43802.83263452761,43848.95595089437,44132.24943852839,43902.74996528362,43819.2162261703,43635.461009715305,44228.30992180396,44258.77926821259,44834.650406733635,44895.02955970454,45181.66151319779,45223.505920314674,45431.390662550024,45753.053873612065,46077.40358786216,46845.2387391459,47082.005605837294,47212.31362883118,46881.19289369551,47258.91458293241,47366.63095814336,47431.01283487247,47341.6677195315,47334.02633038895,47724.131328781,47897.849822972676,48019.61277189995,48324.28738181992,48761.14460644086,49013.60532847566,49159.3149968356,49134.238999855945,49349.20035831908,49310.6998297755,49692.29513022936,49925.22420938239,50436.73616940002,50589.748981391596,50754.43719488112,50620.30586842346,50617.86494929554,50809.81029756275,51161.78264820678,51391.17062380199,51442.4661750583,51795.23362666889,51839.23292128649,51993.13262153137,51683.52380952382
394390,324,"Bismarck, ND",msa,ND,,,,,,,,,,,,,,,,,,,,,,,,,,,,,,,35557.16949809,35612.7012952123,36194.6007150482,36449.00166604746,36482.09363991112,37014.772753692254,36750.858637573736,37169.471748792996,36565.59579860484,36557.73005763582,36401.68457770534,36782.40783931317,37140.34383230878,37706.32554387039,37996.451722400736,37811.21206289593,37363.70814510452,37041.55414758014,37253.618012995896,37560.3563176297,37755.863772293575,37727.440906459095,38124.37335962431,38396.01028333458,38274.63083650638,37814.7092469369,37473.70957352992,37688.716597552746,38164.72455335155,38603.946492570205,38954.69324218876,39046.79760393335,38461.980812483445,38589.192342410985,38953.18699245133,38684.48149107312,38878.73379298645,38809.81802863855,39372.13097768049,39236.38018991362,39146.88160841549,39028.27580760578,39251.38802912737,39634.969075763926,40271.60569094568,40267.532254991966,39939.94544470789,39402.828298983244,38866.16337910266,39382.877237312634,39854.695731703534,40600.01669471801,40724.3343441803,41067.45617116018,40873.18319246811,40741.75093576649,39853.68836475001,40198.07852052702,40823.86855292264,41581.590872265915,41987.23480120395,41431.995368900956,41493.02756479966,41547.091217706475,41919.52686117651,42670.17081645466,43163.08544098198,43895.10156931475,44184.30264695873,44187.12058789912,43999.942067156386,44139.20217585177,44956.144437383184,45442.292643420275,45195.79365773637,45462.68166044548,45751.588310268075,46058.16391023752,45740.44985282206,45984.4139535781,46526.01824394755,46780.073599935364,47162.0441415589,47656.270813535,47899.73307636979,48417.2673689934,48945.14933180544,48811.65977084518,49217.69004513501,49172.00211307507,49880.79434076157,49995.77110918048,50271.61595426636,50668.881558000416,51007.65229219875,51053.82826221749,51024.62111344735,51138.40239426869,51493.49835310522,52087.95101801871,52183.12820512821
394661,325,"Hammond, LA",msa,LA,,,,,,,,,,,,,,,,,,,,,,,,,,,,,,,,,,,,,,,,,,,,,,,,,,,,,,,,,,,,,,,,,,,,,,,,,,,,,,,,,,40702.3175542445,41500.2978445726,43053.265153987486,43458.017605149704,44195.09774655193,43924.722695196084,44155.20081434907,44525.65020510762,45074.40446164875,45096.78957834358,45117.04080552474,44601.71493664864,44665.39591206152,44575.7494607941,44509.78340852342,44316.77574546696,44143.216929131995,44338.03185360259,44619.93427756994,44918.597022300804,45156.174974767455,45284.26430538401,45473.57206427097,45839.665248716876,45655.61222286627,45561.93737600564,45256.07859950125,45500.485791826024,45557.48745469862,45606.31102736023,45771.95084246072,45966.75126906626,46090.21357328209,46281.06641307166,46517.87831483752,46644.83940588125,46616.45862323798,46995.47053170727,47321.423355641324,47509.52196990134,47757.51298801735,48022.68233225692,48060.396984223604,48047.425971777644,48088.608131289344,48240.568125646474,48335.69084891192,48539.31640620459,49004.763602258885,49137.1802054155
394983,326,"Pittsfield, MA",msa,MA,,,,,,,,,,,,,,,,,,,,,,,,,,,,,,,,,,,,,,,,,,,,,,,,,,,,,,,,,,,,,,,,,,,,,,,,,,,41868.44988931159,42724.759344010105,43667.21307632592,44107.75250496968,44833.679418092346,45865.60237297191,46280.713946115015,46124.97474199105,46047.03589272305,45791.32814043463,,45843.19605085504,46647.88584512177,47472.967523333245,47014.68682008001,47550.59186404549,47732.83891612147,49259.490539012986,49311.32435017545,49204.79068795184,49200.45302636201,50362.83798737455,52204.21436206696,52704.89166848912,52998.85658750611,52767.0444624131,53198.35925322211,53087.667376621685,52491.265473758554,51969.07218010563,52311.338183086606,53620.38006195125,54303.27444727936,54642.185698158275,54437.51708141888,54809.69397204681,55158.24738336759,54716.91804398249,55331.23856751873,55398.32645951108,56707.17225621663,56104.13775892124,56430.09067719074,56033.07375774096,56527.088267535066,56473.32808346181,56539.99651855981,56747.807060268315,56932.643487516754,58010.606811720514,58272.015969007385,59043.20979149228,59187.639792860966,60503.81314688589,61057.43917036066,61791.516501198814,62178.93772893774
394890,327,"Mount Vernon, WA",msa,WA,,,,,,,,,,,,,,,,,,,,,,,,,,,,,,,,,,,,,,,,,52941.08669866377,53397.52216606282,54011.30090978506,53932.13772267632,54250.03010120893,54596.67353280747,55237.8320543481,54921.501834357034,54831.291883787795,55166.24966851021,55840.40892738463,56190.477885796114,56410.04562273394,56494.33850206278,56387.29460832963,57010.32636465466,57264.63869067649,57591.913645962086,57482.021162516205,57637.18670216283,57655.20217070457,57750.33873072108,58746.75933847904,58692.36579907632,59459.10345071739,60042.91295233177,61080.42481071799,61771.81850291064,62254.38137986624,62105.602856574544,62347.27742213384,62011.772598197305,62637.50794109891,62989.55330868539,64314.708495249935,65892.78872615086,66810.41362637136,67310.07756580896,67982.61602049129,68590.2091600091,69551.02390996215,70517.62850282135,71670.23243444506,,73886.34963150237,74459.720052669,73988.66420127208,73919.01158653584,74458.52486494833,74883.36392950003,75238.48959323869,74633.22600323416,74913.56964920761,75566.88150991888,76570.34921265524,76061.75192359608,76073.13134419415,76152.69945065636,76782.58405742113,76940.33025960934,77116.77206416191,77487.72024406983,77422.21424258414,77779.05235794977,77609.12467834378,78241.77638453324,78303.42882340055,78700.126239484,79689.96096760848,80997.58718488664,81621.8548827293,81643.80595072718,81246.65339029935,81069.90048909736,80934.09795288721,81415.60549579952,81412.88795678248,81509.04680624543,81649.71453927267,81719.89238544548,81429.15412132618,80794.40123949278,80592.78623958502,80970.8858125367,81539.69691087947,81867.93164127652,82370.99059985238,82370.5487274253,82792.22041288274,82657.62371866593,82703.77777777778
395153,329,"The Villages, FL",msa,FL,,,,,,,,,,,,,,,,,,,,,,,,,,,,,,,,,,,,,,,,,,,,,,,,,,,,,,,,,,,,,,,,,,,,,,,,,,,,,,,,,,,,,53539.59414286094,54868.068707706494,56615.66794439373,58390.07063952416,58696.97216651973,60278.757706026554,60694.089059768514,61615.22947619723,62237.69797599952,62618.568345147556,63951.88588764529,63979.70461890607,63597.181308071114,63070.68894431666,63061.04632440032,63422.455853024345,64199.47583719609,63952.917360115134,64108.40439080717,63743.27739517459,64117.68501605938,64281.03262349057,64689.549284442066,64526.25625583732,65737.42814574076,66494.60761846114,67332.09517047372,67041.3713117507,67079.18124728183,66874.29990793121,66727.26364309418,66627.77261311449,66530.91994587287,66677.74053756558,66424.51384512198,67013.84218695453,66392.5950799839,66134.68946521726,65491.61012654887,65449.81814044016,65260.63365770355,65425.85058964132,65588.77941154092,65772.00497849197,65634.51554123369,65425.440006051336,65222.26381461676
394307,330,"Albany, OR",msa,OR,,,,,,,,,,,,,,,,,,,,,,,,,,,,,,,,,,,,,,,,,,,,,,,,,,,,,,,,,,,,,,,,,,,,,,,,,,47868.12928466354,48231.53092953293,,49693.67788433472,49833.06838161609,50923.62536405708,51155.75785973409,52124.67087030581,51881.663731529516,52938.43789916438,53092.34455727559,54321.34831369923,54910.855409958545,56163.60670175305,57124.81987601875,57113.08997968357,57958.53120918402,58360.09364169698,59199.69315343492,59422.57217092766,60204.25387741456,60456.14893587833,60286.00402123305,60167.884213740195,61180.16346613268,61182.73798120162,61554.577784391564,61523.96782845757,61692.640415389615,61392.973293144074,61418.79335885441,61673.66141286549,62243.47650663823,62110.754955664066,62571.73173426483,62628.7269594776,62748.375890295734,62637.785031436906,62734.93077757965,62956.08753838603,63066.58292413154,63455.61569333378,63793.98329205558,64201.229833945814,64267.485170549044,64028.560453536535,64292.983516313085,64600.23847639533,64433.278061713005,64762.4185339132,64802.42503473465,65110.65457161203,65243.87801882367,65442.768758347716,65441.83259203133,65369.79562449694,65314.40520605099,65893.2927536232
394633,331,"Glens Falls, NY",msa,NY,,,,,,,,,,,,,,,,,,,,,,,,,,,,,,,,,,,,,,,,,,,,,,,,,,,,,,,,,,,,,,,,,,,,,,,,,,,,,,,,,,,,,,,,,,,,,,,,,,,,,,,,,,,,,,,,,,,,,,,49209.71602030242,48783.77309025751,50067.61566565553,50720.88862076955,50856.956831075935,51504.068945295054,52092.319683158676,52537.879177328236,52261.5586053854,52205.61886726463,53255.337527523654,53936.16033528737,54250.0
394780,332,"Lawton, OK",msa,OK,26345.41877392988,26395.018564347636,26652.71948688688,26693.6202487242,26667.935706564458,26544.861358240643,26422.252163649948,26521.81349356795,26616.43841298831,26659.65367482733,26646.80152588188,26577.93717910592,26490.348502496356,26409.711637713637,26277.768672935606,26302.991998826437,26555.069153434408,26714.286720656663,26969.805575431925,26849.467810479073,26751.715049067425,26618.812862100003,26565.744101906927,26702.908159226306,26854.172289439364,26944.98262475775,27023.511855735058,27027.135991090727,26995.87403433681,27009.547991776704,27000.400571150465,27017.1023980285,27022.419756529354,27218.904381040298,27300.47730185617,27370.819427319926,27247.483472850163,27389.57718041205,27484.865626413244,27574.696091834838,27411.406422277996,27412.25275509786,27401.580136053297,27642.71485657469,27801.38532526972,27849.24213346685,27904.335680954697,27907.17314794992,27972.864027888445,27846.36001718798,27856.720316490755,27884.970190573848,28085.655622572256,28167.130931655156,28256.155850019564,28209.860611762793,28234.961128988794,28265.59390873424,28339.500990432916,28429.6281256409,28571.332161780065,28752.611413710616,28759.66952268423,28718.35363601771,28648.724892437593,28716.410625117347,28966.06234254991,29132.411759920742,29585.59838399462,30058.70440158707,30423.395980830726,30770.262113448032,31055.900813103126,30936.885885788703,30893.640817727734,30717.225060873767,31303.069353545943,31588.653708029575,32249.090390960646,32558.909874074834,32669.970093736636,32779.372288940314,33086.728921501875,33258.0708880211,33393.472332094745,34367.83182796019,35634.76493664555,36862.898526398305,37078.25488445952,37556.59954210131,37253.48674212318,37402.427715209225,37252.73967361102,37466.46555069001,37410.45527923157,38061.44278252413,38360.00018281425,38471.1803314688,38167.82211454108,38337.562883427294,38418.40960882057,38458.07094800966,38387.7873614279,38583.16740319361,38992.27663693202,39243.94638165646,39326.78870812188,39026.31781451462,39251.02388618242,39506.18851964547,39410.37364720988,39420.77050409975,39603.72450996885,40106.08598805106,40526.18447919501,40559.21952499389,40739.28592618343,40773.363996030545,41004.14842366091,41288.52198633583,41340.24210355103,41272.93355526146,41616.67753553069,41654.67455878468,41787.216998879994,41631.33826496741,41737.19072748008,41911.789599785094,41919.02920177032,42025.72808572296,42097.08348165098
394474,334,"Cleveland, TN",msa,TN,,,,,,,,,,,,,,,,,,,,,,,,,,,,,,,,,,,,,,,,,,,,,,,,,,,,,,,,,,,,,,,,,,,,,,,38567.8983874686,38961.99530391513,38989.393986783354,39204.661380670135,39487.47250667918,40326.214506691605,41133.87734813738,42095.60380268298,42695.116569890466,43081.27883714514,43707.016277110946,43849.0433639289,44162.87479644829,44157.55489295754,45189.749782591236,46067.78848779886,47125.4860217594,47394.35934215862,48166.46755697797,48584.44272512776,48924.15008820869,48866.425758320096,48488.95590202358,48849.897296995216,49616.257500521446,50469.83423040681,50287.670466655865,50385.93053633834,50595.95280071564,51227.40339306809,50949.71273202025,50836.73622786983,50637.10075022938,51152.930333684635,51377.58933066644,51664.451245239215,51500.83129255974,51439.14589703141,51636.48669460575,51615.5147395247,51635.23526106297,51272.66375187069,51437.79034783518,51644.789760200394,52380.99481404421,52641.38841745737,52860.33511777822,52534.19448341751,53045.06940440311,53151.55023217582,53309.20652901041,53500.76386634266,53538.90303888721,53793.532659873126,53945.00036958447,54019.770643662974,53716.96824243965,53493.08051748454,53469.58812057833,53655.449674725096,53291.04377104377
395098,335,"Sierra Vista, AZ",msa,AZ,,,,,,,,,,,,,,,,,,,,,,,,,,,,,,,,,,,,,,,,,,,,,,,,,,,,,,,,,,,,,,,,,,,,,,,,,,,,,,,,,,,,44073.36291611442,43278.79952921539,43356.34798966599,44483.53650255375,45638.5292202341,45010.15811886918,44383.33461111169,44139.49263611152,45616.064229879266,45290.026541262654,45225.02807792639,44352.57123451344,45887.03359390375,47038.20702717214,48005.79603023208,47144.031980581836,46970.348487880314,47029.35393102003,47284.206747005264,47119.09322326728,47141.06144178413,47484.04006969414,47509.30871436929,47718.90540751569,47908.46451969434,48291.35036658684,48361.35853859918,48406.851125715904,48467.86311208506,48469.128454561614,48845.29743741381,49193.94420090098,49696.579794012396,49426.12984997205,49749.24418966257,49781.47684878442,49379.2036610982,49137.39966596687,49078.43085940955,49704.71470886065,49992.7773302498,50555.000361837214,50734.69625962966,51087.01314715285,50937.45987420761,51563.48737491467,51861.326684757754,52478.75816993464
394325,336,"Ames, IA",msa,IA,,,,,,,,,,,,,,,,,,,,,,,,,,,,,,,,,,36190.08470107057,36151.25048120516,36814.52699371609,36122.90247456927,35966.381242542986,35627.25073875244,35647.394730491455,35545.47258334696,35901.888848763476,36112.37131421927,36287.134257710255,35775.27747779167,35583.93541015439,35424.71859710451,35530.1362361621,35828.50336894743,35863.21452089057,35718.904188812514,36051.71143780992,35963.06280244303,36014.07108906503,36202.938063818176,36361.20870271493,37012.86287393723,36849.198279932716,36833.01313085167,36460.46595155723,36442.55215579764,36612.16195533371,36718.080415756005,36719.301636778146,36396.42238351194,36350.073241662445,36321.77484539638,36622.321376545384,37174.51522050507,37812.95941277006,37991.106486629295,38115.424594360404,38001.772708924975,38039.77625745832,37616.59401314291,37554.345932198674,37778.12460152819,37985.58298889043,38444.460674359245,38707.6724861295,38689.59591049687,38619.66865815691,38523.14489961592,38584.05279646885,38677.106849313546,38861.18786620679,39327.25669031534,39637.787293413785,40060.980255557864,40215.34329943837,40259.39096196298,40284.46247065492,40039.23873489309,40032.702044008576,40128.1426711279,40606.99055739491,40848.31065403875,41114.297248340874,41258.3927096023,41303.49428797467,41142.76552155842,41090.472677979255,41017.26414810055,40861.99121942692,41530.95797054196,41892.80264431776,42467.518451888056,42677.76501977,42832.351321826995,43002.84113499216,42844.02974257264,43122.5417180866,43169.213294140514,43382.223614407136,43687.84753543678,44137.03209169258,44232.63435050666,44270.28314864606,44238.21485131323,44200.75115312829,44330.19811901092,44412.97036121585,44765.06641433121,44845.78497867264,45169.471309361084,45358.509184209644,45491.417070207885,45558.038619183295,45535.50835871438,45666.93728332037,45720.41294041795
394824,337,"Mansfield, OH",msa,OH,,,,,,,,,,,,,,,,,,,,,,,,,,,,,,,,,,,,,,,,,,,,,,,,,,,,,,,,,,,,,,,,,,,,,,,,,,,,,,,,,,,,,,,,,,,,,,,,29474.520333640008,30658.099372969024,32109.707060150493,31469.850388252697,31322.05072582107,31336.123717333558,31605.24818912812,31541.83317022447,31675.23703163346,31844.586070905734,32566.048270924573,33397.909185792574,33633.81160429592,33334.27466319342,33380.926549244825,33703.044264401884,34319.976603585186,34064.08465385433,34012.95974423977,34664.56805740183,35297.06379291193,35698.014929472694,35222.105684028444,35267.62069982306,35014.561909693235,35326.760805867125,35123.320279812004,35632.8604158455,35683.825136007574,36349.97276532505,36872.09092467483,36893.94532961036,36781.235194989466,36704.152785759245,37196.179434866164,37401.333333333336
395128,338,"Staunton, VA",msa,VA,,,,,,,,,,,,,,,,,,,,,,,,,,,,,,,,,,,,,,,36555.60111321452,36414.801653760944,35893.73397374677,35781.231875603095,36411.11591504113,36842.808985506024,36630.92328822559,36136.181844681225,36012.47780869066,36386.76921558779,36663.96182012395,36809.10789299856,36986.37381610062,37382.99173772165,38006.473276619334,38347.91774977538,37964.8023665203,37811.5647562603,37789.77780445025,38223.32866484332,38480.105383966446,38383.54282455431,38433.614434662806,38155.930162891374,38979.469457097286,39024.82604085598,39369.19005190789,39155.61078041528,39160.763935062816,40017.03778198677,41196.057106638895,41644.230650038684,41885.2165071016,41525.49311341845,41752.104492057915,41952.269124170016,42429.099022484974,42621.508222666256,42658.63421074236,43057.86628786204,44360.91395102251,44778.78483728825,44585.90251141031,44062.731139473144,44686.944689614196,45311.23274016091,45930.635825962476,46725.09938857925,46972.30448338932,47616.62058299555,47613.50143223653,48279.25317835356,47934.148875147715,47977.491050538185,48228.828440986756,48890.276711603125,48856.53449155639,49074.037476627,48856.12487909167,48853.09343299244,49077.35411151237,49507.217873574366,50527.89678744937,50859.13530761092,51366.834932092606,51362.90676849158,51552.90758387513,51734.84764222816,52313.46749675485,52770.435046590566,53570.94252060159,53796.635589060694,53800.553967931766,54131.196877847535,53954.34110954472,54054.90321987909,53679.046534835616,54639.83694499895,55010.941432192114,55065.48933940543,54774.29291684752,54768.664397730354,54710.95841834983,54960.61614193115,55395.59120640702,55406.42122368504,55665.95652627201,55928.01481880149,56679.78806830109,56611.13265770591,56903.224390171046,57381.31792547741,58075.55555555556
394321,340,"Altoona, PA",msa,PA,,,,,,,,,,,,,,,,,,,,,,,,,,,,,,,,,,,,,,,,,,,,,,,,,,,,,,,,,,,,,,,,,,,,,,,,,,,,,,,,,,,,,,,,,,,,,,,,,,,33892.01024949528,33805.094533503754,33785.88610427522,34123.78491902545,34233.44254876117,34263.49054212151,33878.189001053026,34005.81667525253,34284.96197996315,34580.54412366957,35182.897828521505,35046.450254018644,35378.055551293466,34628.91583876527,34933.577022925085,35343.29636002815,35935.47696853849,36393.02135356383,36238.468513663574,36738.810842417166,36421.92871850671,36651.51612404255,36311.472117796955,36497.68261989258,36556.14951440548,37657.112345583126,37807.1418083619,37846.29829869153,37917.45122066246,38244.440673352816,39121.04476248292,39274.86867944813,40014.81481481482
394905,341,"New Bern, NC",msa,NC,,,,,,,,,,,,,,,,,,,,,,,,,,,,,,,,,,,,,,,,,,,,,,,,,,,,,,,,,,,,,,,,,,,,,,,,,,,,,44548.03048148047,44459.684353602046,44824.18176152125,44907.598497823514,45660.822287592186,46480.18086509741,46537.251819290344,46884.74694356564,47170.99815466785,47824.62451466752,48292.556942346855,48660.87901683341,49768.40225862619,50773.64162671833,52003.7358165338,52968.779069338554,53244.616031187885,53007.04787791105,53076.44239483152,53174.248329563394,53746.81893112977,53220.75272460673,52865.84653428117,52833.57663119608,53231.41838695136,53851.77202148863,54012.50675457831,54155.95661395728,54213.12354747194,54188.542637812934,54800.87788267401,54311.729917678735,54592.51441768993,55079.574770436695,56007.23852135837,56341.24126821094,56142.45935502647,56349.10324338623,56312.95389666454,56608.95811919104,56560.36351238425,57300.63160816226,57526.552415262595,58501.73099155978,58624.486455745675,59020.34078417691,58982.75216749109,59287.84695786627,59626.6070706928,59587.264039031754,59914.05390477771,60057.85721056086,60634.909242455906,60719.62426744237,60824.7032967033
394588,342,"Farmington, NM",msa,NM,,,,,,,,,,,,,,,,,,,,,,,,,,,,,,,,,,,,,,,,,,,,,,,,,,,,,,,,,,,,,,,,,,,,,,,,,,,,,,,,,,,,,,,,,,,,,,,,,,,,46342.613482686604,47374.25854040898,47230.72290791035,48089.19224909484,48939.12488774514,49809.662447433184,50784.21749615787,50653.29173592678,50771.92102095762,50435.411954032126,50344.04497899176,50318.637722577056,50978.08321778545,51012.60092473719,50827.517295195226,51508.79781481832,51649.97621764251,52380.81227853671,52288.38133245447,52314.947489943166,52442.96264181652,53570.104535506594,54514.18684379976,54522.31009065488,54780.29085839587,55045.317347200355,56064.32340591283,55768.205868297046,55759.899082089796,55583.1926300541,55812.58588920418,56616.66666666667
395120,343,"St. Joseph, MO",msa,MO,,,,,,,,,,,,,,,,,,,,,,,,,,,,,,,,,,,,,,,,,,,,,,,,,,,,,,,,,,,,,,,,,,,,,,,,,,,,,,,,26267.547214262813,26803.18096378156,26658.149775587222,27023.836980302996,26605.787132092548,27080.092575459177,27135.640188715857,27633.149094811375,27675.076756907252,27811.033749193946,28121.587675823317,28186.38198336496,28924.68868774581,29011.311644643247,29503.752303900317,29159.35578118786,29429.432211839427,29478.337380019057,30109.257395975063,30212.141182414744,30278.35600800186,30207.884885415104,30628.060225151465,31021.095493822602,30879.85952360587,30857.732034087185,30783.837757337013,31084.7804385263,31539.77928168423,32045.586081451926,31991.05370357555,31916.86142348853,32144.92031880512,32198.19624100727,32494.012040970534,32894.83931576552,33322.55887347138,33374.20350723112,33651.004716062445,33923.71936116352,33995.80810596267,33958.32140674152,34159.51028284513,34547.059057698905,34806.33266424203,35251.29696760599,35212.21574438054,35158.853459165824,35211.168790729454,35629.4033353809,35827.83555374486,36000.0
395054,344,"San Angelo, TX",msa,TX,,,,,,,,,,,,,,,,,,,,,,,,,40457.1400893914,40445.94862668658,39923.733230543636,39984.32362262753,40345.333779122404,40285.31554722628,40528.90686303242,40673.65627194705,40388.42068645564,40838.41465000933,40981.82557334249,41624.56045093841,41615.24175056202,41358.76945198264,41037.43638699161,41137.4395430126,41307.43058375726,41826.587170763705,41866.64065457683,41926.40160123186,42040.221432086386,42181.528080757904,42551.75629597572,42480.85706004184,42675.1012343139,42699.60151940822,43463.88833177776,43675.9485474468,43775.61287877509,43661.68868482581,43744.70650310066,43866.57058904566,44121.68212199447,43971.08597987924,43869.1939907888,43756.009423630276,43940.47239022226,44299.225476972046,44272.23153631849,44394.57300217832,44220.61424622403,44437.057093515934,44608.17080132476,45036.99080261924,45478.12589753463,45249.87890132117,45056.89039626139,45018.427233824,45611.41669472485,46051.15326529404,46614.17399861895,46733.712795885236,46687.021467962615,46582.74297768932,46841.2617947068,47077.17655786709,46995.6953959814,47527.93853398472,47974.25970646228,48255.55332966199,48250.10282621972,48351.93951599449,48436.5492772511,48908.28060655542,49219.339913048345,49806.27379165156,49833.99537458084,50055.61820299815,50383.25943790747,50284.494265164045,50376.34013770104,50454.757707042474,50709.21458231357,50417.24062616664,50654.09072317869,50494.32572613105,50858.420732143546,50461.062037590746,50563.667181993165,50675.04023441397,50970.321163819455,51422.56794948676,51123.32966651369,51043.24347400741,50649.62198435262,51324.28546383427,51637.25036218761,51899.628358565315,51897.797030889225,52180.4982651496,52354.82497869741,52510.86075713556,52363.77464997566,52182.41236571105,52584.27117485283,52904.27981555653,53439.881058053026,53408.6367924193,53421.8224469161,53622.71291516636,53828.724781715624,54160.670193035134,54463.6135188083,54770.0432825125,55238.277541880125,55753.16527981647,56175.710144927536
395218,345,"Wenatchee, WA",msa,WA,,,,,,,,,,,,,,,,,,,,,,,,,,,,,,,,,,,,,,,,,,,,,,,,,,,,,,,,,,,,,,,,,,,,,,,,,,,58780.44965868057,58845.12588986812,59614.69392019545,60385.26530245182,61419.83870420495,62539.22712007248,62676.784063917345,63808.07480391875,63986.1433262719,64971.55614852254,65173.85336816176,66123.59165411227,66968.91592829305,68063.49254041945,68597.38873304783,68924.44568485419,68710.36649170093,68755.31822759162,68583.58992326455,68357.69662871737,68351.36902925961,68576.22449750076,69208.78368958218,69588.53812612846,69570.46201331253,69280.3572949581,68812.72813043206,68730.61903650116,69041.60500415509,69191.99911581709,69472.34332381304,68990.38281786248,69206.4761564163,69513.27919636107,69854.61371614996,70110.17913236069,70162.33170854328,70423.43911411967,71078.44380221116,71525.92253713816,72023.12297790089,71863.74430245928,71824.92373088094,72108.53798173898,72563.1808228223,72413.11706243268,72187.20071413735,72011.08290653261,72184.39315691027,72286.12206066892,72253.07949448373,72218.28201185518,72033.69020666448,72350.67386358215,72562.88884971733,72861.35433014874,72659.27166400851
394949,346,"Owensboro, KY",msa,KY,,,,,,,,,,,,,,,,,,,,,,,,,,,,,,,,,,,,,,,,,,,,,,,,,,,,,,,,,,,,,,,,,,,,,,,,,,,,,,,,,,,,,,,,,,,,,,,,,,42854.67337168711,43246.840820848825,43653.449203972734,44905.40266389026,45636.37408772532,45270.96953906084,44993.84796110289,45259.57026232866,45969.69151954046,46847.95148604153,46687.21233364924,46661.08764470273,46241.31291685813,46555.52489071289,46607.343849937664,46915.47562610048,47261.02433472515,47783.03826239158,48835.390806444426,48623.28545730401,48569.93587661685,48298.51573527085,49096.811377014434,49477.167030891454,50317.23291822853,50460.79578976393,51030.4477392286,51089.20028366332,51345.30379465446,51860.18861883581,51947.951360596184,52899.91465116314,53682.660609272156,54638.8888888889
394778,349,"Lawrence, KS",msa,KS,,,,,,,,,,,,,,,,,,,,,,,,39482.74580961744,39366.73952633783,39323.722232185064,38919.21837057249,39347.15955748513,39455.14532906159,39571.87480274502,39686.67115195157,39717.0348374943,40148.45518928478,40202.815358938664,40538.63885645238,40532.77935036825,40673.50796691338,40572.141881198535,40731.840791050476,40779.76084367027,40952.77058600957,41115.86679455066,40816.44313039258,40974.83137034617,41254.336837841365,41787.38312102885,41710.89055378588,41688.86812357305,41601.42873074408,41801.947168114166,41990.55556397269,42035.82679187135,42093.69452484834,42138.509920418306,42492.08004304872,42563.87774089444,42571.204610794426,42411.957317908105,42536.70152134505,42533.671736289056,42788.39893306445,42928.093848070595,43802.88190793501,43960.34780773813,44119.13964768611,44179.62813696681,44202.80127413125,44150.76346714554,44361.93282108708,44690.12281267375,45073.067243728074,44779.718616315164,44765.44971879826,44861.72474778721,45237.63105220887,45309.62420942242,45622.75540404886,46185.97720758145,46828.44321557413,47042.29323725858,47164.66275085728,47287.53612147577,47568.27001515463,48242.79680849657,48583.30714778461,49053.14340775252,49002.28983804876,49264.480987890434,49791.563332024656,50034.46064641498,50011.06759304364,50252.2694435389,50733.0160555052,51285.61386553609,51399.15790296289,51695.521074236414,52063.66781961465,52496.10381559058,53016.76509113872,53542.56505363039,54065.99058380034,54272.46799630344,54829.08278139364,55343.83617247458,55666.29555271571,55389.07254229369,55391.37695159703,55243.91173141133,55856.64137516178,56245.42549484087,57209.151984700686,57386.12741304385,57703.04170186707,57924.61962984994,58636.14728503642,58759.26867755813,58710.77548094497,58806.33804965921,59845.735543253715,60510.104902564046,60607.21124394969,60838.4744314425,60693.17761977128,61140.63074628728,61438.12672239812,62063.87424462211,62199.04649041654,62802.988972260675,63616.6734421347,64638.47821946761,64862.59289248763
394635,350,"Goldsboro, NC",msa,NC,,,,,,,,,,,,,,,,,,,,,,,,,,,,,,,,,,,,,,,,,,,,,,,,,,,,,,,,,,,,,,,,,,,,,,,,,,,,,,,,,,,,,,,,,,,,,,,,,47083.90079258668,46881.341875332095,46795.4353045832,47015.68369104918,47481.71501578275,48066.25588256243,48272.14996804456,48482.873589851646,48143.1684063988,48012.319501779384,48270.1752769204,49225.61149506051,49375.37842380209,49013.20672501786,48885.660677306034,49589.124931647035,50537.32111031115,50576.79977771769,50631.539105766155,50998.26522820831,51765.40276733535,51981.97109549178,51963.669042084286,51319.92499652602,51404.06326219265,52310.39558487733,53039.50774181387,53085.082498889526,52769.471272091425,53157.69005047348,53564.157215574945,53985.360121535996,54182.04359703448,54897.41046583912,55432.22222222222
395213,351,"Watertown, NY",msa,NY,34361.257013023984,34968.14309922477,35294.9931716405,35125.902520893454,34558.63602491338,34497.28941662664,34324.57900838313,34221.015330750066,34018.58422147157,34081.040378153935,33765.86438841929,34111.500666012034,33702.51763915171,33429.52011413666,33406.22316491846,33625.31116705398,34328.00438188987,34162.51103362421,34603.61857138209,34254.24140671761,34373.726470008434,34141.15925271424,34586.60641127633,34182.77272894719,34435.89761884271,34485.68812070177,34756.201088969974,34678.34090872744,34664.56648609286,34663.37843881913,34633.337368685665,34899.57939917445,34943.521058817394,35075.1871008624,35022.956540122126,35796.921140386534,35999.44414305893,35932.64529540639,35471.01837416773,35769.95886417496,36004.10974846347,36517.84789434561,36585.071038779635,36723.040141914724,36343.445199318114,36182.9117894016,36419.30865805132,36463.21010739192,36850.79706528122,36621.93277391046,37013.25001560175,36948.94040440316,36817.96352577618,36635.84236961769,36687.27644730818,36695.39359679069,37107.09324569094,37379.280676739545,37303.45587605322,37121.42126837026,36842.57277776317,37194.616080248445,37904.27814510399,38084.34204653822,38480.12626801943,38435.16952698566,38494.155996789756,38404.9806612054,38832.070046111905,39276.083601473285,39344.624483088206,39731.40082469022,39990.25193775582,40049.38917188191,39982.69277043708,40217.66224191519,40713.25099107914,41274.934709903246,41791.606494910106,42069.00134392875,42127.687058379415,42636.42688200546,42484.37408056306,42335.37048308608,41769.415664752196,42620.692135209865,43145.897695740154,43257.89505243209,42751.70916576927,42731.03051921194,43195.67896622966,43690.7454858681,44000.70437837506,43403.632709346,43979.25831284868,44333.92941261448,45212.991446879234,44739.51023687041,44651.880379455826,45125.16771675176,45851.222505805876,46102.14519423929,45966.44829828337,45865.91356988403,45861.01729560327,45820.16196152996,45324.733230070146,45885.605061600174,46574.43548016334,47063.88688070432,47343.54549694381,47589.20276270775,48131.41825691744,48000.974239464005,48001.52356701953,48034.37487522207,48355.29659905062,48680.21856505484,48997.092908751234,48773.37150573212,48303.2350500451,48408.07449427186,48589.10110761288,48622.655740600436,48458.1401454164,48964.21603830822,49488.97889699612,49998.06842126028,50309.8184718973,50846.44163006508,51426.58730158731
395089,352,"Sheboygan, WI",msa,WI,,,,,,,,,,,,,,,,,,,,,,,,,,,,,,,,,,,,,,,,,,,,,,,,,,,,,,,,,,,,,,,,,,,,,,,,,,,,,,,,,,,,,,,,,,,34259.41878038334,,35436.785228469955,36066.122772074545,36384.232327054706,36112.46337216391,36958.72869409813,37675.74567520675,38030.850220777385,38191.60369586268,37350.68216694603,37488.23028857733,37228.198002924415,39084.84421072306,39358.88887724486,39576.02271631103,39284.01265623598,39185.85188995779,39795.03841351085,39939.71904247042,40175.907173151914,40275.87030583354,40960.232002273864,41197.89448122707,41154.6491585401,40282.14356226579,39914.50200467637,40249.41122180764,41518.3273269042,42136.52347535214,41861.447876776205,41863.46893752789,41985.95113220592,42248.974951884775,42527.657962345234,42710.72960625543,43359.12395176513,43523.96248301439,43912.15273162943,43824.745718423386,43276.76190476191
395217,353,"Weirton, WV",msa,OH,,,,,,,,,,,,,,,,,,,,,,,,,,,,,,,,,,,,,,,,,,,,,,,,,,,,,,,,,,,,,,,,,,,,,,,,,,,,,,,,,,,,,,,,,,28233.019788582485,27727.810565023046,27642.69949603057,27252.717878751853,27527.4344734273,27343.76582766451,27940.12833896967,27916.610104931133,28189.89883433856,27753.444099440203,27441.754950074042,27593.347553326737,27302.431199747723,27559.88475017736,27743.078335295402,28622.96096957139,29248.676056341446,29207.15801066082,28872.16351564595,29132.589590199837,29421.612691942726,29500.40485020361,29638.66830429403,29790.719763901558,29961.279515662623,29692.570819006196,29495.553228236513,29491.81908336666,29627.936393825166,29696.44514786768,30030.254595009927,30065.974690685995,30030.859044915924,30186.852107414867,30364.070056535136,30310.8643916905,30523.939238233997,31011.300770654085,31409.283556888076,31367.7033454991,31203.507863036157,31511.666666666668
394867,354,"Missoula, MT",msa,MT,30608.04348075069,30791.729513630988,31136.03009901053,31193.323962379563,31359.728358355213,31265.336361353526,31368.864532905864,31536.033355203806,31802.20555369193,32079.90118026101,32282.106930596026,32311.677475512977,32189.213615261342,32107.88303185878,32171.45876899647,32263.245096682585,32260.120157879745,32363.896534420444,32567.10531403734,32783.09327497688,32769.596826862355,32923.846530782896,32982.118457357894,33402.987438961405,33507.79226824815,33572.18663727296,33463.13696639879,33576.001047565805,33753.07880138925,33841.129002735026,33884.89578842232,33821.76207437523,33942.222201430406,33981.90356133296,34272.284374345494,34240.410763545406,34270.81590582619,34500.09670310111,34651.486368661965,34765.789156360144,34462.51195756989,34601.76525267126,34673.10456546845,34803.05314983832,34680.70571914873,34684.96814356961,34722.30925514671,35003.05197494365,35572.09408621873,35486.427019080795,35687.92099821844,35804.58753663984,36221.00978140766,36319.12930568066,36459.36432419755,36596.981060203936,36883.69334885726,37071.536808374,37123.865402980875,37064.933104125244,36813.88366074796,36978.76613266917,37346.65004881092,37745.87585637958,37534.20739527615,37600.285721359985,37950.38050663932,38648.07310728932,40382.11612894788,41181.66066218353,42071.65123985585,41878.977243683716,42769.35522218223,43285.94079161959,43911.95213521291,44731.6243756061,45707.18622661794,47635.864620154716,48919.645574802686,49468.143879233896,48870.15522652753,48577.77989497359,49257.69212087194,50287.143199270504,51616.40678305058,52220.54201826247,52671.20724411044,52599.61839773763,52868.56681353149,52446.023928260205,52209.127378479156,52382.17427465445,52818.27984415628,53697.09771131234,53853.19720061832,54502.63714765233,54172.71802872317,53543.56766255142,53416.73005078002,53930.59002193469,54758.84804079978,55049.2029555669,55318.62788000535,55307.87555700273,55239.59954442345,55135.00223827163,55306.133140237485,55293.64598907157,54964.676595815545,55073.22199840038,55595.79538023044,55875.00018605498,55993.316315298944,55993.71013578293,56353.444315798,56738.6259140721,56919.47563069856,57126.75389922256,57004.10848840494,56960.536260017594,57521.37489884733,58058.51757869675,58041.55392673146,57993.839865485694,57832.90272332471,58145.583143021715,58171.652490665685,58250.82483445452,58497.19935393697,58631.54906282226,59003.00906029655
394407,356,"Bozeman, MT",msa,MT,,,,,,,,,,,,,,,,,,,,,,,,,,,,,,,,,,,,,,,,,,,,,,,,,,,,,,,,,,,,,,,,,,,,,,,,,69063.53537825814,69696.160249806,70249.31057712507,71084.17668594375,71993.67975054067,72866.21801185868,73796.84535779458,74898.01717642359,75891.74575638602,77804.94221881937,78544.49935067722,79957.82333839827,79864.95107023437,80588.25344205911,81161.55292302284,82152.50739049609,82914.8896883491,84123.70076453907,85965.71382321713,86871.23979425395,87216.84586926112,86324.67430229299,85355.62451866247,84431.84505954506,84544.5938646337,85874.84512915806,87370.8509465469,87593.84502598958,88039.49914546497,87766.94071946538,87344.66878502314,86811.1895978284,86641.48126264158,86721.3616451896,86641.6143755912,86939.13672300609,86784.19562979863,87009.5305798896,87587.6643078528,87874.50669145987,87824.74303054762,87480.31135504309,87802.73865960608,88416.12005624901,88880.75588384278,89075.14990347045,89132.36284126417,89390.5389477549,89722.34050663287,88976.82093542826,87880.3311062921,87482.00686115827,87234.79007457732,87402.227551092,86958.08491682728,86466.61246228039,85957.87455351387,85653.21142868733,85489.00872430652
394333,357,"Anniston, AL",msa,AL,,,,,,,,,,,,,,,,,,,,,,,,,,,,,,,,,,,,,,,,,,,,,,,,,,,,,,,,,,,,,,,,,,,,,,,,,,,,,,,,,,,,,,,,,,,,,,,,,,,,38467.27203583326,37947.382438832356,37708.64067671976,37872.01945725109,37778.594584538165,38137.244546120455,38965.173757295175,39078.06609688207,39234.5161028661,39410.258841418814,39559.0654775786,39682.14806875043,39682.77722268076,39997.411211521074,40502.3300082577,40512.290696229655,40757.12405703707,40789.67686331699,40970.066199935805,41109.499872357024,41571.933523679785,41490.37161472747,41290.927589569495,41516.16538296397,42048.46718652479,42287.92758024381,41941.94081657398,42129.37590441355,42240.658099420165,42278.867312874696,41995.86689861626,42005.71428571429
394374,358,"Beckley, WV",msa,WV,,,,,,,,,,,,,,,,,,,,,,,,,,,,,,,,,,,,,,,,,,,,,,,,,,,,,,,,,,,,,,,,,,,,,,,,,,,,,,,,,,,,,,,,,,,,,,,,,,,,,,,,,,,,,,34747.38916077755,36053.751563067395,36181.35316635556,36798.07371925831,36721.23676856679,38419.256375345416,38262.85855864764,39160.903221655004,38488.01053076782,38719.05491218341,39006.117340437704,39696.21704312128,40032.84855478526,40296.507890989174,,40540.17439614682,41055.94644941887,40769.1042332243,41122.09495702058,40952.12810717496,41467.66377559263,41844.444444444445
395225,359,"Williamsport, PA",msa,PA,,,,,,,,,,,,,,,,,,,,,,,,,,,,,,,,,,,,,,,,,,,,,,,,,,,,,,,,,,,,,,,,,,,,,,,,,,,,,,,,,,,,,,,,,,,,,,,,,,,,,64281.333640545614,64552.60143740481,64526.51062529705,63341.13730982873,64138.59788893383,64417.82676634755,64485.47286877416,64588.243946738796,64707.41709677841,64639.25862072766,65060.40819404373,65452.73559192615,65772.56310465689,66095.09032053227,66865.7341024411,67436.21976462864,67525.6699829868,66627.31282306157,66265.49189615708,67045.05822387966,68414.54690204932,69335.95587477756,69434.7036842873,68705.0672043829,67843.06866356109,68114.18673116043,68250.81934292693,68938.57469040257,68941.16339773368,69838.23759043838,70670.0
394423,360,"Brunswick, GA",msa,GA,,,,,,,,,,,,,,,,,,,,,,,,,,,,,,,,,,,,,,,,,,,,,,,,,,,,,,,,,,,,,,,,,,,,,,,,,,,,,,,,,,,,60049.610569464814,59613.42701004423,59644.65285803737,60550.88297750668,61267.2704261595,62256.356914667755,62627.218494012355,64123.86170788739,64172.29510563123,64487.73247216279,64280.94157674428,65095.16146247941,65908.01601036087,65305.560780642365,65452.88467898317,65739.77037728697,66289.12161216138,65619.53384669135,65534.32381158278,66121.05099220933,66482.7198535659,66893.26131302312,66142.20204111924,66679.36742045934,67129.33309187196,67848.12826706411,67726.5515835373,67507.88124081008,67367.91796316733,67939.44368588162,67696.10074686409,67285.79752965894,67031.84574258202,67331.26971039889,68152.4943437528,68076.22644082399,67773.00973471234,68083.89628640146,68578.67807682624,68863.53528542494,68975.0569022239,69066.73741518384,69608.0914815302,69764.00960750986,70151.10193882175,70086.78887884082,70242.71817495834,70302.80701754386
395173,361,"Twin Falls, ID",msa,ID,,,,,,,,,,,,,,,,,,,,,,,,,,,,,,,,,,,,,,,,,,,,,,,,,,,,,,,,,,,,,,,,,,,,,,,,,,,,,,,,,,,,,,,,,59164.23477399461,58739.43701727053,59464.012623167975,59607.756525371115,59733.42256843227,59633.12995848256,59172.385809751424,59634.10576204423,60413.82134227958,61019.2553195211,61712.18247283875,61410.779890203805,61683.78475628711,61402.60635298072,61995.49236093087,62384.91674206474,63044.39531847885,62374.78881288334,62840.36486873549,63106.518123652306,63823.02008746455,63668.84175530713,63391.730076360254,63409.14869191912,63825.03508831297,64691.312687053425,64952.51924862159,64805.37234703781,64882.27100249321,65254.82200825925,65394.9370135155,65487.573126268864,65132.19920009809,65317.30938299489,65521.37614166444,66089.32750436549,66148.93594618303,66254.64198064769,66189.45049537286,66665.50973025283,66845.77488952734,67512.67014801415,67859.898989899
753872,361,"California, MD",msa,MD,45274.88088164627,45585.424191831735,45607.89463377314,45050.49977568118,45123.02217140772,45060.61942470522,45443.429664890675,45311.27785317649,45331.93328570003,45576.604226509684,45691.874034715016,45632.611807954905,45459.589815811545,45453.63410907121,45797.979493625055,46018.09195319458,46066.043191560086,46076.779074609985,46120.40822693057,46418.61322373343,46647.96697120826,46691.83112166909,46718.375852644625,46742.969724210125,46777.132859187834,46832.97919097312,46980.80949321133,47501.86216273771,47698.15838397864,47608.90708709193,47408.82001431949,47310.54765890379,47260.7928424376,47291.858307856084,47746.08206272267,47931.207094085454,48606.623587140144,48650.237742878555,48770.47422655801,48270.520075623266,48315.86391553042,48542.91704179572,48669.63565796914,48829.72673109003,49203.53112885069,49580.67220452414,49804.11777650605,50031.08768837677,49513.85693714854,49223.47106863056,49274.410265258506,49672.160096541804,49857.759922647165,50074.05607084065,50425.2892503155,50682.00197341854,50780.97817499198,50898.44759083377,50968.24282296732,51218.94611430735,51840.72762770629,52645.33776751401,53608.59281017809,53323.26980507449,52764.048537437884,52600.62267356397,52621.2023983067,52744.722784099555,52757.71937924319,52670.63582957862,53593.23441655832,54288.57348284858,55433.10697369579,55433.919775075665,56315.121729927596,57158.52523300871,58276.687901688325,59123.236468619594,59473.68611258068,60447.36597487384,60636.21066997742,61998.53991325115,62018.561595588086,62557.25150141504,61591.25647897082,61518.759103187695,61014.12623291298,61380.83179386955,61362.95595891905,61634.41688493152,62314.425644086456,62475.09577103195,63304.99059945423,62664.85132007748,62520.758007204495,62122.93255624415,62473.44846076844,63139.940007768775,63469.72970248814,63527.815276987036,63965.661957634686,64503.291438233246,65207.24754488155,65784.68785248342,65827.20012541932,66446.42376322632,66600.38484219028,66999.48976467946,67599.66999224128,68117.30023581466,68711.0584744334,68769.7797280911,69614.41111813884,69449.08472569143,69745.85290118337,69093.58770616839,69310.03725194886,70068.55038664781,71062.53621790979,71695.55519065038,72085.7582579804,72215.36228835669,72524.89821689694,73208.07681543191,73152.09257909961,73806.31510201035,73951.013561894,75028.76176660159,75580.86473843301,75680.25339969,75774.31457431459
394893,364,"Muncie, IN",msa,IN,,,,,,,,,,,,,,,,,,,,,,,,,,,,,,23971.453699928275,24493.46085418716,24803.40564635444,25162.833812549703,25146.66123439366,25256.54549817234,25420.731253318645,25492.27869776841,25455.483497602592,25197.600025866075,25500.526037834745,25496.831039880497,25586.53155725465,25621.81876862344,25988.809143010512,26354.500454943733,26420.058335463757,26435.793319318527,26703.188942423596,26828.915302562247,26910.784257925876,27279.118970448177,27473.99704348986,27707.27000599121,27895.22517086373,27851.519833289167,27537.875948829267,27327.09581237249,27440.491131134895,27503.048822755707,27336.896612911685,27305.105272214012,27391.939499459677,27751.03478775476,27684.813271757837,27940.981542602512,28167.324394687872,28856.383271483435,29162.31857119379,29325.713753703767,29150.68989730995,29464.047525989226,29677.614776452025,30371.715666115295,30310.448031186832,30601.053862786583,30680.68817229593,30643.331253365894,31138.436508185885,31238.27792725811,31504.711293897908,32168.410513107774,32990.026045276565,33727.465647157354,33517.713545813895,32935.655187255135,33226.71884477695,33463.94707680918,34396.67303014051,34674.68445088119,35138.579749346565,34882.31248769894,35339.512940468936,34992.71117731916,35009.25517276265,34798.46990941703,35225.57896754367,35849.69588005277,36362.9444340568,36555.13649588312,36273.016051786595,35942.109307439125,35946.83097335281,36697.597344427886,36977.77902886484,37290.242418342816,37073.79420743684,37193.139483646875,37351.487064499255,37697.64453274289,38035.8157106944,38365.15896694696,38218.61770038171,38398.53014763999,38530.21456003442,39128.46899226322,39408.13237466231,39580.96970335811,39849.05141306085,40255.18015355131,40493.93922220248,40546.95212261912,40498.29737321776,40627.174780336805,41226.94882208447,41754.72167547161,42092.557997011194,41824.159612594834,41906.92934909089,42221.70810836611,42650.51830476584,42853.70370370371
394857,365,"Michigan City, IN",msa,IN,,,,,,,,,,,,,,,,,,,,,,,,,,,,,,,,,,,,,,,,,,,,,,,,,,,,,,,,,,,,,,,,,,,,,,,,,,,,,,,,,,,,,36462.55031057123,36076.95679636115,35505.47651529678,35448.36627786276,35707.49077386479,36692.517017193655,37205.663254790175,37675.61904159227,37545.54921770086,37842.40073422359,38365.71851199717,39124.571082882314,39176.2296833693,,39028.12397231042,39481.488289785,39597.29320275389,39583.67258899575,39969.65620516123,40259.78686044854,40816.1792142835,40546.16871514726,40155.611450151,40213.035365412754,41208.73440590241,41498.88417675238,41860.988631532186,41980.46444799853,42050.65201831809,42137.002999513956,42289.96209336339,42993.68502434463,43206.3827601919,43736.01918368796,43728.26635264303,43762.50933809074,43541.12767798497,43911.74025142546,44476.343160518154,44773.67364110548,45221.91166967709,45574.302188106776,45763.8010489811,45604.01305425968,45825.70490686975,46154.84160280773,46925.92592592593
394788,367,"Lewiston, ME",msa,ME,,,,,,,,,,,,,,,,,,,,,,,,,,,,,,,,,,,,,,,,,,,,,,,,,,,,,,,,,,,,,,,,,,,,,,,,,,,,,,,,,,,,,,,,,,,,,,,51620.75240037609,52042.45747245066,51541.69369378753,52324.249783619794,52703.74151297888,53852.09466838429,53777.28304466578,53787.88642798706,53040.2902782685,53535.25284694176,54457.826614461555,55497.87104476787,55824.00656701695,,55067.36047235444,55334.87207935871,56584.79017078523,56904.44947795553,57718.05357788332,57514.93006577029,57930.285564964506,58518.86930122944,58957.91038627503,59013.69424633095,59043.49442400373,60135.27647384791,61021.28992158385,61176.15986692289,60834.31872741533,60716.161632099174,60583.653219609325,61479.76841629464,62184.865624320846,62195.325386583674,61922.981060831095,61776.21253011158,62084.76190476191
394804,368,"Longview, WA",msa,WA,,,,,,,,,,,,,,,,,,,,,,,,,,,,,,,,,,,,,,,,,,,,,,,,,,,,,,,,,,,,,,,,,,,,,,,,,,,,,,,,,,,,,,51763.77164350986,52201.07223081358,52673.249850596236,53624.194312850705,54812.253614397734,55251.732651426384,55392.79614589359,55361.925550678985,54959.79862250554,55497.90437026054,55129.60573973828,55478.517728274215,56031.76141823128,56121.89467855023,55878.96496748579,55744.21702803687,56060.636228696494,56506.12826642685,56315.790916849866,56293.67037777223,56319.80866509253,56527.56857938835,56970.64574895355,56522.893546969295,56752.44557006515,56353.877839918925,57089.80426009849,56932.71659287984,57072.24864878626,56622.003832115915,56424.195550539036,56723.912229341586,57921.93883037867,58777.45456588838,58937.6654731866,59357.91368631244,59279.69188159284,59872.77796936168,59704.28200365298,60036.83096437909,59842.99934261202,60142.799028969195,60547.643722244735,60434.00602421867,59599.554156189166,58729.48717948719
394734,370,"Kankakee, IL",msa,IL,,,,,,,,,,,,,,,,,,,,,,,,,,,,,,,,,,,,,,,,,,,,,,,,,,,,,,,,,,,,,,,,,,,,,,,,,,,39352.96081887083,39590.96611297738,40098.57914833619,40256.33277194733,40952.8780958577,40633.71973185776,40558.95387510761,40320.09258622451,40180.534999525866,40465.706071023276,41009.57533168935,41518.02689866832,42607.61793733827,42931.951777158734,43463.208968134415,43313.634968718,43714.46875218024,44099.30850185977,44214.05932893127,44607.244991894615,45142.046456371776,45544.323990475124,45498.14502398854,45782.48239614106,45573.85919181042,46142.36654695308,45819.528156341614,46197.271532681065,46141.20880758977,46803.91531617331,47333.33367886301,47636.76304623611,47674.708418182796,48283.51714900929,48381.11323608102,48963.190199534096,48548.901045245024,49012.368231291184,49533.05476470268,50062.272488702474,50237.11370158328,49662.560873340946,49677.95941393691,50106.90709587297,51451.12994985178,51390.5621049537,51899.04552023228,51806.604725688,52610.870525236256,52460.32139461493,52646.99606026021,52597.139428897455,52875.37367970013,53362.090633147636,53464.91398989457,53245.136092403896,52348.8888888889
394709,376,"Ithaca, NY",msa,NY,,,,,,,,,,,,,,,,,,,,,,,,,,,,,,,,,,,,,,,,,,,,,,,,,64210.15716843241,63792.19373254112,64668.23098849601,63401.475401616146,62165.769081625396,62384.230202559556,64076.573552232745,65180.17968930017,65808.33650228057,64612.24606234624,64988.746096651514,63894.85978223132,64254.00238772581,64842.35726512695,67062.4587278232,65546.64762504719,63990.05101608884,64487.72296813865,66042.68080199683,67102.05836841985,67682.24752441805,68044.33905431203,68483.44793272979,66967.56957277769,66107.97123356535,64709.23646061206,65363.97272472971,65958.16671592226,67526.62755950425,67723.74304386706,68412.59730612581,69686.02491251356,69937.21036965732,71277.83486476439,71171.04906792384,73259.77813941975,73731.19003090255,75249.59263970351,76841.97318577793,78844.46470645098,79837.75964580712,80022.79698728664,78403.85032913896,76617.31049141932,75635.50543016542,75733.88396922083,77535.61126677551,79830.6764814077,81073.48188659684,81680.43547603147,80769.25538140864,80349.62846738037,80509.03256838907,81345.98557586764,82633.18182813679,82850.72342591945,82793.04916107771,82247.71366062025,82280.01031446295,82560.07360202019,83590.4446988151,83669.92360484072,84109.65757762459,83426.34120810119,83820.56873255923,84031.8535995896,85627.56174178589,86263.53610210412,87001.48423536094,87254.8364312081,87227.93792706878,86171.3064916198,85469.56664868492,85644.83380689408,86225.12024048145,87357.6628742935,87563.20093163867,87784.84879128146,87042.33153917758,87589.32617159084,88050.60905089678,88870.59176782145,89316.84066471164
394637,377,"Grand Forks, ND",msa,MN,,,,,,,,,,,,,,,,,,,,,,,,,,,,,,,,,,,,32974.475669326006,32652.272589336397,32503.643117491818,32237.388681876273,32454.079865707525,32352.91969070726,32387.56889955113,32378.017035230194,32521.086774267333,32577.82784811751,32493.183286485397,32197.789056117377,31973.979208302077,32194.552419352738,32216.347795080088,32462.615243268363,32520.1288841186,32835.42101389095,32830.98416933709,32626.040216058154,32398.664321262368,32414.901101525153,32751.295317990294,33073.36151801733,33415.13424318828,33613.539152129626,33816.88872870923,33447.842461853,33344.01732544608,33423.940973846715,33447.36153719218,33314.94741640248,33468.07068936825,33751.523265790565,34026.77056625004,33703.724237075825,33487.29153822223,33638.759851300485,34055.17173995695,34214.09247542729,34182.49526950144,34232.00087699069,34345.25863707914,34510.06134935985,34652.60044590991,34673.96552215455,34642.78477572839,34984.8223776142,35108.40727292888,35119.89577948017,34967.071669015306,35080.23955440727,35464.29182624524,35630.39287203988,35874.18937439991,36075.49450657819,36270.41621331554,36357.103489042434,36574.22912102936,36637.226585754106,37038.50791174675,36991.7870527594,37006.65677917192,36859.39745955452,36920.00805532405,37142.2250437342,37340.12544515417,37682.58542792162,37717.718253371546,37901.8733106234,37919.97795997114,38197.978877949456,38185.33821225555,38465.80803854972,38666.75760082196,39006.62058779474,39148.86260503773,39355.54596396799,39630.16564854508,39838.96009942456,40176.40316887594,40170.37810307403,40450.58784403478,40784.65712886093,41067.35288586349,41360.815329380945,41719.66391780853,42002.01216437601,42287.95864234891,42491.65507742626,42643.49044283443,42788.30919652223,43004.188828771636,43452.17817923118,43736.25443547124,43861.384863123996
394524,378,"Decatur, IL",msa,IL,,,,,,,,,,,,,,,,,,,,,,,,,,,,,,,,,,,,,,,,,,,,,,,,,,,,,,,,,,,,,,,,,,,,,,,,,,,,,,,,,,,,,,,,,,,,,,,,,33903.36385990956,33448.15284914503,33418.223946127306,33114.424191862985,34115.75106417119,34311.434719695884,34708.98167696771,34530.97242803076,34930.72961365719,34993.21977404044,35203.04290100195,34727.32219206204,35468.45750113312,35396.079693575004,36066.55218139063,37279.90076372491,37538.92129920743,37747.06642249726,36640.98159535455,37115.23563341392,37111.036801067,38017.12548471236,38637.46489458196,39051.824895293204,38757.125560521665,39508.35312862814,39627.232249135355,39594.10093660063,39521.913491469764,39768.035942393006,40671.28519281741,40809.86686747264,41207.885042585294,40922.59957879343,40830.95238095238
394369,380,"Bay City, MI",msa,MI,,,,,,,,,,,,,,,,,,,,,,,,,,,,,,,,,,,,,,,,,,,,,,,,,,,,,,,,,,,,,,,,,,,,,,,,,,,,,,,,,,,,,,,,,39646.5756712119,38818.00670036962,39781.14454452462,39871.527696756086,40317.50698721603,39805.73092389149,40213.06948995259,40591.0871309843,40838.28867720752,40708.90621243747,40607.43006963104,41150.667566226904,41126.25023169286,41510.65082615578,41156.68287768974,41410.841808839345,40595.00664754726,40399.936807538135,39899.00763940988,40761.021533673185,41628.00509842501,42939.70335010649,43249.33514073784,43408.26544300593,43302.55472787863,43354.815492008405,43188.78912710194,42627.1953645617,42932.241271789055,44257.50157911578,45329.08543286513,44905.70420289821,44423.741609521625,43949.39049008454,44042.25487788724,44070.10743246209,44430.943373167785,44802.186045607436,45363.59878423536,46065.53715701322,46531.34305994807,46033.042252340376,45733.333333333336
394599,381,"Fond du Lac, WI",msa,WI,,,,,,,,,,,,,,,,,,,,,,,,,,,,,,,,,,,,,,,,,,,,,,,,,,,,,,,,,,,,,,,,,,,,,,,,,,,,,,,,,,,,,,31542.20435807904,32370.76267182074,32420.943750467446,32916.50609520598,32727.483378521018,32602.298513622496,,33070.5711916559,,34066.66176465196,34230.23730295562,34278.23287637583,34433.5443505996,34819.03417406655,35227.17349960206,35810.46683884515,35924.76771565452,36211.76816116732,36264.229978248615,36508.88771304667,36799.86700480985,36765.230346387325,36542.69805161057,36695.27497489245,36874.96292909696,37601.42353479286,37628.573667729135,37473.916546676875,38034.87221115454,38942.46049464981,39591.045938221425,39511.374025255296,39582.06354863879,39570.330874872925,40217.23625009719,40406.111238570695,40623.38672286433,40178.39481308971,40433.802254158356,40645.44735942229,40651.508848366175,40277.36810101065,40158.405311146744,40408.3191694249,40514.19304588032,40753.2905982906
394630,382,"Gettysburg, PA",msa,PA,,,,,,,,,,,,,,,,,,,,,,,,,,,,,,,,,,,,,,,,,,,,,,,,,,,,,,,,,,,,,,,,,,,,,,,,,,,,,,,,,,,,,43713.2007369583,44024.392405660634,43874.55605434014,43406.01676656583,43736.97141749118,44264.1597651809,,43937.97537555547,44371.367887936496,,45023.49792797086,45029.782941655336,,45149.080018845256,45263.40311138699,46097.13255354865,46363.985272609185,46260.72123656878,46594.59267091216,46984.48582576479,46500.33649434066,46931.0542780238,47230.439051704954,47988.447294494596,48021.415508262384,48625.0401068672,50008.162246433116,49614.44804935508,48931.337727168095,48346.374134563535,49005.35407718882,49022.36567089694,49220.58564031156,49008.94600787752,49542.80567426173,49423.806432488745,49957.59552347702,49353.10359604171,48700.263722318756,49062.66193693772,49809.21660015223,50585.43709567282,50253.11281187938,50546.492320581674,50921.70714487703,51113.89412610286,50948.8888888889
394620,383,"Gadsden, AL",msa,AL,,,,,,,,,,,,,,,,,,,,,,,,,,,,,,,,,,,,,,,,,,,,,,,,,,,,,,,,,,,,,,,,,,,,,,,,,,,,,,,,,,,,,,,,,,,,,,,,,,,,,,,,,,,,,,,,,,,34573.11267353874,34935.90621642463,35290.050167973415,,34543.72853342359,35188.0574447157,35794.03006597344,36456.55565547334,36283.57123266653,35699.53371740377,35246.9957674673,35133.724470024456,35352.000158253046,35754.26226408819,35839.42182334241,36790.51182663733,37288.8888888889
394823,386,"Mankato, MN",msa,MN,,,,,,,,,,,,,,,,,,,,,,,,,,,,,,,,,,,,,,,,,,,,,,,,,,,,,,,,,,,,,,,,,,,,,,,,,,,,,,,,,,,,,,,,,,,,,,,47030.78785125602,47386.83467252623,48584.07332529141,48695.77731983077,48649.91210159624,48682.29082989815,48146.35146820719,47997.59817514863,47791.82081366375,48951.970344976886,49482.285769066366,50250.243788355714,50073.42523025611,50334.26809425831,50074.74258494701,50279.85029235434,50432.80671845156,50999.64168270735,51246.651012732866,51747.858005482754,51627.939124340905,50166.906029143705,50585.31602200819,51041.47952563131,52766.40802756169,53093.620334917774,53308.85290426769,53424.02294692364,53857.10956063352,53994.44550845841,54564.7446404408,54827.89572691112,55511.992126951845,56582.49916964507,56391.769666279266,56326.02773252203,55480.0
394794,387,"Lima, OH",msa,OH,,,,,,,,,,,,,,,,,,,,,,,,,,,,,,,,,,,,,,,,,,,,,,,,,,,,,,,,,,,,,,,,,,,,,,,,,,,,,,,,,,,,,,,,,,,,,,,,,,,,,,,,,,,,,,,,,,44797.549998313494,45175.978551123495,45207.450807146524,46456.92479253683,46193.50520876835,46274.3710239299,45884.32753256768,46001.43676600335,46755.77713316055,47380.75869028436,47868.25147833688,48389.548485605796,48900.17466243344,49344.120857292815,49674.36368580146,48981.3860698312,48998.365987201396,48759.25925925926
395080,390,"Sebring, FL",msa,FL,,,,,,,,,,,,,,,,,,,,,,,,,,,,,,,,,,33926.91819104455,33327.87727570022,33210.73160321051,32836.407511809666,34423.5420864302,34850.46894343031,35662.39942671076,35203.97227334029,35106.419266038014,35132.80157726928,35345.54316549452,34851.55463543335,34810.89120343196,35111.858264405615,35999.48599846863,36167.51862965966,35603.92526780616,35561.36960699835,35519.38411851353,35703.76412309125,36288.17722765084,36542.87685109368,36858.53075417631,37174.65279178256,37449.00205271282,37667.411945799606,37344.2716067508,37504.397828577254,37763.52513476996,38104.78789776589,38040.69627435906,38126.9663928249,37954.81434536031,38553.19730792128,38482.907624623724,39432.00589095534,39614.91332699514,39979.27044355499,40389.25702773045,40707.961405195274,41609.12026646818,42465.71595138961,43093.78129678912,43364.094521349834,43957.40756978331,44417.01948846465,45108.763896718265,45771.65011715437,46525.11429397342,47294.76405118877,47507.12966387638,48426.378097663175,48890.9847804022,49540.69001497692,49843.05057913569,51123.094666589095,51588.2213846392,52183.42931505058,52372.2228426874,52326.366131206836,53016.08469112687,53469.45691347922,54614.34572488015,54725.01183880889,54944.22220694239,54758.18976017259,55690.22566533552,55707.22097346093,56182.159011998425,56139.98861087598,56424.415957577854,56847.09083693307,56692.466843104026,57070.15268913794,56986.601455706215,57239.74818954397,57308.651990653554,57236.69002917631,57182.47672935029,57316.145055035064,57712.10887146675,58202.894554927436,58373.126376214714,58215.45103001204,58394.69276704434,58482.34110829833,58517.91040708241,58630.731290477335,58892.24398030199,59395.270009582724,59383.07036332122,59450.68910150881,59230.81616144179,59152.147550599235,59208.82033944144,59482.12250499305,59591.774969671,59541.26984126985
394462,391,"Cheyenne, WY",msa,WY,34882.833772393,34801.63975655355,34776.97378704198,34967.2258651056,35258.19812585349,35200.876183280845,35489.74750930503,35453.68707318791,35544.318184523356,35322.192890311475,35546.650251319516,35401.8954426659,35712.21352807347,36009.74690801727,36406.95439359124,36432.12666716546,36221.50187137365,36228.250810819256,36191.208943181104,36203.12511796255,36324.462396172654,36320.66696416651,36294.45026188788,36292.41025318817,36359.08861350995,36475.01056682668,36527.2058806194,36629.82996177738,36627.864984574626,36649.806052931555,36373.604594482524,36498.28399617941,36317.352560255946,36629.99338192579,36716.823928590944,36987.190384392554,36934.824322395114,36959.9344840704,36862.5471807337,36869.17387268886,36955.47260413397,37070.8245307786,37470.48693351748,37452.103694132005,37782.29944115114,37712.615788535135,38049.92771950316,38090.719111827304,38326.10342079953,38186.107691118465,38389.51545985315,38566.731464781195,38787.269549482975,38947.64615121759,39038.32240278797,39268.1655072877,39360.54761004972,39563.177801917074,39564.68701737888,39729.50906562685,39889.53330949537,40307.819979707696,40563.513378289295,40465.658819048986,40337.99477030024,40449.63270672393,40576.66755847271,40813.163819863024,40953.91718791988,41155.60598144406,41517.00627615459,42234.61738934656,42213.37825962957,42142.51695749661,42132.1654598237,42630.79875567993,43035.45198907943,43302.013383997466,43826.78769489989,44120.919986413275,44783.25911740724,45133.726250278334,45441.81101223373,45496.17688739668,45501.41605304528,46006.84221526704,46145.36827592851,46647.0060063422,46939.729786399614,47301.734886506965,47320.54030521845,47536.66577689549,47494.90137131406,47630.59853360442,47632.852703499804,47521.26033468779,48110.08357216029,48151.38825845468,48774.18258555331,48534.12901655611,48633.64916974646,48682.42423355502,48899.44227209179,49304.669650577795,49394.10870388352,49664.3669876525,49720.67050428514,50391.957594900574,50605.05062675567,50853.18320636597,50797.73858270429,50710.099456923446,50724.55937183435,50712.25405510937,50999.03440148702,51343.91560508213,51669.33947813605,51848.51216281501,52146.118852821215,52155.69195756438,52204.051229096185,52400.399660245814,52615.05831802607,53197.8840322599,53584.19393060169,54012.60006596332,54187.471535126206,54188.795763372975,54417.51817972547,54649.262399917,54938.98412698412
394689,392,"Hot Springs, AR",msa,AR,,,,,,,,,,,,,,,,,,,,,,,,,,,,,,,,,,,,,,,,,,,,,,,,,,,,,,,,,,,,,,,,,,,,,,,,,,,,,,42999.58225440731,43313.72607880121,43098.729909790556,42609.562925862934,43494.851105167865,45383.74825621649,46178.70699088043,45023.59083525396,44643.961270567146,45445.14733881053,46171.203925492686,45925.39641109811,46491.11161223178,46976.84976880584,47879.40296041273,48064.32574814038,47961.0046781782,47070.60009322671,47629.06002773292,49275.220882516056,50014.50121653204,49609.93361874962,48647.88824286252,49206.840265952866,49527.94618042622,49917.451583166316,50104.39638484698,50760.50854720844,51327.4686254873,51608.5254997438,51591.25007817169,51528.952070246305,51933.98524293192,52447.616485647595,53246.140469878825,53189.5086585852,53276.47113331909,53123.11867341334,53162.87579867555,53511.81268768019,54324.542582255526,54193.853863509685,54386.49685366443,54415.98324612554,54395.29979511909,54591.875140312135,54829.14515885879,55158.28573412047,55305.77808413873,55621.310677070556,55798.970355324855,55648.30143891842,55183.96899434394,55726.19047619049
394542,396,"Dubuque, IA",msa,IA,,,,,,,,,,,,,,,,,,,,,,,,,,,,,,,,,,,,,,,,,,,,,,,,,,,,,,,,,,,,,,,,,,,,,,,,,,,,,,,,,,,,31799.099691041738,32143.875810643418,32473.518250051984,32527.0987685479,32392.542580212874,32247.128445684903,33051.28386127047,33519.2045845476,33762.8245491848,33586.52639312414,33805.32747362897,34083.367020084785,34095.27176821091,34526.89036272404,34458.65448236363,34781.00522198509,35420.853872304906,36170.61694348214,35825.27899098711,35634.47238579596,35672.52561269988,36540.80458724806,36372.116179344936,37013.90222066645,37119.28359344441,37988.6030581519,38126.85651602742,38294.88341137657,37951.427673135506,37739.2557514888,37766.18598650853,37533.04351228583,37508.40137414516,37524.90959790211,38436.54492841163,38780.80382453676,39086.05800922752,38560.1141919772,38839.25943926212,38942.42511094753,39292.1526933704,39479.746477150686,39801.4821487509,40297.408352139086,40534.70291643039,40369.49296828253,39916.088545909566,39475.44220485397
753912,398,"Pinehurst, NC",msa,NC,,,,46170.21305424087,45599.61909247276,45951.70765451292,46034.757647998136,46313.443110191416,46424.22182770999,46254.90855873891,46802.57704948012,46552.177977550586,46761.3590236414,45993.71836036245,46161.13257216198,45904.00431427544,46158.28027620755,45809.05337535701,45839.68336550346,46488.04273473775,47047.59894178979,47179.98784028414,46557.170525007336,46823.53949136948,46496.032906711254,46893.54850024042,45988.27177441754,46127.79450770761,46295.87271173414,46860.3235333085,47217.44839639478,47101.811182228186,47124.94487283225,47062.9532090578,47080.36770819292,47376.68088595993,47641.70675524058,47907.73243985025,48156.06017455302,48196.00935596128,48289.768734952406,48335.948092098646,48347.6912397355,48586.392104096405,48531.06740453025,48399.11794166003,48479.96191965954,48685.50714547468,48695.245862671865,48876.31890890245,49331.53258007587,49532.00826634645,49603.785501912316,49618.10734988585,49704.95048907069,49728.95977158594,49953.77908253451,50392.665185230195,50774.733807157194,50764.90705397765,51041.63683676931,51061.308469046475,51813.17446867495,51362.22931207731,51400.46041786084,51379.01753827554,52325.228194731964,52652.630140023124,52554.47223868303,52825.257260357714,53428.75530550971,54128.31682262682,54752.68312897835,55339.11052770843,54368.96841060751,54836.68394057185,56014.12943268351,58567.93619921463,59522.41684604643,60252.84758169993,61866.28292718062,62688.36339933131,62479.46590808087,62946.016943065726,63062.25753369351,63921.08398322654,64889.69863187001,66258.62660984737,67035.05539721249,66744.39942247779,66931.93536340956,67096.85940133834,66997.97709281361,66773.93989195376,67684.93055344786,67692.81364646528,68257.09742034724,68634.37200261308,69741.27058282061,70308.43851809186,69869.78857303747,69726.26104180815,69307.22727626555,70165.96982194662,70368.86593176254,71246.34101261747,71149.91317468694,71456.51077245746,71569.42057230613,71585.27254481733,71278.62510299796,71315.22200183015,71495.29093784679,71910.58642447919,72258.16335704857,72694.17892873901,72701.25023902145,72556.20927711512,72043.30138940207,72185.36790289078,72263.64049668044,72340.18891919027,72330.66412810917,72189.12600263437,72517.53346028559,72695.50320942,73011.16150509946,72643.63857265405,72945.30258528622,73092.77394007402,73791.50519978107
394953,399,"Paducah, KY",msa,KY,,,,,,,,,,,,,,,,,,,,,,,,,,,,,,,,,,,,,,,,,,,,,,,,,,,,,,,,,,,,,,,,,,,,,,,,,,,,,,,,,,,,,,,,,,,,,,,,,,,,,,,,,,,,,,,,,,,,,,,,47116.280745863514,48018.09783358008,47731.996427027276,47824.94985787444,48023.835462708026,49082.235453366666,48301.154260919524,48343.30818566415,48797.64356376659,49524.31392866409,50742.50721945422,51622.22222222222
395190,400,"Victoria, TX",msa,TX,,,,,,,,,,,,,,,,,,,,,,,,,,,,,,,,,,,,,,,,,,,,,,,,,,,,,,,,,,,,,,,,,,,,,,,,,,,,,,,,,,,,,,,40065.24420484114,40200.29937852195,40005.58071192695,40067.58772911223,40048.78292944946,40434.417881175206,40337.75683812967,40273.657729117505,39668.24996939497,40432.016503402396,40837.21831941579,41400.359157651816,40777.77012884777,40411.82005680306,40427.82367340175,40555.19967901412,40946.08807904991,40623.968519099464,40574.42714132255,40548.77249617075,41445.37776894036,41406.47984223131,41276.88912565736,41117.120073215585,41337.836539749354,41705.20313694901,41919.30714241603,41910.33722078891,42195.349824481236,42953.75475584009,43346.009630912464,42932.77455279183,42835.59680210648,42734.40069905509,43032.460200238165,43221.77801598182,43602.55344844179,43794.59765199255,43997.281776062155,44263.21841002735,44188.57845116658,44023.65764259511,44133.614345176466,44829.19976528486,44952.13445378151
395038,401,"Rome, GA",msa,GA,,,,,,,,,,,,,,,,,,,,,,,,,,,,,,,,,,,,,,,,,,,,,,,,,,,,,,,,,,,,,,,,,,,,,,,,,,,,,,,,,,,,,,,,,,41427.13289252946,42304.551085617364,42616.23960173906,42220.95792177353,42841.55799923911,43370.51177143792,43976.744978219285,43877.75729174273,43715.16034785257,44593.00637319032,44364.05319192472,44813.42086242079,44011.952885252715,44537.68656203363,45011.32974791131,45469.802483671585,45299.47653645313,45557.32679064775,45645.35011378108,46113.27354490153,46281.617671726744,46248.53654795035,46407.10328031592,46504.17605344582,46002.85656867395,46360.31804496608,46015.998258537096,46606.658667091906,46899.629290844314,47526.80207262032,47689.054565257444,47881.55361595025,48161.025088230774,48301.67976581693,48604.73529176765,48688.53008606362,49486.58567642778,49174.51478429847,49506.87007974327,49220.665215008594,49223.288014566184,48751.87775187776
394441,405,"Cape Girardeau, MO",msa,MO,,,,,,,,,,,,,,,,,,,,,,,,,,,,,,,,,,,,,,,,,,,,,,,,,,,,,,,,,,,,,,,,,,,,,,,,,,,,,,,,,,,,,,,,,29425.704494592443,29659.040995389205,,30350.983610719166,30731.8123645398,30889.424215224353,31561.463529303583,31530.26178319165,31170.687616851046,31096.76292698671,31873.63632637345,32085.68627507796,32301.70964742339,31867.67436930232,32163.234363714517,32379.20472080348,32340.81027569914,32443.003375910517,32624.667932720567,33135.95292125588,33338.491036052095,33262.04817379975,33203.070605109315,33478.67411480172,33422.75066230118,33861.45821099999,33782.22176390975,34113.74116233995,34388.12784767624,34634.91078191636,34520.45003775574,34436.459656363426,34707.51422920678,35006.669000633534,35095.46465099596,35190.35108963806,35504.35648359157,35697.474671690645,35852.969567208886,35800.00607208826,35853.60829980774,35910.616021172566,36115.079365079364
394580,407,"Fairbanks, AK",msa,AK,,,,,,,,,,,,,,,,,,,,,,,,,,,,,,,,,,,,,,,,,,,,,,,,,,,,,,,,,,,,,,,,,,,,,,,,,,,,,55296.58548571748,56993.055108261935,57361.730237961,,57846.033692523444,58015.12522620512,58504.179138993255,59504.99676151226,60200.87385843992,60361.103649918725,60192.06091630956,60936.542848033016,61731.90032288832,62778.94847555453,62990.40420088784,63005.61000958778,62739.0573117349,62774.4931854273,62967.352863501976,62927.4531609356,63278.31504877722,64994.580994199605,65950.89593261993,66342.91681664361,65092.48539065443,64173.33794381504,64346.42815667474,64855.86182352022,65175.39373075731,65487.33188341579,65313.53916567422,66052.02385381151,66330.62224677438,65820.69708007674,66288.01526644273,65853.18776323137,66811.33401024612,66729.56216367954,67214.84374314961,67774.39800983595,68074.18991959652,68454.03227336566,68552.07895736431,68372.0733303051,68405.75155284225,68475.0004249062,68232.4125843339,68725.27225493986,68899.121155407,69634.829616021,69591.9958442178,69335.1015247655,69454.04046087281,69420.97187099465,69787.4579124579
394513,409,"Cumberland, MD",msa,MD,,,,,,,,,,,,,,,,,,,,,,,,,,,,,,,,,,,,,,,,,,,,,,,,,,,,,,,,,,,,,,,,,,,,,,,,,,,,,,,,,,,,,,,,,,,,,,,,,30160.328933845067,,31238.298513679634,31429.658325190965,31771.032061928116,32046.811750237463,31801.357000372096,31495.63610683892,31762.026773492595,32224.655552819557,32738.12674904993,32604.48502406634,33221.79928335077,33715.07239447232,33818.20779819062,33859.207589014986,34134.582308939076,34648.79383214006,34643.750542804206,34952.64731871738,35012.00167894678,34891.66603727577,35952.5279007069,36561.7736475747,36562.98095292267,36152.357179277045,36348.12946679194,36591.76300831985,36829.28688347637,36806.98368640625,37423.262918154134,37613.33683028484,37776.378917103386,37984.359106892625,37373.968253968254
394928,410,"Ocean City, NJ",msa,NJ,,,,,,,,,,,,,,,,,,,,,,,,,,,,,,,,,,,,,,,,,,,,,,,,,,,,,,,,,,,,,,,,,,,,,,,,,,,,,,,,,,,,,,,,,,,,,,,,,,,,,,,,,,,,,,,,,,,,,,,,,81108.81384300694,79649.37677427307,79213.78664908228,79076.34350420325,81220.82749206609,83875.23345283783,83464.26159874772,84276.0091237881,84841.39505736128,84595.16753267912,84017.7777777778
394505,411,"Corvallis, OR",msa,OR,41228.99810097315,41494.249236621814,42110.701849124955,42504.334077987645,42298.63774002193,42257.501917882764,42037.49975766028,42261.83885559537,42402.197641047846,42453.740782573324,42202.24539806505,42395.86963448608,43009.6706335599,43880.41490527906,44017.86865952124,43481.97630841167,43546.68138346798,43821.6056910609,44451.78554442033,44647.29987521834,44507.457188497094,44566.244370547865,45144.29913064416,45507.76297049523,45612.377669515976,45262.79511837895,45431.52008482768,45713.610528812955,45871.75464253792,45903.29602351295,46040.536274132566,46178.565545110316,46711.69995040703,47133.73418293302,47365.82908567426,47085.89801419424,47106.85162858258,47077.734875756105,47619.14570803411,47581.65714756545,47934.84083000125,48157.01768536406,48440.22678912382,48432.33878794485,48581.04900901623,49039.77885930893,49238.700605949816,49694.00231138203,49451.43875153493,49580.139939005305,49419.13732665193,49800.11664905884,49840.97258162582,50007.28130215875,50007.71051809705,50322.16754387762,50400.06886764013,50269.526649393476,50349.08433474454,50526.28970253607,51142.041755354636,51601.95755377321,51431.891814131624,51275.5073998692,50952.37225504655,51028.85601390566,50971.98498418607,51122.21626889373,51175.81513679708,50734.684496680544,50899.16714738632,50694.58710632053,51728.281663265974,51773.08739200729,52734.578734258444,53162.71123849728,54005.31843094514,53879.17673894133,54307.1344580427,54630.027438407174,55351.79747951517,56517.7895102803,57328.91057817889,58037.064030350084,57729.24358471258,58513.85156619613,58785.49436098906,59388.54861233026,59770.305479121846,61066.659937319375,62083.35195505413,62812.34921549647,63529.70440623756,64588.89532311526,64704.9821368973,65160.09022587241,65130.953627948504,65803.21815859244,65571.49591523517,65659.92659804795,65609.89075410605,66153.13537611102,66693.91462164036,67655.9372078827,67920.72632122214,67846.34928608272,68330.11175178006,68413.78319141752,68949.92145097388,69021.22536320667,69869.36463857145,70174.58367696023,70578.6940625788,70669.19113114335,70593.05961084198,70385.14580353627,70592.29202846388,70813.30192254209,70974.37615726423,71326.20180983347,71731.73177012225,71879.9563430792,71925.0194441811,72127.45466455106,72324.93956058331,72258.23696881713,72345.0129248785,72367.62557096817,72387.33802200052,72446.2153479316,72455.02433503112
394988,412,"Pocatello, ID",msa,ID,,,,,,,,,,,,,,,,,,,,,,,,,,,,,,,,,,,,,,,,,,,,,,,,,,,,,,,,,,,,,,,,,,,,,,,,,,,,,,,,,,,,,38710.174863843655,39163.84202781643,37794.67287649482,38397.10909710043,38184.68383685071,39069.167835503504,38963.65892053865,39293.771640448984,38290.13867635261,38372.063044372095,38518.29904484624,38766.344789074916,39353.84248599264,39545.96238925744,40038.9688159189,39879.652667086804,39715.63404842359,40027.88671446731,39814.99034267404,39802.759084506644,40074.54458698341,40426.991572400926,40580.01312691949,39973.73952405665,39845.013683889476,40189.43812621007,40895.744573687,41336.160989502634,41527.10266924047,41444.40843838139,41548.12064211513,41343.74079456038,41135.469791970136,41303.74619508507,41835.44168411929,42089.97703404553,42256.17724262312,42163.241043668815,41987.616328945296,41965.29012623857,42247.985011938756,42340.17544039167,42685.15623472314,43111.45783554089,43631.36859075495,43617.6060450154,43394.89835700362
394964,419,"Parkersburg, WV",msa,WV,,,,,,,,,,,,,,,,,,,,,,,,,,,,,,,,,,,,,,,,,,,,,,,,,,,,,,,,,,,,,,,,,,,,,,,,,,,,,,,,,,,,,,,,,,,,,,,,,,,32846.698658298366,32181.051073482864,32546.49129243324,32565.25033867773,33360.7196604529,33564.26574982331,33822.42138496308,33567.20116696536,33818.644817655506,34112.00473236916,34357.32253831381,34369.10180605645,34601.40010086291,34732.70512422445,34532.71878276558,34163.26646764518,34223.94381805915,34530.6967248337,35016.16609578774,,35977.27547871281,36015.83630833187,35986.424219147324,36000.02325307222,36184.134490309676,36697.38312591149,37044.2112565865,37744.529269579485,37792.53891877353,37801.46826821233,37611.41339558674,37756.36018202049,37716.66666666667
394980,421,"Pine Bluff, AR",msa,AR,,,,,,,,,,,,,,,,,,,,,,,,,,,,,,,,,,,,,,,,,,,,,,,,,,,,,,,,,,,,,,,,,,,,,,,,,,,,,,,,,,,,,,,,,,,,,,,,,,,,,,,,,,,,,,,,,,,,,,,,,,,,,,,,,34356.647236095225,35084.42866823657,35427.77777777778
394641,422,"Grants Pass, OR",msa,OR,,,,,,,,,,,,,,,,,,,,,,,,,,,,,,,,,,,,,,,,,,,,,,,,,,,,,,,,,,,,,,,,,,,,,,,,,,,,,,,,,,,,,,,,,,,,,,,51895.79379640276,53201.88556777775,53346.84195345426,53432.649865622516,52584.48395321409,51982.02528739307,51763.71412648594,51529.15905636443,53201.714378657,54018.44864207342,55288.80117921249,55467.738574214665,55612.57372990792,55412.04022822692,54873.98524642898,54914.56864291966,54987.21977679064,55196.21899517862,55556.008039398635,55806.064806331065,56075.288929886185,56391.47502016286,57202.678985544604,56213.15050220018,55854.723825511224,55923.445191988605,56770.842643603806,56993.882826314126,57642.12426927362,58183.24618653106,58840.48610549534,59312.66291512545,58418.158727375536,58407.79283243018,57876.938733498624,59583.86730170297,60438.63636363636
394568,432,"Elmira, NY",msa,NY,,,,,,,,,,,,,,,,,,,,,,,,,,,,,,,,,,,,,,,,,,,,,,,,,,,,,,,,,,,,,,,,,,,,,,,,,,,,,,,,,,,,,,,,,,,,,,,,,,,,,,,,,,,,,,,,,39991.446677048436,39771.04007818285,40020.36859927617,41121.09227877026,41487.65034386636,,40008.59776054814,40778.39743564841,41867.25437353469,42552.39916497514,42459.316197613065,42272.92733675331,42872.1182727372,43512.58272710014,43806.53072783661,43304.81049690649,43842.09607121119,44944.32501493228,46453.333333333336
394644,433,"Great Falls, MT",msa,MT,,,,,,,,,,,,,,,,,,,,,,,,,,,,,,,30874.27608918095,31275.837098195803,31353.09638797891,31567.36439403308,31600.540087127538,31515.581178499913,31585.11856682857,31576.324849871853,32059.217888823092,32056.949676288066,32112.934449060573,32014.45503046072,32076.521476068898,31916.249912402087,32089.11706923788,31692.016249974185,31855.795579804908,31956.72571444942,32490.857307640716,32492.20518542247,32266.819438295894,32566.146734916416,32734.11344698985,32987.03911680063,32931.50040919073,33020.257482205874,32973.33653069784,33239.26600429439,33191.25721107052,33205.168990039594,32867.27111228719,32918.0651537658,33480.31259935261,33734.25441776235,33799.176488661404,34022.191370111024,34139.02974055225,34347.79667156522,34296.606276926694,34185.55923275827,34526.73393461671,35387.489538050846,36231.83846858968,36065.839741761185,36361.25035680678,36841.1554654081,37739.94335812536,38245.82349830608,39199.09128246286,39765.829433645944,40476.77936351643,40378.61050449349,40829.87182892131,40440.98915976865,40895.26166451984,41986.10319144893,43247.93739604996,43988.20819984561,44374.47721997588,44741.735629231785,45148.75564129313,45555.474034416424,46114.188695968005,47508.7944230037,48457.89900576525,49077.88755769088,48826.115414665765,48385.454992124454,48052.42245557783,47715.25213936487,47212.49224092949,47195.63025062623,46878.028030653855,47133.26788120738,47220.12210718953,47475.974924488415,47553.62998381875,47747.37940751179,47817.32185781577,48389.782769353755,48661.22008388936,49490.436972714284,49635.758871593316,49986.34370201356,50432.74398106971,50856.62968977481,50950.02983876266,51067.27079530487,50779.23464150623,51007.45223436781,51548.29999527049,51660.8893488931,51904.2592888509,51805.78879953344,52381.879540284084,52553.76307760349,52767.89724885008,52707.575232292875,52948.348705424716,52923.98779216848,53389.78354978355
394859,437,"Midland, MI",msa,MI,,,,,,,,,,,,,,,,,,,,,,,,,,,,,,,,,,,,,,,,,,,,,,,,,,,,,,,,,,,,,,,,,,,,,,,,,,,,,,,,,,,,,,,,50878.37241680975,51962.0796240506,52645.187736726824,53109.79742387938,54017.283615098364,53678.2737433959,54003.2379631788,53333.51244354724,53345.60507449003,,54150.25223055985,54498.633626213465,54799.666728213735,54848.43280622406,54838.50418097227,55065.497429515504,55459.69133941569,55725.49907417945,55404.10090734923,56474.26438073107,57502.347337233674,57820.129658234575,57219.51731014364,56977.61389042409,56790.36484269993,57373.00610683545,57381.91099951265,58073.17336581416,57611.01003898706,58515.44008674401,58910.57204471768,59434.211711029704,59324.19766312771,59726.76393249872,60468.80165917293,60826.210674335525,61188.21931366119,60989.09848158344,61326.11371355222,61000.45017980019,61384.009614832044,60944.39351337276,61029.6281106622,60445.18518518518
394755,438,"Kokomo, IN",msa,IN,,,,,,,,,,,,,,,,,,,,,,,,,,,,,,22395.86758528567,22579.018223892,,22525.69835773893,22604.50036446117,22734.582691659434,22834.956675587197,22730.6905869173,22772.680244955307,22873.040545016498,23134.70901360426,23118.386546837788,22923.091953853844,22881.928748272312,23094.253183010085,23415.528555271005,23487.132227596594,23239.65045021502,22917.103159536142,23121.763082385496,23378.189877281682,23395.460280508232,23325.288748069514,23521.648530385148,23820.027673076682,23957.59341230897,23944.33601029186,23948.292191068245,24023.452061277258,24359.96793589107,24732.83602591702,24848.837238585875,24839.971337371382,24957.70497091028,24996.27533767946,24653.490929600914,24724.39249857119,24835.65009554509,25168.13591166976,25045.393136680825,25438.345623230576,25400.562350094835,25725.9342624943,25398.72980053405,25429.71594278538,25614.498487790763,25947.97887253959,26611.076758494724,26415.73522160371,26672.90468861692,26812.67291612231,27500.281189280482,27399.19514848903,28073.614624598802,28371.26439971189,28864.57002461996,29089.0077912227,29094.79534906346,29883.884181187394,29910.748515605017,30618.00728977402,30257.105620056955,30410.302675754483,30358.484201646832,30762.000569320633,30604.818799782406,30767.977943891306,30909.607484850363,31319.137469406647,31576.88559333113,31140.34269959937,31480.537793430984,31793.774212219676,33057.742865398766,33549.56528490274,33927.89440430975,34136.59973504534,34230.9528388567,,34686.89423368988,35120.24223560994,35263.907443510354,36105.723868044406,36826.69706025515,37449.07932465854,37787.50285766477,38104.249813886774,38239.49010997748,38134.15679389318,38377.70129091534,38653.599944666945,39077.06763901085,39128.4958171704,39551.172353845934,39575.93483615557,39427.186718535915,39243.04436323071,38984.82064330463,39069.802136096216,39374.708941449586,39862.27595096822,40228.518518518526
394395,439,"Bloomsburg, PA",msa,PA,,,,,,,,,,,,,,,,,,,,,,,,,,,,,,,,,,,,,,,,,,,,,,,,,,,,,,,,,,,,,,,,,,,,,,,,,,,,,,,,,,,,,,36202.07265786818,36624.95195984524,36595.214898845545,37048.686964569104,37157.4400339479,37983.26939741908,37820.785868484156,38052.0449247605,38103.689074954236,38361.0611117303,38726.42053459541,38706.78173481431,39248.508205140985,38842.798906561504,39089.947705460865,38988.012723392705,39674.905875200835,39893.49459991346,40137.55109288261,40047.80557407024,40607.632171383855,40179.951715376184,39938.31948936376,40047.232552966045,40186.623867482296,40883.89365494742,40986.295804336696,41148.87081160769,41617.87409405558,41971.30767118619,42532.22044587939,42378.20696375411,43208.98796284113,43323.65758264322,43846.30299652456,44273.14623936118,44383.31969456932,44483.45534383788,44813.366300549824,45162.59995113475,44905.47766937283,44846.23168075281,44815.19497024939,45405.95618591356,44880.512895347194,45352.5641025641
394675,441,"Helena, MT",msa,MT,,,,,,,,,,,,,,,,,,,,,,,,,,,,,,,,,,,,,,,,,,,,,,,,,,,,,,,,,,,,,,,,,,,,,,,,,,,,,,,,,,,,,,,,,,,,,,,,,,,,53589.01328644022,55363.93444886565,55002.41858432995,55590.832305197146,54389.08578094602,55282.31054512765,55645.73837244202,56381.27952634402,56768.13676022326,56475.77971358969,57113.530060334815,57439.743964451074,59325.223707729965,59077.65715305095,59412.293597772696,58797.50095999443,59101.812748276716,59128.268544860584,59446.55688237877,60009.53620128446,60330.91591217842,61179.29927957767,61180.65580376691,61336.382399016344,60751.21737340041,60809.32805972693,61147.61161085188,61629.92691482786,62360.807221708434,62315.359538976096,62347.68124590936,61963.7037037037
394489,445,"Columbus, IN",msa,IN,,,,,,,,,,,,,,,,,,,,,,,,,,,,,,,,,,,,,,,,,36539.4876212421,36169.105649415316,36161.193692048066,36271.199726640145,36056.4571854672,36421.143449255054,36956.16721779506,37487.825182959656,37300.77502984034,37289.86974606017,37433.297314419135,37053.39339588886,36789.552867445214,37131.65161396815,37785.78616690716,38098.64043047777,38389.7505354764,38104.44767856824,38046.366228077044,37607.984845356455,37751.34480822514,37616.73150576738,38077.83268499311,38012.97387739124,37817.71155921202,37749.35788925143,37543.55599883658,37712.99101630359,38062.17954975602,38574.13502327183,39005.73580127329,39252.4845319364,38951.75779921762,38795.39788631528,38427.59440825303,38561.08717947932,39117.975934734684,39840.132458106,41054.9784542461,41637.879698869474,42260.903612258044,41851.05344140493,42291.22097479961,42867.838228552755,43915.566115325986,43936.501453929865,44377.13355812596,44816.63001591037,45556.87891121155,45839.50876974077,45690.35263899484,45464.77151219804,45212.98549981595,45885.47721879931,45971.93564586139,46070.74512649213,46103.378951739614,46474.55899785258,47104.55720516921,47320.75190123275,47530.532131957916,47298.57127627314,47024.7212335686,47416.95791273072,47841.927315257926,48294.407968703395,48247.19364664288,48365.065167948254,48691.436509172214,49230.02181567515,49583.43934856758,49724.36479900567,49655.669770741675,50053.37764848334,50400.64104734094,50446.11129120576,50331.58743415703,50398.295353884954,51349.20284618118,51660.98524175473,51765.716171489585,51756.26535505895,51680.95335418151,51973.92640236838,52358.460972136876,52695.5705947471,53170.63183568574,53576.145779471364,54095.24363224004,54281.52594544437,54120.184704184714
394682,449,"Hinesville, GA",msa,GA,36863.52002499363,37165.89938869734,37362.924633626586,37517.460884824424,37650.91819178205,37640.60398828074,37565.705153840936,37636.975404819816,37568.98654340241,37404.0653616083,37450.06349839933,37458.95210976672,37459.43884436916,37385.525671676856,37554.30988810916,37801.475263928674,37910.66710447244,37750.03975300236,37767.61736007081,37678.0135639821,37962.72066267835,38061.98770170746,38190.7801689336,38160.27255456992,38166.21362559819,38235.52022952565,38215.711034613036,38096.11564452201,38231.504185695296,38343.11859627542,38543.86144687842,38598.176416199145,38813.446420904555,38926.63484737467,38999.92094491846,39079.8863742546,39184.94439074862,39193.58612810514,39242.135369344825,39218.28912631556,39134.47008308441,39291.48179767596,39299.14467383145,39504.321187042595,39555.07782911645,39567.35184020259,39645.84875760827,39804.666418613604,39969.6910196805,40122.477764780175,40269.8937469298,40503.20505507468,40685.47075250911,40752.94514982376,40858.594895070324,40898.43254723463,40907.4814252854,41039.04591624418,41125.34984283229,41179.713928555124,41206.826360084575,41275.18013091288,42024.099206166444,42216.79088419763,42521.84397279656,42270.865169197314,42656.369891558774,43129.06462617737,43558.26745875619,43940.6624270829,43903.74928867858,44533.28907444382,44727.95148372337,45877.149378694194,46335.30790893554,46797.20231596481,47493.223985704455,48522.03337693913,50404.96018851837,51405.73978618682,52640.73016180696,52940.59992941466,54595.075720355846,55493.05016051517,56145.37700464452,56581.59657126128,56464.38105884069,57589.43375451055,57493.211174613716,58681.26325641946,58383.61453914371,59304.04332250951,59600.99450150355,60361.662072610154,59954.87281018189,59660.2518472067,60723.17710007017,60765.18366381849,61556.167606585965,61536.50892507193,61968.612382728126,61701.489992009716,60755.25206662721,60150.77098371277,60153.517296961254,60623.05074107624,61324.60979554527,62102.20914155506,62335.6233804877,62708.25757319736,63087.62699462964,63730.385260211144,64754.16841070646,65600.24211311995,66849.03536496843,66968.71419763184,66733.41063277125,66348.14619515126,66699.7310820201,66743.16863815587,66602.45960307332,66892.71666576706,66942.9304124154,66906.56056352574,66590.80729756445,66459.4135022662,66642.6152298742,67269.10415323463,67965.66742023463,68453.99143550449,68454.2199253517
394445,454,"Casper, WY",msa,WY,,,,,,,,,,,,38864.180638383405,38780.69217793872,38395.89289970605,38435.70034815861,38080.35167284782,37419.31415030574,36992.924135258865,36375.02876314541,36189.45064267819,35993.89379905081,35623.19815240939,35372.06601354452,35429.619463296716,35337.44281968949,35477.04677484445,35521.301056061544,35570.602979359865,35540.333267225484,35283.33274747419,35189.61450737848,34975.656351468184,34966.90473228634,35167.82064206496,35360.747518386655,35157.81944427604,34945.03533358856,34633.26681169751,34721.206143597294,34823.785218916666,35223.56136060393,35534.06301855869,35933.694825563725,35960.103405938404,36201.81340484927,36466.76920371253,36945.57604432725,37069.5206130852,36946.198708932636,37153.329949191146,37193.235438021016,37289.1691179799,37303.50049229567,37447.447415424715,37541.434231578765,37923.67750490702,38086.77185735108,38181.38256653709,38120.125187807294,38506.48837031836,39147.92287994317,39587.199060787876,39263.341487531994,38806.575481886575,38332.573270755376,37888.41511924114,37665.29707409284,37878.04028973334,38117.82684926098,38055.26052623248,38307.927689875,38220.31630158147,38148.1093784844,37927.741340752444,38009.68156925262,38459.86971874215,39040.90726504253,39390.928216503045,40029.23758144821,40489.74563866077,41016.16106286983,41356.079618736396,41379.79798762975,41925.14498521557,42069.5933299663,42797.041632676155,42682.62345355799,42993.90213710338,42809.97660713558,43415.03962194033,43235.067618502646,43057.74092509316,42987.440963560795,43629.12089217054,44426.88094212954,44232.80811876196,44380.34031222657,44291.09404386752,44827.0207338183,45129.661349786904,45602.80520473038,45999.517592508564,46515.44474182926,46884.585804554845,47076.44209071257,46801.70350488368,46455.567282247604,46477.99038175659,47093.12532740594,47864.83408848778,48840.81678744493,48816.590284233374,48666.022270002744,48115.140549141506,48343.26939782069,48560.56782396174,48461.60997223393,48989.074168355015,49228.9210268677,49638.69802915723,49491.792807543374,49220.84370147118,48653.42507023855,48873.016607545374,49209.684638484905,49734.09819532978,49770.12730942511,49893.60618572542,50318.604901841485,50332.46131011844,50584.61538461538
394866,458,"Minot, ND",msa,ND,,,,,,,,,,,,,,,,,,,,,,,,,,,,,,,,,,,,,,,,,,,,,,,,,,,,,,,,,,,,,,,,,,,,,,,,31798.26158996,31675.457856420522,31873.08660642164,32256.159053204155,32681.680316463295,32187.33560164589,32139.30174898177,32096.826004634182,32185.457023936942,32199.112214589346,32125.13217055011,32136.735901523916,32298.063035364135,32319.524212636825,32256.592781285013,32231.263885638644,32664.913560998953,32903.379741141776,33390.97970318325,33482.94552099979,33653.89254710632,33713.56891434606,33952.806177162995,34407.61857003219,34780.681196370206,35041.08619601011,35050.00456709485,35183.53005737294,35172.56640910496,35569.16411774798,35619.312664922974,35920.212048072965,36103.195735169844,36291.02806342623,36239.52432298501,36122.76530600897,36201.15480992078,36410.76363778264,36663.12906234747,36920.22875839867,37128.8428601566,37222.45493816672,37161.76650020546,37256.46277409361,37254.044477281976,37508.83514573979,37925.40433203179,38171.680060994055,38301.653674921676,38424.389980210406,38656.91214700677,38816.28431574945,38992.72643072774,39135.62432224125,39519.72093880149,39751.58802633794,40109.90451663329,40296.893589901694,40449.88867131982,40736.85086155674
394638,462,"Grand Island, NE",msa,NE,,,,,,,,,,,,,,,,,,,,,,,,,,,,,,,,,,,,,,,,,,,,,,,,,,,,,,,,,,,,,,,,,,,,,,,,,,,,,,,,,,,,,,,,,,,,,,,,,,,,,,,,,,,,,,,,,,,46444.53953727608,46436.05743457548,46943.19122003235,46727.365003408726,47374.3762390322,47759.33574081529,48248.64557039709,48207.43473476002,48571.52160443146,48865.89418190429,49157.996447006844,49366.164418115644,49291.32901874747,49891.220009264835,49419.553768234786,49610.38967393147,49348.744588744594
395062,469,"Sandusky, OH",msa,OH,,,,,,,,,,,,,,,,,,,,,,,,,,,,,,,,,,,,,,,,,,,,,,,,,,,,,,,,,,,,,,,,,,,,,,,,,,,,,,,,,,,,,,,,,,,,,,,,,,,,,,,,,,,,,,,,,,,,,,,,,,,,,,54681.35476050776,54422.82678179198,55394.67873018267,55385.876184307665,55797.351269289844,56208.444444444445
394516,472,"Danville, IL",msa,IL,,,,,,,,,,,,,,,,,,,,,,,,,,,,,,,,,,,,,,,,,,,,,,,,,,,,,,,,,,,,,,,,,,,,,,,,,,,,,,,,,,,,,,,,,,,25555.205487337844,25034.392931201026,25299.177805261275,25535.85333920513,24898.768104304552,24839.39887884756,24530.224372727153,24976.44149572391,25636.825172542172,25490.17286828268,25755.299462937066,25480.045066760547,26085.386160472972,26425.33918619803,26787.78867437123,27239.373531787085,27388.107656119744,27409.048832833014,27525.01259608505,27734.391622828076,28272.51487871448,29512.290065861787,30343.714296176848,30775.299558453942,30203.033471288472,30045.357555950894,30027.823413466802,30073.28427626442,30306.231371384754,30564.957307014392,30751.656746589048,31104.78393897727,30889.661818000382,30515.55318910383,30112.35183052914,30373.18817203678,30981.73034447758,31598.583297959765,31931.39532471374,32196.42801319776,32614.882154882158
394570,523,"Enid, OK",msa,OK,,,,,,,,,,,,,,,,,,,,,,,,,,,,,,,,,,,,,,,,,,,,,,,,,,,,,,,,,,,,,,,,,,,,,,,,,,,,,,,,,,,,,,,,,37454.09625351386,37858.350610004156,37954.63238308425,38333.46799142396,38618.51251047897,38586.7839104273,38442.99783950063,38033.33553761829,38481.17870195066,38535.46497552058,38829.94040116042,38781.17273468985,39113.44245653019,39121.84927882408,39187.416066425896,39037.0146584728,39149.393835922434,39660.175190560345,39883.443712965855,40197.02999730914,39833.92685218111,39926.191647333995,39918.207463725885,40076.936030868375,40671.93124500693,40789.715175992256,41021.20969333038,40926.88926584527,40995.056773114935,41029.69088253465,41934.08348171619,42186.17463866374,42712.955673994686,42901.62653089302,43194.474883895746,43343.31200878214,43081.493563325035,43218.98176925667,43269.61664846766,43614.742655110516,43701.539476929385,43648.14077482786,43037.230769230766
395199,525,"Walla Walla, WA",msa,WA,,,,,,,,,,,,,,,,,,,,,,,,,,,,,,,,,,,,,,,,,,,,,,,,,,,,,,,,,,,,,,,,,,,,,,,,,,,,,,,,,,,,,,51146.07395574889,50951.75978861058,51357.82584258615,52307.17881109471,52625.85659261682,53206.48072946526,53006.254162236495,53812.22193643613,53962.02948720995,54620.81642800092,55229.04428694437,55549.44565034389,55815.763024539934,55705.486975344735,55973.48877532764,55986.233364604064,55913.99313238216,55668.26067858113,56124.14591053336,56325.30976216312,56740.554595587375,57278.1844671317,57256.72718903646,57120.80350953654,56634.528797328436,56739.80953545157,57032.10524521235,57188.89817333167,57471.63137352942,57432.67229571751,57827.674731810504,57977.44499896607,57996.022976642125,57756.443753938,57750.20240659372,57892.22676577801,58482.89447899447,58827.08752037009,58731.4303043789,58745.96506977881,58799.63655809901,59102.38927967301,58881.75776127412,58776.38123296441,58814.07722865684,58842.02380952382
394444,551,"Carson City, NV",msa,NV,,,,,,,,,,,,,,,,,,,,,,,,,,,,,,,,,,,,,,,,,,,,,,,,,,,,,,,,,,,,,,,,,,,,,,,,,,,,,,,,,,,,,,,,,,,,,,64656.1707507789,65307.89594451818,65985.41236256652,66399.2622546129,66272.86504791153,65920.14246636265,66085.02517744286,66888.92259513207,66486.78488780578,66705.01503219933,66612.60649675588,68424.16654883101,68162.02342990755,68168.45073710002,67507.1639244152,68183.81222614687,69029.45618044729,69192.04382254634,68400.92957485376,68142.38171149437,68585.25884330344,69072.81007413266,69655.48115129778,70197.33129169389,70389.39762115008,70423.87652811834,71159.47062016201,71061.08205319264,70927.42862438847,71336.89745562027,72077.00239145261,72464.12613626783,72646.63818797022,72769.95012257945,72837.8221807039,72204.59670669398,72538.14433783626,72852.42757242758
