period_date,fips_code,county_name,state_fips,region_code,division_code,sf_buildings,sf_units,sf_value,duplex_buildings,duplex_units,duplex_value,small_multi_buildings,small_multi_units,small_multi_value,large_multi_buildings,large_multi_units,large_multi_value,total_buildings,total_units,total_value,sf_units_yoy,total_units_yoy
2024-01-01,01,,01,3,6,1349,1349,376066837,22,44,14773450,1,4,609674,18,698,100460940,1390,2095,491910901,,
2024-02-01,01,,01,3,6,1495,1495,383462165,4,8,605000,2,8,1181785,3,63,7206117,1504,1574,392455067,,
2024-03-01,01,,01,3,6,1388,1388,372979395,6,12,1875078,2,7,1060460,4,188,27668654,1400,1595,403583587,,
2024-04-01,01,,01,3,6,1646,1646,495868364,5,10,2053746,2,6,477899,7,116,17115223,1660,1778,515515232,,
2024-05-01,01,,01,3,6,1736,1736,460791266,3,6,1487746,2,6,477899,24,512,85709157,1765,2260,548466068,,
2024-06-01,01,,01,3,6,1382,1382,353278641,4,8,1798702,1,3,342899,9,110,15559375,1396,1503,370979617,,
2024-07-01,01,,01,3,6,1393,1393,403417319,9,18,3055725,1,3,342899,5,42,7016541,1408,1456,413832484,,
2024-08-01,01,,01,3,6,1506,1506,446995872,8,16,2698552,2,6,485399,7,231,19320932,1523,1759,469500755,,
2024-09-01,01,,01,3,6,1344,1344,396056007,6,12,2282448,2,6,485399,7,71,10590509,1359,1433,409414363,,
2024-10-01,01,,01,3,6,1480,1480,427244486,10,20,3614761,2,6,485399,21,600,85862783,1513,2106,517207429,,
2024-11-01,01,,01,3,6,1181,1181,333524490,24,48,5090317,21,75,6573182,14,276,86776795,1240,1580,431964784,,
2024-12-01,01,,01,3,6,1299,1299,347773260,10,20,3540717,1,3,342899,8,296,37511354,1318,1618,389168230,,
2025-01-01,01,,01,3,6,1263,1263,359955929,6,12,1723036,0,0,0,22,385,29676851,1291,1660,391355816,-6.38,-20.76
2025-02-01,01,,01,3,6,1332,1332,394514131,3,6,1120970,0,0,0,5,48,6910568,1340,1386,402545669,-10.9,-11.94
2025-03-01,01,,01,3,6,1518,1518,441715811,6,12,432701,1,3,342899,7,65,10817367,1532,1598,453308778,,
2025-04-01,01,,01,3,6,1466,1466,450045113,11,22,3506282,5,19,3091142,10,84,15338931,1492,1591,471981468,-10.94,-10.52
2025-05-01,01,,01,3,6,1350,1350,394513927,2,4,1233130,6,22,3016347,8,71,10997101,1366,1447,409760505,-22.24,-35.97
2025-06-01,01,,01,3,6,1183,1183,361842441,9,18,2946282,8,27,3227507,13,109,17340352,1213,1337,385356582,-14.4,-11.04
2025-07-01,01,,01,3,6,1382,1382,407525592,4,8,1715362,2,7,1525691,8,106,16175161,1396,1503,426941806,-0.79,3.23
2025-08-01,01,,01,3,6,1235,1235,369888010,6,12,3693940,20,79,5997359,16,137,21643675,1277,1463,401222984,-17.99,-16.83
2025-09-01,01,,01,3,6,1231,1231,344057160,6,12,3064760,15,58,9187954,44,581,103545671,1296,1882,459855545,-8.41,31.33
2025-10-01,01,,01,3,6,1310,1310,379226945,9,18,4359784,2,7,1188950,6,63,10781678,1327,1398,395557357,-11.49,-33.62
2025-11-01,01,,01,3,6,1246,1246,351109339,1,2,201501,2,7,934041,26,282,42489951,1275,1537,394734832,5.5,-2.72
2025-12-01,01,,01,3,6,1162,1162,331505669,4,8,1816629,1,3,545691,35,994,174600083,1202,2167,508468072,-10.55,33.93
2024-01-01,02,,02,4,9,26,26,10284340,0,0,0,0,0,0,0,0,0,26,26,10284340,,
2024-02-01,02,,02,4,9,30,30,11365771,1,2,412839,1,3,404504,0,0,0,32,35,12183114,,
2024-03-01,02,,02,4,9,38,38,16009382,2,4,892839,1,3,690282,0,0,0,41,45,17592503,,
2024-04-01,02,,02,4,9,52,52,17777923,3,6,1112839,0,0,0,1,6,1638932,56,64,20529694,,
2024-05-01,02,,02,4,9,63,63,25964158,4,8,1304470,0,0,0,3,142,25681272,70,213,52949900,,
2024-06-01,02,,02,4,9,66,66,22267379,2,4,728839,0,0,0,1,5,778055,69,75,23774273,,
2024-07-01,02,,02,4,9,55,55,21343329,1,2,412839,0,0,0,0,0,0,56,57,21756168,,
2024-08-01,02,,02,4,9,55,55,21100369,3,6,1111319,1,3,900000,0,0,0,59,64,23111688,,
2024-09-01,02,,02,4,9,49,49,16101061,2,4,962009,0,0,0,1,9,430292,52,62,17493362,,
2024-10-01,02,,02,4,9,52,52,18605372,5,10,2232601,3,9,1165734,2,21,1467005,62,92,23470712,,
2024-11-01,02,,02,4,9,40,40,14834387,3,6,1162671,2,7,1242650,2,56,2921519,47,109,20161227,,
2024-12-01,02,,02,4,9,27,27,9818787,2,4,831851,2,7,1045023,2,19,3359315,33,57,15054976,,
2025-01-01,02,,02,4,9,20,20,9071735,1,2,412839,0,0,0,1,7,1290630,22,29,10775204,-23.08,11.54
2025-02-01,02,,02,4,9,30,30,10994094,1,2,412839,0,0,0,0,0,0,31,32,11406933,0,-8.57
2025-03-01,02,,02,4,9,58,58,19746176,3,6,612839,0,0,0,2,59,3694993,63,123,24054008,,
2025-04-01,02,,02,4,9,60,60,22435943,7,14,2982037,1,3,447867,1,6,1106254,69,83,26972101,15.38,29.69
2025-05-01,02,,02,4,9,80,80,23838084,3,6,1237184,6,23,3006269,5,27,5572134,94,136,33653671,26.98,-36.15
2025-06-01,02,,02,4,9,38,38,13264405,6,12,2426955,3,9,1488940,2,13,2253061,49,72,19433361,-42.42,-4
2025-07-01,02,,02,4,9,44,44,17368653,5,10,2050864,1,3,447867,2,13,3327866,52,70,23195250,-20,22.81
2025-08-01,02,,02,4,9,39,39,13314403,5,10,1995530,1,3,447867,3,38,5662616,48,90,21420416,-29.09,40.63
2025-09-01,02,,02,4,9,60,60,19683843,3,6,1250864,1,3,447867,2,14,2437436,66,83,23820010,22.45,33.87
2025-10-01,02,,02,4,9,34,34,11754249,5,10,1844158,2,6,988940,2,17,2990563,43,67,17577910,-34.62,-27.17
2025-11-01,02,,02,4,9,24,24,8734136,6,12,2405823,2,7,835846,1,7,1290630,33,50,13266435,-40,-54.13
2025-12-01,02,,02,4,9,26,26,8576712,4,8,1650023,1,3,447867,2,15,2621812,33,52,13296414,-3.7,-8.77
2024-01-01,04,,04,4,8,3602,3602,1074316681,61,122,12563703,15,54,10097528,57,1798,208718266,3735,5576,1305696178,,
2024-02-01,04,,04,4,8,3726,3726,1049053525,62,124,18243999,3,11,2243700,28,1116,165203672,3819,4977,1234744896,,
2024-03-01,04,,04,4,8,3864,3864,1151099813,65,130,21703386,1,4,894124,34,1365,182946509,3964,5363,1356643832,,
2024-04-01,04,,04,4,8,3739,3739,1097547929,94,188,22427301,0,0,0,42,1430,240564383,3875,5357,1360539613,,
2024-05-01,04,,04,4,8,3861,3861,1099055489,125,250,34870495,5,17,3167868,26,362,60849466,4017,4490,1197943318,,
2024-06-01,04,,04,4,8,3367,3367,983857904,74,148,20170424,0,0,0,41,1836,209941477,3482,5351,1213969805,,
2024-07-01,04,,04,4,8,3531,3531,1025275127,89,178,23260514,10,35,4599048,44,1259,234228826,3674,5003,1287363515,,
2024-08-01,04,,04,4,8,3302,3302,926444724,87,174,27191731,1,3,440207,43,1440,200153866,3433,4919,1154230528,,
2024-09-01,04,,04,4,8,3547,3547,912748297,83,166,17361546,8,32,2940672,32,668,89104713,3670,4413,1022155228,,
2024-10-01,04,,04,4,8,3667,3667,1074711290,81,162,19836215,8,31,3562726,39,1059,135170381,3795,4919,1233280612,,
2024-11-01,04,,04,4,8,2883,2883,880226509,44,88,9533099,10,39,4667906,70,1631,235281209,3007,4641,1129708723,,
2024-12-01,04,,04,4,8,2423,2423,755373081,73,146,21994921,1,3,989638,17,703,94850639,2514,3275,873208279,,
2025-01-01,04,,04,4,8,3380,3380,986236559,67,134,17986403,3,11,1012172,11,147,21102633,3461,3672,1026337767,-6.16,-34.15
2025-02-01,04,,04,4,8,3166,3166,944332491,56,112,13089899,13,52,8266696,26,417,58534447,3261,3747,1024223533,-15.03,-24.71
2025-03-01,04,,04,4,8,3309,3309,960605889,24,48,5156002,2,7,867976,37,1660,169236260,3372,5024,1135866127,,
2025-04-01,04,,04,4,8,3209,3209,976920104,80,160,21657827,6,23,3644010,65,1843,335959260,3360,5235,1338181201,-14.17,-2.28
2025-05-01,04,,04,4,8,3236,3236,970331347,56,112,14779871,14,54,16578530,50,1113,183012502,3356,4515,1184702250,-16.19,0.56
2025-06-01,04,,04,4,8,2984,2984,922940400,29,58,6959959,2,6,954787,16,1505,368568167,3031,4553,1299423313,-11.38,-14.91
2025-07-01,04,,04,4,8,2493,2493,788754920,48,96,16434370,4,15,3072532,62,1916,308937082,2607,4520,1117198904,-29.4,-9.65
2025-08-01,04,,04,4,8,2158,2158,709071646,23,46,6022783,5,19,2056167,11,300,40108932,2197,2523,757259528,-34.65,-48.71
2025-09-01,04,,04,4,8,2540,2540,822321173,61,122,21790516,4,16,1623779,22,706,90356650,2627,3384,936092118,-28.39,-23.32
2025-10-01,04,,04,4,8,2663,2663,860378815,51,102,15108010,11,35,5017039,33,1421,300944320,2758,4221,1181448184,-27.38,-14.19
2025-11-01,04,,04,4,8,2275,2275,728960989,58,116,12392872,0,0,0,28,1370,214999973,2361,3761,956353834,-21.09,-18.96
2025-12-01,04,,04,4,8,2639,2639,850847359,56,112,14683124,3,9,1575834,102,3397,606965093,2800,6157,1474071410,8.91,88
2024-01-01,05,,05,3,7,695,695,181810752,30,60,11360700,5,15,809522,5,58,5439924,735,828,199420898,,
2024-02-01,05,,05,3,7,873,873,230939369,33,66,15086559,11,40,4282682,9,110,7936161,926,1089,258244771,,
2024-03-01,05,,05,3,7,957,957,257940577,20,40,7052377,16,62,5125843,10,183,13340641,1003,1242,283459438,,
2024-04-01,05,,05,3,7,826,826,231888219,46,92,15757390,7,25,1346772,8,194,15378145,887,1137,264370526,,
2024-05-01,05,,05,3,7,845,845,221648634,41,82,12996475,6,21,1161111,6,104,10267054,898,1052,246073274,,
2024-06-01,05,,05,3,7,853,853,230234875,20,40,6049725,4,14,725621,12,238,30559158,889,1145,267569379,,
2024-07-01,05,,05,3,7,893,893,233539757,27,54,7901652,4,14,725621,8,90,8071395,932,1051,250238425,,
2024-08-01,05,,05,3,7,797,797,221686098,70,140,20988540,7,24,1550221,8,227,20045076,882,1188,264269935,,
2024-09-01,05,,05,3,7,823,823,232838633,34,68,9182617,5,15,777451,29,735,92656453,891,1641,335455154,,
2024-10-01,05,,05,3,7,874,874,241803220,25,50,6688096,12,42,5520539,10,323,92348605,921,1289,346360460,,
2024-11-01,05,,05,3,7,695,695,189785949,23,46,8180256,8,28,1733711,19,215,30499958,745,984,230199874,,
2024-12-01,05,,05,3,7,690,690,203869958,33,66,11623813,5,18,1425621,9,380,78671102,737,1154,295590494,,
2025-01-01,05,,05,3,7,790,790,229698112,51,102,15706247,15,53,3107421,11,207,19924574,867,1152,268436354,13.67,39.13
2025-02-01,05,,05,3,7,820,820,237831272,50,100,18742242,8,27,3072778,6,82,9337551,884,1029,268983843,-6.07,-5.51
2025-03-01,05,,05,3,7,1359,1359,313113980,55,110,12109524,7,21,1424941,16,185,24852045,1437,1675,351500490,,
2025-04-01,05,,05,3,7,890,890,253269127,31,62,9834495,7,23,1720311,27,484,60773686,955,1459,325597619,7.75,28.32
2025-05-01,05,,05,3,7,715,715,218504723,23,46,7933479,7,23,2053638,1,5,283722,746,789,228775562,-15.38,-25
2025-06-01,05,,05,3,7,884,884,266585346,33,66,9212775,5,15,777469,18,398,58169903,940,1363,334745493,3.63,19.04
2025-07-01,05,,05,3,7,930,930,261209196,51,102,13745067,8,30,2837526,12,143,12741157,1001,1205,290532946,4.14,14.65
2025-08-01,05,,05,3,7,924,924,265596678,48,96,13503224,12,44,4141601,36,595,71316563,1020,1659,354558066,15.93,39.65
2025-09-01,05,,05,3,7,830,830,251268454,31,62,9148319,4,12,621975,18,610,156330481,883,1514,417369229,0.85,-7.74
2025-10-01,05,,05,3,7,692,692,199298560,32,64,7383480,6,18,1288155,22,668,107927017,752,1442,315897212,-20.82,11.87
2025-11-01,05,,05,3,7,604,604,171837906,30,60,6299535,6,21,1285638,2,10,705018,642,695,180128097,-13.09,-29.37
2025-12-01,05,,05,3,7,824,824,251093991,24,48,5504123,8,24,2021575,33,591,76804663,889,1487,335424352,19.42,28.86
2024-01-01,06,,06,4,9,4757,4757,1432248338,88,176,30892543,36,120,23675637,160,2405,491107327,5041,7458,1977923845,,
2024-02-01,06,,06,4,9,4587,4587,1367571256,85,170,33544717,19,65,12747389,114,2923,367549744,4805,7745,1781413106,,
2024-03-01,06,,06,4,9,4871,4871,1448519084,105,210,45176480,35,118,34071407,152,2785,579329080,5163,7984,2107096051,,
2024-04-01,06,,06,4,9,5638,5638,1766015455,120,240,45223351,24,80,20899202,109,1738,310300720,5891,7696,2142438728,,
2024-05-01,06,,06,4,9,6149,6149,1900507606,165,330,74234090,21,71,16393197,142,3892,674156241,6477,10442,2665291134,,
2024-06-01,06,,06,4,9,5651,5651,1780970257,130,260,43430164,22,73,17422877,129,3379,637630044,5932,9363,2479453342,,
2024-07-01,06,,06,4,9,5165,5165,1665930158,104,208,36992225,19,62,14080322,115,3083,569280481,5403,8518,2286283186,,
2024-08-01,06,,06,4,9,5452,5452,1751689333,122,244,43872595,33,111,22599387,110,3098,552458677,5717,8905,2370619992,,
2024-09-01,06,,06,4,9,4759,4759,1522339210,122,244,45248777,16,57,12877250,98,2738,492328620,4995,7798,2072793857,,
2024-10-01,06,,06,4,9,5007,5007,1548597756,116,232,40365638,22,80,16687634,144,3278,1305740568,5289,8597,2911391596,,
2024-11-01,06,,06,4,9,4241,4241,1309928922,125,250,42554144,11,34,10349199,96,3122,661679747,4473,7647,2024512012,,
2024-12-01,06,,06,4,9,4952,4952,1563110851,77,154,30534354,78,268,76947938,147,2858,536204613,5254,8232,2206797756,,
2025-01-01,06,,06,4,9,4765,4765,1485809039,130,260,56692983,25,88,14312720,103,1544,337560659,5023,6657,1894375401,0.17,-10.74
2025-02-01,06,,06,4,9,4909,4909,1512950568,116,232,42541707,24,84,17213854,79,2022,383952553,5128,7247,1956658682,7.02,-6.43
2025-03-01,06,,06,4,9,5067,5067,1630591061,116,232,44184060,33,112,25428876,115,1926,370083299,5331,7337,2070287296,,
2025-04-01,06,,06,4,9,5339,5339,1672387056,122,244,43281702,42,149,27308460,136,3365,500750954,5639,9097,2243728172,-5.3,18.2
2025-05-01,06,,06,4,9,4833,4833,1591926715,150,300,65377373,28,92,21073561,129,4121,804702129,5140,9346,2483079778,-21.4,-10.5
2025-06-01,06,,06,4,9,4537,4537,1439474845,170,340,70889290,31,108,26340938,137,4766,824651755,4875,9751,2361356828,-19.71,4.14
2025-07-01,06,,06,4,9,4635,4635,1425731170,154,308,59402216,25,82,18143895,95,2438,391420172,4909,7463,1894697453,-10.26,-12.39
2025-08-01,06,,06,4,9,4141,4141,1313208640,145,290,61981684,18,58,16295002,119,4394,669393973,4423,8883,2060879299,-24.05,-0.25
2025-09-01,06,,06,4,9,4791,4791,1504142503,133,266,58235213,31,105,25508241,154,4113,780176654,5109,9275,2368062611,0.67,18.94
2025-10-01,06,,06,4,9,4542,4542,1428988307,198,396,82012183,42,136,35724524,111,3786,750664050,4893,8860,2297389064,-9.29,3.06
2025-11-01,06,,06,4,9,3655,3655,1190533645,137,274,47065330,14,45,7480583,115,3889,696029553,3921,7863,1941109111,-13.82,2.82
2025-12-01,06,,06,4,9,4269,4269,1442297773,137,274,54922727,35,123,24925742,168,5718,919816058,4609,10384,2441962300,-13.79,26.14
2024-01-01,08,,08,4,8,1563,1563,617194818,27,54,16582813,7,23,5351240,36,922,173188283,1633,2562,812317154,,
2024-02-01,08,,08,4,8,1801,1801,679490073,56,112,19694776,9,34,8320377,46,1132,173008121,1912,3079,880513347,,
2024-03-01,08,,08,4,8,1815,1815,709834822,24,48,12047375,10,34,6220591,27,894,145115285,1876,2791,873218073,,
2024-04-01,08,,08,4,8,1944,1944,747238008,9,18,3401487,8,28,4113769,23,420,270536286,1984,2410,1025289550,,
2024-05-01,08,,08,4,8,1913,1913,862428590,24,48,9526958,10,35,7623750,30,908,199883405,1977,2904,1079462703,,
2024-06-01,08,,08,4,8,1763,1763,786450335,19,38,9343522,3,9,3211718,28,722,131027855,1813,2532,930033430,,
2024-07-01,08,,08,4,8,1593,1593,664514063,31,62,12906354,9,33,8655755,31,801,131906836,1664,2489,817983008,,
2024-08-01,08,,08,4,8,1539,1539,631905960,16,32,7187064,10,35,6730322,27,456,96614257,1592,2062,742437603,,
2024-09-01,08,,08,4,8,1390,1390,636177511,4,8,1257715,7,23,4713393,27,1153,192835006,1428,2574,834983625,,
2024-10-01,08,,08,4,8,1773,1773,727847370,10,20,3262039,28,107,10414953,64,1101,199337878,1875,3001,940862240,,
2024-11-01,08,,08,4,8,1338,1338,579241041,4,8,1606805,11,41,7067031,28,1143,253842655,1381,2530,841757532,,
2024-12-01,08,,08,4,8,1707,1707,741581747,4,8,1392424,12,42,7393391,31,1159,212056567,1754,2916,962424129,,
2025-01-01,08,,08,4,8,1484,1484,607037748,10,20,2854275,4,13,3192229,15,616,119441644,1513,2133,732525896,-5.05,-16.74
2025-02-01,08,,08,4,8,1370,1370,582240437,9,18,4175013,5,17,3422344,44,937,149436037,1428,2342,739273831,-23.93,-23.94
2025-03-01,08,,08,4,8,1626,1626,637476229,7,14,4414190,12,44,9676746,39,923,165109193,1684,2607,816676358,,
2025-04-01,08,,08,4,8,1954,1954,827592131,64,128,19851500,7,24,4407710,38,1127,185702844,2063,3233,1037554185,0.51,34.15
2025-05-01,08,,08,4,8,1696,1696,771676641,8,16,2263137,13,41,6992688,50,1726,364853596,1767,3479,1145786062,-11.34,19.8
2025-06-01,08,,08,4,8,1544,1544,669741918,5,10,2118796,6,22,4482159,38,1172,244628625,1593,2748,920971498,-12.42,8.53
2025-07-01,08,,08,4,8,1484,1484,715341565,8,16,2501909,2,7,1686870,33,711,146290540,1527,2218,865820884,-6.84,-10.89
2025-08-01,08,,08,4,8,1295,1295,581426328,4,8,1339144,2,6,1162806,33,1521,275001123,1334,2830,858929401,-15.85,37.25
2025-09-01,08,,08,4,8,1335,1335,621439442,5,10,2271816,8,29,12284367,55,1015,182759137,1403,2389,818754762,-3.96,-7.19
2025-10-01,08,,08,4,8,1540,1540,668985778,16,32,4832810,8,30,2971650,50,1396,247914112,1614,2998,924704350,-13.14,-0.1
2025-11-01,08,,08,4,8,1025,1025,478442105,22,44,7669892,2,7,2498645,47,1964,396919797,1096,3040,885530439,-23.39,20.16
2025-12-01,08,,08,4,8,1373,1373,565591428,15,30,8492618,12,45,5766527,77,1986,323548810,1477,3434,903399383,-19.57,17.76
2024-01-01,09,,09,1,1,150,150,67229249,4,8,2769875,1,4,1100000,10,91,18321249,165,253,89420373,,
2024-02-01,09,,09,1,1,147,147,58063186,11,22,3796402,1,4,916026,11,139,29415677,170,312,92191291,,
2024-03-01,09,,09,1,1,157,157,66503969,3,6,1160170,2,6,963920,9,128,26944686,171,297,95572745,,
2024-04-01,09,,09,1,1,197,197,79662174,5,10,1155000,4,12,2454725,12,338,61233459,218,557,144505358,,
2024-05-01,09,,09,1,1,200,200,85179546,5,10,2323933,7,25,5137784,11,171,32490224,223,406,125131487,,
2024-06-01,09,,09,1,1,171,171,78453851,5,10,1322702,5,17,2552375,9,130,20876893,190,328,103205821,,
2024-07-01,09,,09,1,1,187,187,80350949,5,10,3492280,6,18,2415255,17,252,25982328,215,467,112240812,,
2024-08-01,09,,09,1,1,229,229,88963497,4,8,1754238,4,12,1542432,11,214,28033564,248,463,120293731,,
2024-09-01,09,,09,1,1,186,186,87106778,6,12,1411702,3,9,1855257,26,440,51134563,221,647,141508300,,
2024-10-01,09,,09,1,1,184,184,87197939,8,16,3055145,3,9,2035991,19,355,44331162,214,564,136620237,,
2024-11-01,09,,09,1,1,146,146,72235278,1,2,453333,3,9,2244307,15,407,58909156,165,564,133842074,,
2024-12-01,09,,09,1,1,160,160,93058355,3,6,1080028,4,13,2220991,15,706,130549387,182,885,226908761,,
2025-01-01,09,,09,1,1,129,129,79754712,7,14,3415692,4,14,1969597,7,133,18421455,147,290,103561456,-14,14.62
2025-02-01,09,,09,1,1,127,127,66640745,3,6,1286355,5,17,3519100,8,75,8811022,143,225,80257222,-13.61,-27.88
2025-03-01,09,,09,1,1,183,183,85230646,6,12,1688565,6,20,5028436,13,154,20733843,208,369,112681490,,
2025-04-01,09,,09,1,1,218,218,102305868,3,6,1279050,5,16,2736512,14,381,145956999,240,621,252278429,10.66,11.49
2025-05-01,09,,09,1,1,177,177,80302210,7,14,1329500,3,10,1589012,13,575,98486843,200,776,181707565,-11.5,91.13
2025-06-01,09,,09,1,1,194,194,94527536,13,26,3832970,3,9,1318113,9,127,26123577,219,356,125802196,13.45,8.54
2025-07-01,09,,09,1,1,199,199,88443092,8,16,3327090,2,6,684597,17,748,118303903,226,969,210758682,6.42,107.49
2025-08-01,09,,09,1,1,186,186,86850732,4,8,2088140,3,9,917613,14,820,109264378,207,1023,199120863,-18.78,120.95
2025-09-01,09,,09,1,1,205,205,93920772,6,12,2634090,5,16,2350967,13,239,23448093,229,472,122353922,10.22,-27.05
2025-10-01,09,,09,1,1,182,182,88811166,2,4,1542500,3,10,1157613,15,609,183660904,202,805,275172183,-1.09,42.73
2025-11-01,09,,09,1,1,141,141,63180533,5,10,1332987,4,12,1778606,9,97,20443601,159,260,86735727,-3.42,-53.9
2025-12-01,09,,09,1,1,139,139,66626760,6,12,2322716,3,11,1127064,8,558,121238527,156,720,191315067,-13.12,-18.64
2024-01-01,10,,10,3,5,445,445,66958889,19,38,3254185,2,8,500000,4,130,23606534,470,621,94319608,,
2024-02-01,10,,10,3,5,525,525,72276251,9,18,21001257,0,0,0,1,5,429822,535,548,93707330,,
2024-03-01,10,,10,3,5,556,556,75383454,10,20,3124332,0,0,0,2,20,2809428,568,596,81317214,,
2024-04-01,10,,10,3,5,467,467,68345573,6,12,2186584,1,3,450000,0,0,0,474,482,70982157,,
2024-05-01,10,,10,3,5,518,518,77061133,1,2,357406,0,0,0,2,48,3700000,521,568,81118539,,
2024-06-01,10,,10,3,5,467,467,65082221,0,0,0,1,4,720000,5,108,9600000,473,579,75402221,,
2024-07-01,10,,10,3,5,453,453,69333483,6,12,1330409,0,0,0,0,0,0,459,465,70663892,,
2024-08-01,10,,10,3,5,491,491,71899764,19,38,6814581,1,3,240000,0,0,0,511,532,78954345,,
2024-09-01,10,,10,3,5,353,353,57914647,5,10,2244032,0,0,0,1,36,2800000,359,399,62958679,,
2024-10-01,10,,10,3,5,472,472,67203155,18,36,4044139,0,0,0,1,32,2248000,491,540,73495294,,
2024-11-01,10,,10,3,5,452,452,86063460,6,12,805309,0,0,0,1,12,1740000,459,476,88608769,,
2024-12-01,10,,10,3,5,372,372,57751901,5,10,1848632,0,0,0,8,214,39030673,385,596,98631206,,
2025-01-01,10,,10,3,5,385,385,58528685,8,16,1932693,0,0,0,0,0,0,393,401,60461378,-13.48,-35.43
2025-02-01,10,,10,3,5,452,452,19376461,2,4,368000,0,0,0,10,144,14876000,464,600,34620461,-13.9,9.49
2025-03-01,10,,10,3,5,426,426,60660565,8,16,2354274,0,0,0,3,72,7279679,437,514,70294518,,
2025-04-01,10,,10,3,5,481,481,67389847,8,16,2896698,0,0,0,2,36,2303688,491,533,72590233,3,10.58
2025-05-01,10,,10,3,5,448,448,61530607,4,8,1932961,0,0,0,6,140,11031688,458,596,74495256,-13.51,4.93
2025-06-01,10,,10,3,5,517,517,63746437,3,6,993898,0,0,0,4,94,9595663,524,617,74335998,10.71,6.56
2025-07-01,10,,10,3,5,469,469,70109228,15,30,6439445,0,0,0,5,102,9053688,489,601,85602361,3.53,29.25
2025-08-01,10,,10,3,5,422,422,63518232,11,22,3972365,0,0,0,5,36,6674880,438,480,74165477,-14.05,-9.77
2025-09-01,10,,10,3,5,389,389,60576453,6,12,1381815,0,0,0,2,78,17198126,397,479,79156394,10.2,20.05
2025-10-01,10,,10,3,5,397,397,70473183,6,12,1690342,0,0,0,1,7,841617,404,416,73005142,-15.89,-22.96
2025-11-01,10,,10,3,5,339,339,50759765,9,18,3481090,0,0,0,1,7,820000,349,364,55060855,-25,-23.53
2025-12-01,10,,10,3,5,520,520,54947536,5,10,1234166,0,0,0,8,105,12686092,533,635,68867794,39.78,6.54
2024-01-01,11,,11,3,5,4,4,1142031,0,0,0,0,0,0,1,17,2343192,5,21,3485223,,
2024-02-01,11,,11,3,5,11,11,3140586,4,8,1175998,0,0,0,4,64,8821427,19,83,13138011,,
2024-03-01,11,,11,3,5,31,31,8850742,1,2,294000,0,0,0,4,72,9924105,36,105,19068847,,
2024-04-01,11,,11,3,5,20,20,5751766,2,4,620952,1,3,438026,3,214,30712424,26,241,37523168,,
2024-05-01,11,,11,3,5,2,2,575177,6,12,1862856,0,0,0,1,26,3731416,9,40,6169449,,
2024-06-01,11,,11,3,5,23,23,6614531,3,6,931428,0,0,0,3,59,8467444,29,88,16013403,,
2024-07-01,11,,11,3,5,20,20,5751766,6,12,1862856,0,0,0,6,117,16791372,32,149,24405994,,
2024-08-01,11,,11,3,5,9,9,2588295,2,4,620952,0,0,0,3,41,5884156,14,54,9093403,,
2024-09-01,11,,11,3,5,17,17,4889001,4,8,1241904,0,0,0,4,97,13921052,25,122,20051957,,
2024-10-01,11,,11,3,5,5,5,1437942,0,0,0,0,0,0,2,460,66017360,7,465,67455302,,
2024-11-01,11,,11,3,5,1,1,287588,0,0,0,0,0,0,3,69,9902604,4,70,10190192,,
2024-12-01,11,,11,3,5,3,3,862765,13,26,4036188,0,0,0,6,270,38749320,22,299,43648273,,
2025-01-01,11,,11,3,5,25,25,7189708,2,4,620952,0,0,0,2,231,33152196,29,260,40962856,525,1138.1
2025-02-01,11,,11,3,5,10,10,2875883,0,0,0,0,0,0,1,8,1148128,11,18,4024011,-9.09,-78.31
2025-03-01,11,,11,3,5,4,4,1150353,4,8,1241904,0,0,0,1,6,861096,9,18,3253353,,
2025-04-01,11,,11,3,5,11,11,3256184,2,4,646304,0,0,0,2,12,2066796,15,27,5969284,-45,-88.8
2025-05-01,11,,11,3,5,5,5,1480083,0,0,0,0,0,0,0,0,0,5,5,1480083,150,-87.5
2025-06-01,11,,11,3,5,14,14,4144234,4,8,1292609,0,0,0,5,188,32379804,23,210,37816647,-39.13,138.64
2025-07-01,11,,11,3,5,10,10,2960167,0,0,0,0,0,0,1,72,12400776,11,82,15360943,-50,-44.97
2025-08-01,11,,11,3,5,11,11,3256184,1,2,323152,0,0,0,2,448,77160384,14,461,80739720,22.22,753.7
2025-09-01,11,,11,3,5,9,9,2664150,4,8,1292609,0,0,0,2,242,41680386,15,259,45637145,-47.06,112.3
2025-10-01,11,,11,3,5,38,38,11248634,1,2,323152,0,0,0,1,17,2927961,40,57,14499747,660,-87.74
2025-11-01,11,,11,3,5,14,14,4144234,1,2,323152,0,0,0,3,148,25490484,18,164,29957870,1300,134.29
2025-12-01,11,,11,3,5,30,30,8880501,0,0,0,0,0,0,0,0,0,30,30,8880501,900,-89.97
2024-01-01,12,,12,3,5,11318,11318,3471874500,64,128,24328515,23,85,14399473,89,4601,869233464,11494,16132,4379835952,,
2024-02-01,12,,12,3,5,9980,9980,3094498077,79,158,31685239,37,141,16092963,113,3006,474694403,10209,13285,3616970682,,
2024-03-01,12,,12,3,5,10648,10648,3254746912,66,132,25186174,28,96,24998354,125,3973,881742316,10867,14849,4186673756,,
2024-04-01,12,,12,3,5,12096,12096,3980872775,148,296,46518587,23,88,11869258,159,5421,800534244,12426,17901,4839794864,,
2024-05-01,12,,12,3,5,12682,12682,3955372794,84,168,32926661,32,120,24000562,152,4140,830934443,12950,17110,4843234460,,
2024-06-01,12,,12,3,5,10798,10798,3277616965,62,124,23290253,39,149,20948138,140,4668,976209586,11039,15739,4298064942,,
2024-07-01,12,,12,3,5,11033,11033,3239848135,87,174,26884196,16,57,11525749,152,4150,774578207,11288,15414,4052836287,,
2024-08-01,12,,12,3,5,10755,10755,3474249826,128,256,37660465,28,107,19567778,142,4548,708641391,11053,15666,4240119460,,
2024-09-01,12,,12,3,5,9165,9165,2838832838,68,136,28150878,13,48,13535760,129,3031,535317238,9375,12380,3415836714,,
2024-10-01,12,,12,3,5,9687,9687,3097107591,80,160,36240641,12,45,9355117,125,3410,549309075,9904,13302,3692012424,,
2024-11-01,12,,12,3,5,8192,8192,2605062153,73,146,26548479,15,53,13018391,70,2369,678062437,8350,10760,3322691460,,
2024-12-01,12,,12,3,5,8786,8786,2790093836,67,134,23150905,14,51,24262870,93,2983,520842307,8960,11954,3358349918,,
2025-01-01,12,,12,3,5,9747,9747,3109378604,112,224,36557853,22,82,18474467,233,6819,1029931381,10114,16872,4194342305,-13.88,4.59
2025-02-01,12,,12,3,5,9529,9529,3088170605,198,396,59905016,9,32,7272542,115,4900,898568930,9851,14857,4053917093,-4.52,11.83
2025-03-01,12,,12,3,5,9605,9605,3003172236,78,156,29313103,46,182,29428066,127,4828,866429710,9856,14771,3928343115,,
2025-04-01,12,,12,3,5,10531,10531,3427530155,116,232,179100563,25,96,19328707,106,2992,434803703,10778,13851,4060763128,-12.94,-22.62
2025-05-01,12,,12,3,5,9777,9777,3185663649,126,252,180745924,45,179,33363754,129,4356,1044898650,10077,14564,4444671977,-22.91,-14.88
2025-06-01,12,,12,3,5,10442,10442,3380785251,84,168,33178818,12,45,13572393,159,8883,1695180240,10697,19538,5122716702,-3.3,24.14
2025-07-01,12,,12,3,5,8980,8980,3150703350,175,350,198878273,30,107,21431586,117,5224,1626178302,9302,14661,4997191511,-18.61,-4.89
2025-08-01,12,,12,3,5,8996,8996,2960681088,119,238,44580515,12,44,11133922,124,4316,788974752,9251,13594,3805370277,-16.36,-13.23
2025-09-01,12,,12,3,5,8517,8517,2898446417,187,374,61875638,59,220,33543147,111,4242,901825158,8874,13353,3895690360,-7.07,7.86
2025-10-01,12,,12,3,5,9990,9990,3330856143,113,226,42163428,33,124,28613210,114,4860,714458297,10250,15200,4116091078,3.13,14.27
2025-11-01,12,,12,3,5,6975,6975,2378651355,51,102,20898175,24,88,15820405,62,2487,865764914,7112,9652,3281134849,-14.86,-10.3
2025-12-01,12,,12,3,5,7578,7578,2801764586,102,204,36132725,21,77,18792448,166,5361,975079675,7867,13220,3831769434,-13.75,10.59
2024-01-01,13,,13,3,5,3961,3961,1040183685,24,48,6082029,16,55,9655331,75,1052,151452546,4076,5116,1207373591,,
2024-02-01,13,,13,3,5,4030,4030,1074313056,35,70,10646647,43,162,26254231,76,1135,118826259,4184,5397,1230040193,,
2024-03-01,13,,13,3,5,4568,4568,1253462271,52,104,13523552,28,102,12542674,80,1669,261132083,4728,6443,1540660580,,
2024-04-01,13,,13,3,5,4773,4773,1266229764,31,62,10149692,23,82,10637275,180,2018,250782053,5007,6935,1537798784,,
2024-05-01,13,,13,3,5,4445,4445,1221531763,61,122,17115315,39,145,21208767,126,1264,226490343,4671,5976,1486346188,,
2024-06-01,13,,13,3,5,3789,3789,1064070394,27,54,7181667,28,106,15261945,108,1806,215603033,3952,5755,1302117039,,
2024-07-01,13,,13,3,5,4142,4142,1176893375,24,48,6147052,9,34,6284807,98,830,140240575,4273,5054,1329565809,,
2024-08-01,13,,13,3,5,4183,4183,1185128756,36,72,11153485,40,151,30596998,88,1344,195763026,4347,5750,1422642265,,
2024-09-01,13,,13,3,5,3268,3268,917131783,43,86,15891975,20,72,10844193,72,1673,219757095,3403,5099,1163625046,,
2024-10-01,13,,13,3,5,3778,3778,1074305774,20,40,4023723,39,148,16966185,37,635,97061328,3874,4601,1192357010,,
2024-11-01,13,,13,3,5,3057,3057,822980847,21,42,8747619,13,50,8208588,61,1012,168020088,3152,4161,1007957142,,
2024-12-01,13,,13,3,5,3445,3445,1005122152,12,24,3248273,22,83,12723712,118,2105,305477275,3597,5657,1326571412,,
2025-01-01,13,,13,3,5,3618,3618,1019017031,25,50,6997035,22,74,9804794,91,1400,204433945,3756,5142,1240252805,-8.66,0.51
2025-02-01,13,,13,3,5,3843,3843,1091344538,13,26,4204197,10,34,5100859,97,1289,173309873,3963,5192,1273959467,-4.64,-3.8
2025-03-01,13,,13,3,5,4131,4131,1192532923,20,40,4663397,38,141,23864615,70,1170,183912896,4259,5482,1404973831,,
2025-04-01,13,,13,3,5,4270,4270,1214013427,27,54,7286943,8,27,3564900,69,1730,224207220,4374,6081,1449072490,-10.54,-12.31
2025-05-01,13,,13,3,5,3923,3923,1116148789,26,52,8606561,14,51,7044948,91,943,140821143,4054,4969,1272621441,-11.74,-16.85
2025-06-01,13,,13,3,5,3587,3587,1031003350,33,66,11176949,19,62,10244607,55,479,75978808,3694,4194,1128403714,-5.33,-27.12
2025-07-01,13,,13,3,5,3958,3958,1180633408,29,58,7948506,24,90,12076967,101,1442,217856395,4112,5548,1418515276,-4.44,9.77
2025-08-01,13,,13,3,5,3378,3378,995265267,22,44,6283620,9,29,3864687,54,729,96010500,3463,4180,1101424074,-19.24,-27.3
2025-09-01,13,,13,3,5,3532,3532,1047948315,17,34,4367433,12,42,6110462,63,1526,181564005,3624,5134,1239990215,8.08,0.69
2025-10-01,13,,13,3,5,3867,3867,1100081861,18,36,3366104,16,60,9319813,106,2200,325864381,4007,6163,1438632159,2.36,33.95
2025-11-01,13,,13,3,5,2581,2581,731120196,40,80,10186602,19,70,10009364,42,626,103110300,2682,3357,854426462,-15.57,-19.32
2025-12-01,13,,13,3,5,2924,2924,828205168,34,68,7699815,16,60,6659169,52,1081,208948916,3026,4133,1051513068,-15.12,-26.94
2024-01-01,15,,15,4,9,217,217,128307182,8,16,2831978,0,0,0,3,75,26616424,228,308,157755584,,
2024-02-01,15,,15,4,9,174,174,72404696,5,10,1554769,0,0,0,4,200,76155509,183,384,150114974,,
2024-03-01,15,,15,4,9,190,190,99642509,7,14,2331538,0,0,0,4,109,38363237,201,313,140337284,,
2024-04-01,15,,15,4,9,208,208,96749866,6,12,3011194,0,0,0,2,48,13577841,216,268,113338901,,
2024-05-01,15,,15,4,9,226,226,81854878,8,16,2150656,0,0,0,1,61,18482335,235,303,102487869,,
2024-06-01,15,,15,4,9,230,230,109410991,6,12,3011194,0,0,0,3,82,27482713,239,324,139904898,,
2024-07-01,15,,15,4,9,197,197,87720116,9,18,2719849,0,0,0,3,60,17213710,209,275,107653675,,
2024-08-01,15,,15,4,9,179,179,83958784,7,14,1881824,0,0,0,2,63,21890836,188,256,107731444,,
2024-09-01,15,,15,4,9,164,164,79919659,6,12,1612992,0,0,0,1,60,18179346,171,236,99711997,,
2024-10-01,15,,15,4,9,236,236,112147975,7,14,3280026,0,0,0,3,70,20243601,246,320,135671602,,
2024-11-01,15,,15,4,9,275,275,125715215,13,26,7487194,0,0,0,10,137,38914525,298,438,172116934,,
2024-12-01,15,,15,4,9,213,213,107520253,5,10,1344160,1,3,196629,2,73,25721448,221,299,134782490,,
2025-01-01,15,,15,4,9,290,290,125436809,8,16,2162992,0,0,0,1,57,17270379,299,363,144870180,33.64,17.86
2025-02-01,15,,15,4,9,196,196,96182827,6,12,1612992,0,0,0,2,34,12303431,204,242,110099250,12.64,-36.98
2025-03-01,15,,15,4,9,221,221,97666175,8,16,3548858,0,0,0,3,62,20221849,232,299,121436882,,
2025-04-01,15,,15,4,9,200,200,96640065,8,16,3771811,0,0,0,3,132,36393046,211,348,136804922,-3.85,29.85
2025-05-01,15,,15,4,9,243,243,108880583,10,20,3778503,0,0,0,3,91,24294923,256,354,136954009,7.52,16.83
2025-06-01,15,,15,4,9,180,180,94703617,8,16,2524140,0,0,0,3,67,21413723,191,263,118641480,-21.74,-18.83
2025-07-01,15,,15,4,9,202,202,104250583,8,16,2668090,0,0,0,3,89,30542538,213,307,137461211,2.54,11.64
2025-08-01,15,,15,4,9,195,195,76767925,7,14,2173140,0,0,0,4,123,42171910,206,332,121112975,8.94,29.69
2025-09-01,15,,15,4,9,127,127,55400956,3,6,890318,0,0,0,0,0,0,130,133,56291274,-22.56,-43.64
2025-10-01,15,,15,4,9,139,139,44870895,9,18,2860326,0,0,0,2,101,32280388,150,258,80011609,-41.1,-19.37
2025-11-01,15,,15,4,9,137,137,62478397,0,0,0,0,0,0,10,96,17270800,147,233,79749197,-50.18,-46.8
2025-12-01,15,,15,4,9,177,177,73679518,6,12,1893442,0,0,0,3,131,44919449,186,320,120492409,-16.9,7.02
2024-01-01,16,,16,4,8,891,891,244720378,12,24,4489066,29,111,17590640,9,68,7466610,941,1094,274266694,,
2024-02-01,16,,16,4,8,1059,1059,270624382,3,6,1783810,11,40,5552688,12,134,42270312,1085,1239,320231192,,
2024-03-01,16,,16,4,8,1083,1083,315484883,8,16,2274373,11,40,5624142,14,294,48149043,1116,1433,371532441,,
2024-04-01,16,,16,4,8,1323,1323,393627839,6,12,1642863,21,78,9504014,7,130,11056667,1357,1543,415831383,,
2024-05-01,16,,16,4,8,1509,1509,404309947,20,40,6174074,12,42,6598786,10,181,32330874,1551,1772,449413681,,
2024-06-01,16,,16,4,8,1254,1254,380305063,10,20,2819489,13,48,6536204,7,92,11376707,1284,1414,401037463,,
2024-07-01,16,,16,4,8,1357,1357,403522596,19,38,6202868,7,23,2674834,4,32,4324692,1387,1450,416724990,,
2024-08-01,16,,16,4,8,1359,1359,365892490,24,48,8680167,4,13,1369558,10,182,27517933,1397,1602,403460148,,
2024-09-01,16,,16,4,8,1302,1302,379698884,9,18,1667144,6,21,3618410,15,295,44617945,1332,1636,429602383,,
2024-10-01,16,,16,4,8,1372,1372,376805364,9,18,3754317,3,10,1550805,12,306,47858747,1396,1706,429969233,,
2024-11-01,16,,16,4,8,1026,1026,284011374,6,12,2011959,3,10,2510417,13,349,52558719,1048,1397,341092469,,
2024-12-01,16,,16,4,8,921,921,246428528,8,16,3803010,2,7,1731817,13,250,25427197,944,1194,277390552,,
2025-01-01,16,,16,4,8,990,990,275378874,9,18,3067315,5,19,3612824,7,122,16002834,1011,1149,298061847,11.11,5.03
2025-02-01,16,,16,4,8,901,901,266139788,19,38,2792021,10,39,3525667,6,107,17108925,936,1085,289566401,-14.92,-12.43
2025-03-01,16,,16,4,8,1272,1272,385991655,16,32,5184901,1,3,1256817,27,586,103194091,1316,1893,495627464,,
2025-04-01,16,,16,4,8,1380,1380,426178281,19,38,7001298,10,35,5782786,19,477,74660035,1428,1930,513622400,4.31,25.08
2025-05-01,16,,16,4,8,1326,1326,411912637,26,52,8395935,3,10,2519317,18,248,28210430,1373,1636,451038319,-12.13,-7.67
2025-06-01,16,,16,4,8,1449,1449,436912521,11,22,5035313,16,63,6133405,11,184,25377642,1487,1718,473458881,15.55,21.5
2025-07-01,16,,16,4,8,1192,1192,370599033,8,16,3211678,3,11,1605687,11,255,38066241,1214,1474,413482639,-12.16,1.66
2025-08-01,16,,16,4,8,1108,1108,327990246,17,34,4233269,6,20,4775618,18,245,30927378,1149,1407,367926511,-18.47,-12.17
2025-09-01,16,,16,4,8,1097,1097,337408813,6,12,1989481,3,11,1427176,15,271,50051390,1121,1391,390876860,-15.75,-14.98
2025-10-01,16,,16,4,8,1230,1230,379591652,18,36,11674518,28,111,14532276,15,373,37258571,1291,1750,443057017,-10.35,2.58
2025-11-01,16,,16,4,8,892,892,264716155,29,58,11247602,28,109,14171478,4,48,5714622,953,1107,295849857,-13.06,-20.76
2025-12-01,16,,16,4,8,998,998,307879687,8,16,3518786,8,31,6055200,4,84,12387597,1018,1129,329841270,8.36,-5.44
2024-01-01,17,,17,2,3,478,478,158169580,9,18,3611417,19,63,12959187,18,262,56465079,524,821,231205263,,
2024-02-01,17,,17,2,3,657,657,222868022,11,22,4909465,9,28,5768180,19,275,51660489,696,982,285206156,,
2024-03-01,17,,17,2,3,873,873,290460838,10,20,4434896,13,43,11795930,50,1239,251288073,946,2175,557979737,,
2024-04-01,17,,17,2,3,980,980,331846722,27,54,8539457,15,49,9598514,19,113,30437732,1041,1196,380422425,,
2024-05-01,17,,17,2,3,1061,1061,379491175,9,18,3964836,17,54,8660638,32,637,134178557,1119,1770,526295206,,
2024-06-01,17,,17,2,3,938,938,323963766,14,28,6363973,16,52,10250138,33,672,177046650,1001,1690,517624527,,
2024-07-01,17,,17,2,3,940,940,369042978,24,48,13110785,17,58,13065122,41,451,91791409,1022,1497,487010294,,
2024-08-01,17,,17,2,3,964,964,332068741,20,40,7418824,18,56,10583784,37,1157,177538369,1039,2217,527609718,,
2024-09-01,17,,17,2,3,931,931,328329117,29,58,13574777,18,62,8908371,51,855,195690954,1029,1906,546503219,,
2024-10-01,17,,17,2,3,1042,1042,405397864,30,60,10445890,11,35,6723492,39,796,158742793,1122,1933,581310039,,
2024-11-01,17,,17,2,3,779,779,291233782,29,58,12996780,26,87,16175154,34,895,182070625,868,1819,502476341,,
2024-12-01,17,,17,2,3,656,656,233953486,13,26,6118420,8,29,5840187,40,762,219490365,717,1473,465402458,,
2025-01-01,17,,17,2,3,602,602,215683612,20,40,6544052,18,54,17745126,19,200,52884993,659,896,292857783,25.94,9.14
2025-02-01,17,,17,2,3,635,635,215890536,19,38,8129189,21,72,11860364,19,376,49950574,694,1121,285830663,-3.35,14.15
2025-03-01,17,,17,2,3,964,964,345144829,18,36,7471147,16,54,12060754,30,284,51187786,1028,1338,415864516,,
2025-04-01,17,,17,2,3,1009,1009,360385977,26,52,10745062,18,59,12427671,38,443,92571414,1091,1563,476130124,2.96,30.69
2025-05-01,17,,17,2,3,976,976,353410484,37,74,16719275,15,48,8341955,35,1094,245085885,1063,2192,623557599,-8.01,23.84
2025-06-01,17,,17,2,3,1203,1203,430341087,27,54,8632561,18,56,12960945,36,850,127813495,1284,2163,579748088,28.25,27.99
2025-07-01,17,,17,2,3,1040,1040,360823802,25,50,8611338,24,80,14291804,42,959,268073324,1131,2129,651800268,10.64,42.22
2025-08-01,17,,17,2,3,1043,1043,378766685,31,62,12721372,39,144,25377928,46,541,105026412,1159,1790,521892397,8.2,-19.26
2025-09-01,17,,17,2,3,983,983,355955075,33,66,13253968,31,103,25285560,35,645,139780865,1082,1797,534275468,5.59,-5.72
2025-10-01,17,,17,2,3,1090,1090,374898125,24,48,10229899,26,86,18322475,42,645,171997531,1182,1869,575448030,4.61,-3.31
2025-11-01,17,,17,2,3,655,655,269480805,29,58,9053085,18,60,11457603,28,350,102805504,730,1123,392796997,-15.92,-38.26
2025-12-01,17,,17,2,3,711,711,274726750,29,58,10979621,21,70,13034935,16,160,47146121,777,999,345887427,8.38,-32.18
2024-01-01,18,,18,2,3,1269,1269,439643019,26,52,10187536,6,20,2635769,11,170,28312560,1312,1511,480778884,,
2024-02-01,18,,18,2,3,1458,1458,497505707,22,44,9077265,11,42,5407500,20,456,99462143,1511,2000,611452615,,
2024-03-01,18,,18,2,3,1656,1656,573782255,19,38,6331801,7,26,1869034,21,494,88283565,1703,2214,670266655,,
2024-04-01,18,,18,2,3,2073,2073,698406500,20,40,7675292,3,11,1363750,16,290,40685957,2112,2414,748131499,,
2024-05-01,18,,18,2,3,1661,1661,578887591,39,78,16826792,3,12,2400000,23,318,48715093,1726,2069,646829476,,
2024-06-01,18,,18,2,3,1921,1921,620259169,15,30,5047732,1,3,56250,27,458,66263280,1964,2412,691626431,,
2024-07-01,18,,18,2,3,1687,1687,589590190,37,74,15110704,3,11,1412086,26,407,62184871,1753,2179,668297851,,
2024-08-01,18,,18,2,3,2013,2013,657995198,23,46,4624084,1,4,300000,39,584,80590469,2076,2647,743509751,,
2024-09-01,18,,18,2,3,1782,1782,611888446,16,32,7812478,15,46,6952164,21,555,81923395,1834,2415,708576483,,
2024-10-01,18,,18,2,3,2059,2059,749197526,20,40,6430584,1,3,56250,40,764,155147754,2120,2866,910832114,,
2024-11-01,18,,18,2,3,1394,1394,490052387,21,42,8487091,9,33,21181159,25,550,127557350,1449,2019,647277987,,
2024-12-01,18,,18,2,3,1216,1216,421274180,13,26,3619756,3,10,1581450,18,780,147064353,1250,2032,573539739,,
2025-01-01,18,,18,2,3,1353,1353,479752287,14,28,4809812,3,10,1902686,14,1399,293371609,1384,2790,779836394,6.62,84.65
2025-02-01,18,,18,2,3,1399,1399,486264094,33,66,9181237,4,13,1468750,21,525,79017529,1457,2003,575931610,-4.05,0.15
2025-03-01,18,,18,2,3,1689,1689,606490302,17,34,5029956,3,10,1255321,34,669,142627188,1743,2402,755402767,,
2025-04-01,18,,18,2,3,2019,2019,710091753,32,64,11108117,1,3,538752,26,778,105602656,2078,2864,827341278,-2.6,18.64
2025-05-01,18,,18,2,3,2048,2048,741119886,32,64,9155064,2,8,1129916,25,527,74434736,2107,2647,825839602,23.3,27.94
2025-06-01,18,,18,2,3,1811,1811,643808517,23,46,6698164,6,22,3418668,31,1096,156620517,1871,2975,810545866,-5.73,23.34
2025-07-01,18,,18,2,3,1766,1766,654574959,29,58,10549072,0,0,0,41,865,112887502,1836,2689,778011533,4.68,23.41
2025-08-01,18,,18,2,3,1711,1711,610520013,21,42,6002961,3,11,1589952,29,365,63939086,1764,2129,682052012,-15,-19.57
2025-09-01,18,,18,2,3,1792,1792,657086726,17,34,5991621,5,19,5246579,25,844,142777391,1839,2689,811102317,0.56,11.35
2025-10-01,18,,18,2,3,2028,2028,733172786,20,40,7671675,4,15,3438752,22,680,110615844,2074,2763,854899057,-1.51,-3.59
2025-11-01,18,,18,2,3,1265,1265,477225505,16,32,6903561,0,0,0,23,332,56428280,1304,1629,540557346,-9.25,-19.32
2025-12-01,18,,18,2,3,1293,1293,448481315,13,26,2311488,7,27,6402703,35,516,83770811,1348,1862,540966317,6.33,-8.37
2024-01-01,19,,19,2,4,360,360,118665992,6,12,3141869,2,6,1013817,6,194,37769291,374,572,160590969,,
2024-02-01,19,,19,2,4,562,562,177782913,13,26,4792977,5,18,3848564,4,102,8838946,584,708,195263400,,
2024-03-01,19,,19,2,4,753,753,252427318,28,56,11044379,3,11,2491701,5,97,28545294,789,917,294508692,,
2024-04-01,19,,19,2,4,769,769,271201691,15,30,5645512,3,10,1908000,5,85,16167889,792,894,294923092,,
2024-05-01,19,,19,2,4,712,712,254764089,21,42,4130454,9,30,5637040,9,65,8761091,751,849,273292674,,
2024-06-01,19,,19,2,4,656,656,231006988,12,24,4823502,5,18,3584518,18,363,62360137,691,1061,301775145,,
2024-07-01,19,,19,2,4,572,572,199280623,20,40,8597069,4,13,1735000,22,659,86953967,618,1284,296566659,,
2024-08-01,19,,19,2,4,640,640,232530023,19,38,6120494,4,13,2950129,19,451,59034215,682,1142,300634861,,
2024-09-01,19,,19,2,4,842,842,247544142,22,44,7295466,6,21,4009960,14,377,53829986,884,1284,312679554,,
2024-10-01,19,,19,2,4,845,845,300600199,24,48,9383931,11,41,7362307,14,276,39836865,894,1210,357183302,,
2024-11-01,19,,19,2,4,545,545,192939574,14,28,6097911,10,38,7952930,24,787,117618030,593,1398,324608445,,
2024-12-01,19,,19,2,4,441,441,152333482,27,54,10975059,4,15,2354676,13,141,17761591,485,651,183424808,,
2025-01-01,19,,19,2,4,350,350,118102310,7,14,3117934,5,18,3163000,5,443,119224859,367,825,243608103,-2.78,44.23
2025-02-01,19,,19,2,4,435,435,156806932,8,16,3072074,5,17,3962073,15,487,40241095,463,955,204082174,-22.6,34.89
2025-03-01,19,,19,2,4,672,672,248773020,35,70,12244093,4,14,2369818,11,517,88210016,722,1273,351596947,,
2025-04-01,19,,19,2,4,858,858,308370829,25,50,11055560,2,7,1136100,24,260,38648565,909,1175,359211054,11.57,31.43
2025-05-01,19,,19,2,4,718,718,252949050,16,32,6717103,7,27,2872368,24,176,24020896,765,953,286559417,0.84,12.25
2025-06-01,19,,19,2,4,679,679,242496583,8,16,3958334,7,24,5721780,36,971,155789231,730,1690,407965928,3.51,59.28
2025-07-01,19,,19,2,4,663,663,233783449,26,52,11853375,5,17,3222358,17,242,32647873,711,974,281507055,15.91,-24.14
2025-08-01,19,,19,2,4,677,677,237107373,20,40,7402981,9,34,6808236,30,501,78058396,736,1252,329376986,5.78,9.63
2025-09-01,19,,19,2,4,708,708,254475472,12,24,5019024,7,27,5525000,11,131,19222224,738,890,284241720,-15.91,-30.69
2025-10-01,19,,19,2,4,774,774,300410254,36,72,12026509,8,27,4784600,23,778,121364655,841,1651,438586018,-8.4,36.45
2025-11-01,19,,19,2,4,566,566,214784121,23,46,9215084,5,16,3854600,13,194,26296012,607,822,254149817,3.85,-41.2
2025-12-01,19,,19,2,4,395,395,142288169,10,20,3668764,5,19,3450000,21,307,40644779,431,741,190051712,-10.43,13.82
2024-01-01,20,,20,2,4,264,264,106923213,51,102,15212253,14,55,7982675,4,173,31159189,333,594,161277330,,
2024-02-01,20,,20,2,4,409,409,146986249,51,102,12119511,13,51,7011000,5,290,55522977,478,852,221639737,,
2024-03-01,20,,20,2,4,427,427,162805514,66,132,18521697,3,10,2261500,18,328,68317107,514,897,251905818,,
2024-04-01,20,,20,2,4,523,523,199518436,44,88,12804052,1,3,330750,16,293,42964372,584,907,255617610,,
2024-05-01,20,,20,2,4,505,505,184108309,34,68,9924349,0,0,0,5,284,48749436,544,857,242782094,,
2024-06-01,20,,20,2,4,459,459,163344848,50,100,14671938,3,12,3425000,5,76,10695401,517,647,192137187,,
2024-07-01,20,,20,2,4,482,482,179541520,33,66,9284404,18,55,4720000,2,31,6312051,535,634,199857975,,
2024-08-01,20,,20,2,4,478,478,189886649,104,208,30612616,5,15,1634655,12,335,47240958,599,1036,269374878,,
2024-09-01,20,,20,2,4,508,508,177863283,60,120,18238002,16,59,18717737,1,29,5578298,585,716,220397320,,
2024-10-01,20,,20,2,4,578,578,196267526,73,146,23593495,9,33,4977888,5,64,10653382,665,821,235492291,,
2024-11-01,20,,20,2,4,387,387,130679100,45,90,13726239,6,19,1775000,4,49,7986715,442,545,154167054,,
2024-12-01,20,,20,2,4,387,387,154336171,44,88,12847837,8,29,9930750,6,64,12041317,445,568,189156075,,
2025-01-01,20,,20,2,4,315,315,117288398,55,110,17325259,1,4,400000,5,76,14687376,376,505,149701033,19.32,-14.98
2025-02-01,20,,20,2,4,366,366,138741573,45,90,13816714,1,3,330750,6,165,26744485,418,624,179633522,-10.51,-26.76
2025-03-01,20,,20,2,4,569,569,202837077,94,188,26547385,0,0,0,4,134,21272910,667,891,250657372,,
2025-04-01,20,,20,2,4,602,602,212306065,92,184,25399398,11,41,9189500,11,145,21419926,716,972,268314889,15.11,7.17
2025-05-01,20,,20,2,4,587,587,198634841,60,120,16810655,4,14,1819500,5,260,40760030,656,981,258025026,16.24,14.47
2025-06-01,20,,20,2,4,548,548,194007877,49,98,14173489,9,34,4294500,13,414,71387782,619,1094,283863648,19.39,69.09
2025-07-01,20,,20,2,4,555,555,190785062,40,80,11298325,1,3,589500,14,262,41377209,610,900,244050096,15.15,41.96
2025-08-01,20,,20,2,4,534,534,171335853,59,118,16789822,8,24,4426410,10,73,14556849,611,749,207108934,11.72,-27.7
2025-09-01,20,,20,2,4,479,479,171443963,84,168,24389039,2,6,2464500,5,29,4142612,570,682,202440114,-5.71,-4.75
2025-10-01,20,,20,2,4,557,557,194249355,59,118,22642527,3,9,2764500,3,17,2310684,622,701,221967066,-3.63,-14.62
2025-11-01,20,,20,2,4,448,448,154307674,82,164,22532627,3,9,1409500,6,302,53232184,539,923,231481985,15.76,69.36
2025-12-01,20,,20,2,4,465,465,175326558,64,128,21165841,5,18,2449500,7,205,31442344,541,816,230384243,20.16,43.66
2024-01-01,21,,21,3,6,548,548,155207748,11,22,2482338,6,20,1722994,28,399,57833792,593,989,217246872,,
2024-02-01,21,,21,3,6,736,736,176017125,22,44,7204753,10,36,5106737,52,803,40678785,820,1619,229007400,,
2024-03-01,21,,21,3,6,734,734,196315696,15,30,5265955,6,19,1837022,45,453,65563735,800,1236,268982408,,
2024-04-01,21,,21,3,6,765,765,197187344,23,46,6109694,9,29,3594880,30,762,228655981,827,1602,435547899,,
2024-05-01,21,,21,3,6,816,816,231917728,29,58,8479840,7,24,3655333,32,367,43681772,884,1265,287734673,,
2024-06-01,21,,21,3,6,777,777,203482088,9,18,2423166,9,28,3497920,17,347,43872825,812,1170,253275999,,
2024-07-01,21,,21,3,6,785,785,236589479,25,50,9199430,6,19,2154420,22,373,47177240,838,1227,295120569,,
2024-08-01,21,,21,3,6,740,740,200756407,26,52,8324734,5,18,2468774,46,953,116534330,817,1763,328084245,,
2024-09-01,21,,21,3,6,714,714,182604454,35,70,8677797,13,49,5815870,16,251,32364447,778,1084,229462568,,
2024-10-01,21,,21,3,6,812,812,214607414,42,84,10656832,9,30,4052460,18,263,31063412,881,1189,260380118,,
2024-11-01,21,,21,3,6,617,617,159360313,22,44,5283134,11,37,3610063,21,293,36631029,671,991,204884539,,
2024-12-01,21,,21,3,6,548,548,164477458,15,30,3924847,20,72,7396235,16,309,37828337,599,959,213626877,,
2025-01-01,21,,21,3,6,575,575,164716648,10,20,3260004,1,3,439594,29,278,31479621,615,876,199895867,4.93,-11.43
2025-02-01,21,,21,3,6,628,628,168208392,15,30,4327511,2,7,739594,19,224,26132984,664,889,199408481,-14.67,-45.09
2025-03-01,21,,21,3,6,841,841,222565491,13,26,3586740,6,22,3283504,42,576,64523839,902,1465,293959574,,
2025-04-01,21,,21,3,6,892,892,227696696,11,22,2420512,10,35,4383622,39,660,81168074,952,1609,315668904,16.6,0.44
2025-05-01,21,,21,3,6,793,793,225164457,18,36,4303329,7,25,4520672,37,516,64480986,855,1370,298469444,-2.82,8.3
2025-06-01,21,,21,3,6,720,720,206025664,11,22,3658356,12,41,5888307,32,454,44610464,775,1237,260182791,-7.34,5.73
2025-07-01,21,,21,3,6,747,747,221241533,12,24,2559079,6,19,3885377,27,474,42355168,792,1264,270041157,-4.84,3.02
2025-08-01,21,,21,3,6,699,699,210178524,35,70,9571759,10,32,3686134,48,856,106012317,792,1657,329448734,-5.54,-6.01
2025-09-01,21,,21,3,6,779,779,215326071,31,62,8294877,18,67,6515295,28,420,63858634,856,1328,293994877,9.1,22.51
2025-10-01,21,,21,3,6,672,672,169000235,12,24,3906644,7,24,3763917,31,378,58646028,722,1098,235316824,-17.24,-7.65
2025-11-01,21,,21,3,6,649,649,187186044,6,12,2553063,3,11,1800000,19,289,33975589,677,961,225514696,5.19,-3.03
2025-12-01,21,,21,3,6,547,547,153185799,28,56,7457013,4,14,1489674,16,339,46927014,595,956,209059500,-0.18,-0.31
2024-01-01,22,,22,3,7,1052,1052,244957264,12,24,3000896,3,10,1363346,2,159,70401631,1069,1245,319723137,,
2024-02-01,22,,22,3,7,1028,1028,247152480,26,52,6785366,0,0,0,6,159,28310392,1060,1239,282248238,,
2024-03-01,22,,22,3,7,1101,1101,266864973,22,44,5529291,0,0,0,3,44,5431780,1126,1189,277826044,,
2024-04-01,22,,22,3,7,1100,1100,272234283,23,46,5869698,0,0,0,4,93,14916008,1127,1239,293019989,,
2024-05-01,22,,22,3,7,1180,1180,272960732,17,34,4489563,3,9,688396,4,63,6531375,1204,1286,284670066,,
2024-06-01,22,,22,3,7,1019,1019,244999921,24,48,6187035,1,4,500000,10,181,34790185,1054,1252,286477141,,
2024-07-01,22,,22,3,7,1046,1046,252353551,18,36,4360438,0,0,0,10,265,54820271,1074,1347,311534260,,
2024-08-01,22,,22,3,7,1094,1094,265076438,27,54,8403119,1,3,370073,4,99,15870066,1126,1250,289719696,,
2024-09-01,22,,22,3,7,989,989,235488604,25,50,7399703,0,0,0,8,147,29713920,1022,1186,272602227,,
2024-10-01,22,,22,3,7,1012,1012,264225774,19,38,5252088,1,4,320000,3,51,5181052,1035,1105,274978914,,
2024-11-01,22,,22,3,7,838,838,216869008,19,38,4888788,0,0,0,4,90,50684243,861,966,272442039,,
2024-12-01,22,,22,3,7,822,822,209680129,22,44,5471670,0,0,0,6,144,24858000,850,1010,240009799,,
2025-01-01,22,,22,3,7,967,967,252021390,26,52,6553490,0,0,0,4,61,9519345,997,1080,268094225,-8.08,-13.25
2025-02-01,22,,22,3,7,1092,1092,286787345,16,32,4018337,0,0,0,3,80,13610161,1111,1204,304415843,6.23,-2.82
2025-03-01,22,,22,3,7,1185,1185,290695516,27,54,6981240,1,4,417000,3,54,8728499,1216,1297,306822255,,
2025-04-01,22,,22,3,7,1168,1168,278210058,19,38,4226401,1,3,245819,19,255,33007532,1207,1464,315689810,6.18,18.16
2025-05-01,22,,22,3,7,998,998,259441007,26,52,6084170,0,0,0,7,51,8655544,1031,1101,274180721,-15.42,-14.39
2025-06-01,22,,22,3,7,1001,1001,264699358,24,48,5130898,1,3,245819,13,150,19665989,1039,1202,289742064,-1.77,-3.99
2025-07-01,22,,22,3,7,977,977,282820403,20,40,4585210,1,3,267000,7,62,8006462,1005,1082,295679075,-6.6,-19.67
2025-08-01,22,,22,3,7,874,874,237494186,27,54,6200818,2,7,365819,37,562,71959869,940,1497,316020692,-20.11,19.76
2025-09-01,22,,22,3,7,1014,1014,255099926,23,46,5259348,1,3,267000,10,181,23342776,1048,1244,283969050,2.53,4.89
2025-10-01,22,,22,3,7,1018,1018,252398000,24,48,5691453,0,0,0,14,200,25900813,1056,1266,283990266,0.59,14.57
2025-11-01,22,,22,3,7,832,832,207076000,23,46,4989620,1,3,300000,5,32,4575624,861,913,216941244,-0.72,-5.49
2025-12-01,22,,22,3,7,835,835,214724600,23,46,4935627,0,0,0,24,239,30685006,882,1120,250345233,1.58,10.89
2024-01-01,23,,23,1,1,297,297,83475008,7,14,2425817,1,3,421550,5,75,8896752,310,389,95219127,,
2024-02-01,23,,23,1,1,267,267,82283077,9,18,2621346,2,7,1432900,6,75,6537410,284,367,92874733,,
2024-03-01,23,,23,1,1,345,345,97213459,14,28,4437494,3,11,1250000,11,184,33310211,373,568,136211164,,
2024-04-01,23,,23,1,1,487,487,152266090,7,14,2319311,1,3,250000,6,35,3772164,501,539,158607565,,
2024-05-01,23,,23,1,1,500,500,139827320,12,24,4035251,5,19,12973346,12,118,16960340,529,661,173796257,,
2024-06-01,23,,23,1,1,443,443,132871516,16,32,5633429,3,10,2117900,10,104,15837128,472,589,156459973,,
2024-07-01,23,,23,1,1,440,440,137195085,14,28,4946013,4,15,2832900,9,53,7298355,467,536,152272353,,
2024-08-01,23,,23,1,1,497,497,149886751,16,32,7971887,2,7,911648,10,63,9529200,525,599,168299486,,
2024-09-01,23,,23,1,1,428,428,129668261,15,30,5776776,2,6,882900,5,27,2875794,450,491,139203731,,
2024-10-01,23,,23,1,1,398,398,122367189,8,16,2712713,0,0,0,11,101,16429674,417,515,141509576,,
2024-11-01,23,,23,1,1,317,317,96354332,9,18,3333428,4,15,1869145,6,37,3872035,336,387,105428940,,
2024-12-01,23,,23,1,1,275,275,92895215,7,14,2365829,3,11,1271748,9,103,12747920,294,403,109280712,,
2025-01-01,23,,23,1,1,255,255,75062434,12,24,3851460,4,15,1686245,8,196,43412949,279,490,124013088,-14.14,25.96
2025-02-01,23,,23,1,1,208,208,72012978,8,16,2582405,1,3,375000,9,130,85618558,226,357,160588941,-22.1,-2.72
2025-03-01,23,,23,1,1,416,416,126289749,6,12,1644579,1,3,375000,11,293,47527499,434,724,175836827,,
2025-04-01,23,,23,1,1,524,524,169209175,31,62,8156833,1,3,359062,7,74,9105236,563,663,186830306,7.6,23.01
2025-05-01,23,,23,1,1,442,442,144341197,6,12,1892535,1,3,367031,8,162,29579282,457,619,176180045,-11.6,-6.35
2025-06-01,23,,23,1,1,427,427,137181391,14,28,5144967,2,6,854450,10,113,17934473,453,574,161115281,-3.61,-2.55
2025-07-01,23,,23,1,1,500,500,163505553,5,10,1844336,2,6,994350,8,60,6420187,515,576,172764426,13.64,7.46
2025-08-01,23,,23,1,1,400,400,127332172,6,12,2371997,1,3,359062,10,91,11999717,417,506,142062948,-19.52,-15.53
2025-09-01,23,,23,1,1,404,404,136618545,10,20,3504737,1,3,367031,10,109,14537580,425,536,155027893,-5.61,9.16
2025-10-01,23,,23,1,1,468,468,152697049,6,12,2023127,2,6,1032900,16,206,30526766,492,692,186279842,17.59,34.37
2025-11-01,23,,23,1,1,347,347,103206255,9,18,4510573,3,11,1346402,5,103,20014838,364,479,129078068,9.46,23.77
2025-12-01,23,,23,1,1,246,246,83831043,12,24,5988694,4,13,1282254,8,73,19036160,270,356,110138151,-10.55,-11.66
2024-01-01,24,,24,3,5,879,879,258353437,1,2,350000,1,4,395103,5,122,15571554,886,1007,274670094,,
2024-02-01,24,,24,3,5,875,875,257109285,0,0,0,0,0,0,7,540,149697548,882,1415,406806833,,
2024-03-01,24,,24,3,5,1140,1140,269383569,1,2,500000,1,3,900000,8,517,101429424,1150,1662,372212993,,
2024-04-01,24,,24,3,5,1046,1046,275055784,0,0,0,0,0,0,17,1155,215501339,1063,2201,490557123,,
2024-05-01,24,,24,3,5,862,862,253199559,1,2,310476,0,0,0,13,751,171242972,876,1615,424753007,,
2024-06-01,24,,24,3,5,966,966,287554195,0,0,0,0,0,0,29,405,58318082,995,1371,345872277,,
2024-07-01,24,,24,3,5,809,809,245677309,1,2,310476,1,3,640000,11,531,103349716,822,1345,349977501,,
2024-08-01,24,,24,3,5,775,775,247945152,0,0,0,0,0,0,12,669,110534341,787,1444,358479493,,
2024-09-01,24,,24,3,5,645,645,181587559,1,2,300000,0,0,0,9,647,148568011,655,1294,330455570,,
2024-10-01,24,,24,3,5,895,895,307846980,1,2,310476,0,0,0,11,387,56562635,907,1284,364720091,,
2024-11-01,24,,24,3,5,766,766,243580053,2,4,901657,1,4,1200000,5,162,34513751,774,936,280195461,,
2024-12-01,24,,24,3,5,712,712,223914102,4,8,1579756,0,0,0,3,403,103353364,719,1123,328847222,,
2025-01-01,24,,24,3,5,896,896,284834765,6,12,3368918,2,8,1104928,8,492,98917080,912,1408,388225691,1.93,39.82
2025-02-01,24,,24,3,5,1010,1010,284801007,1,2,10000,0,0,0,11,444,164430940,1022,1456,449241947,15.43,2.9
2025-03-01,24,,24,3,5,868,868,236393939,5,10,999333,0,0,0,3,129,18744217,876,1007,256137489,,
2025-04-01,24,,24,3,5,915,915,251382190,9,18,4025000,2,8,3200000,5,312,51822280,931,1253,310429470,-12.52,-43.07
2025-05-01,24,,24,3,5,922,922,303764898,0,0,0,0,0,0,11,833,150535190,933,1755,454300088,6.96,8.67
2025-06-01,24,,24,3,5,913,913,291599817,5,10,2500000,1,4,500000,6,100,22500476,925,1027,317100293,-5.49,-25.09
2025-07-01,24,,24,3,5,876,876,246408255,0,0,0,0,0,0,7,297,54406550,883,1173,300814805,8.28,-12.79
2025-08-01,24,,24,3,5,748,748,211639165,1,2,180000,0,0,0,5,152,33952457,754,902,245771622,-3.48,-37.53
2025-09-01,24,,24,3,5,640,640,197791729,3,6,750000,0,0,0,1,70,16668560,644,716,215210289,-0.78,-44.67
2025-10-01,24,,24,3,5,625,625,173779017,1,2,249999,1,3,296327,7,320,130474120,634,950,304799463,-30.17,-26.01
2025-11-01,24,,24,3,5,623,623,164399931,12,24,2970700,2,6,661363,10,834,138574474,647,1487,306606468,-18.67,58.87
2025-12-01,24,,24,3,5,512,512,153380970,0,0,0,0,0,0,4,119,18041723,516,631,171422693,-28.09,-43.81
2024-01-01,25,,25,1,1,400,400,190520868,8,16,3813899,4,13,2605163,33,930,388478706,445,1359,585418636,,
2024-02-01,25,,25,1,1,383,383,185452254,18,36,8599389,10,32,5347558,31,852,166507734,442,1303,365906935,,
2024-03-01,25,,25,1,1,401,401,184877000,15,30,6060346,7,22,5605993,28,1054,266807504,451,1507,463350843,,
2024-04-01,25,,25,1,1,489,489,234240464,38,76,15832809,11,38,7104242,29,300,69917933,567,903,327095448,,
2024-05-01,25,,25,1,1,548,548,261670403,29,58,15544830,8,25,7965376,22,433,143668453,607,1064,428849062,,
2024-06-01,25,,25,1,1,718,718,325075691,33,66,18924571,9,27,5969770,39,664,137715887,799,1475,487685919,,
2024-07-01,25,,25,1,1,519,519,245655081,28,56,14687621,8,25,5601462,31,415,95267961,586,1015,361212125,,
2024-08-01,25,,25,1,1,757,757,214166670,18,36,8774765,5,16,2931000,34,752,290934230,814,1561,516806665,,
2024-09-01,25,,25,1,1,449,449,214131554,18,36,9296097,6,19,4334519,24,227,41033437,497,731,268795607,,
2024-10-01,25,,25,1,1,527,527,251433015,27,54,12111753,4,14,2813090,38,694,142998268,596,1289,409356126,,
2024-11-01,25,,25,1,1,355,355,166104596,12,24,5666672,2,6,1369286,36,621,85769348,405,1006,258909902,,
2024-12-01,25,,25,1,1,462,462,228418477,32,64,14209652,16,58,15736666,43,693,197510996,553,1277,455875791,,
2025-01-01,25,,25,1,1,370,370,185701172,21,42,9625777,2,6,460303,27,459,133057227,420,877,328844479,-7.5,-35.47
2025-02-01,25,,25,1,1,247,247,120383809,25,50,8958821,3,9,1723000,34,539,123814006,309,845,254879636,-35.51,-35.15
2025-03-01,25,,25,1,1,400,400,195612473,12,24,5453104,5,16,3433000,50,501,124700076,467,941,329198653,,
2025-04-01,25,,25,1,1,442,442,219835742,22,44,11778639,4,12,2272500,33,603,197408517,501,1101,431295398,-9.61,21.93
2025-05-01,25,,25,1,1,484,484,232487196,22,44,7799114,8,26,5206807,39,531,107515839,553,1085,353008956,-11.68,1.97
2025-06-01,25,,25,1,1,387,387,185716286,13,26,5951272,4,13,2686875,26,278,56324348,430,704,250678781,-46.1,-52.27
2025-07-01,25,,25,1,1,490,490,240156227,10,20,5178562,3,9,1655040,36,575,126054142,539,1094,373043971,-5.59,7.78
2025-08-01,25,,25,1,1,473,473,237045324,13,26,6716748,3,10,1697768,35,402,117927757,524,911,363387597,-37.52,-41.64
2025-09-01,25,,25,1,1,441,441,223403765,20,40,9786339,3,9,1145000,31,1092,205554978,495,1582,439890082,-1.78,116.42
2025-10-01,25,,25,1,1,527,527,247937897,22,44,8232285,7,23,6864061,37,651,165626477,593,1245,428660720,0,-3.41
2025-11-01,25,,25,1,1,374,374,203131099,10,20,5138213,10,30,4697636,25,342,102217321,419,766,315184269,5.35,-23.86
2025-12-01,25,,25,1,1,364,364,184893876,14,28,5349513,11,34,5869039,33,479,158430886,422,905,354543314,-21.21,-29.13
2024-01-01,26,,26,2,3,748,748,248520343,6,12,1768180,6,22,1946451,13,318,48146248,773,1100,300381222,,
2024-02-01,26,,26,2,3,999,999,335963548,16,32,4177187,4,13,2108598,15,361,42488150,1034,1405,384737483,,
2024-03-01,26,,26,2,3,1250,1250,396941110,21,42,6361586,10,34,6021332,19,199,29489485,1300,1525,438813513,,
2024-04-01,26,,26,2,3,1461,1461,461938224,18,36,6245139,7,24,5562046,18,164,37730414,1504,1685,511475823,,
2024-05-01,26,,26,2,3,1542,1542,490093188,14,28,5696790,9,30,7452012,24,465,131094630,1589,2065,634336620,,
2024-06-01,26,,26,2,3,1403,1403,468436635,35,70,8594366,7,24,5424329,30,262,70912825,1475,1759,553368155,,
2024-07-01,26,,26,2,3,1375,1375,422656737,18,36,4072698,5,18,3557309,25,303,82390415,1423,1732,512677159,,
2024-08-01,26,,26,2,3,1419,1419,464644748,40,80,9167326,11,42,8086369,34,568,118823825,1504,2109,600722268,,
2024-09-01,26,,26,2,3,1443,1443,472521981,30,60,7663508,15,58,15486757,21,411,100895441,1509,1972,596567687,,
2024-10-01,26,,26,2,3,1541,1541,536752568,29,58,6191641,13,49,12993032,38,775,201905966,1621,2423,757843207,,
2024-11-01,26,,26,2,3,1056,1056,349319396,30,60,6799006,9,34,5326981,24,599,115331085,1119,1749,476776468,,
2024-12-01,26,,26,2,3,839,839,272340559,21,42,3868435,5,19,3190474,32,596,130754417,897,1496,410153885,,
2025-01-01,26,,26,2,3,853,853,296326603,20,40,2609185,8,30,8729038,14,237,48762703,895,1160,356427529,14.04,5.45
2025-02-01,26,,26,2,3,910,910,288812495,30,60,5083018,6,21,2224860,16,476,101507498,962,1467,397627871,-8.91,4.41
2025-03-01,26,,26,2,3,1233,1233,441444805,45,90,7762234,18,68,10211792,23,514,83497987,1319,1905,542916818,,
2025-04-01,26,,26,2,3,1553,1553,515096201,31,62,6137874,10,38,6479579,25,396,95178202,1619,2049,622891856,6.3,21.6
2025-05-01,26,,26,2,3,1594,1594,514688438,34,68,6377414,8,30,8493450,26,354,79990425,1662,2046,609549727,3.37,-0.92
2025-06-01,26,,26,2,3,1529,1529,497773806,15,30,4651970,4,14,2603802,26,785,138584963,1574,2358,643614541,8.98,34.05
2025-07-01,26,,26,2,3,1454,1454,501063548,24,48,3362824,22,83,14519320,35,702,139342358,1535,2287,658288050,5.75,32.04
2025-08-01,26,,26,2,3,1337,1337,438038907,35,70,13638921,8,29,6069983,24,798,121942027,1404,2234,579689838,-5.78,5.93
2025-09-01,26,,26,2,3,1570,1570,522039606,39,78,8942283,17,64,13144847,42,760,154861457,1668,2472,698988193,8.8,25.35
2025-10-01,26,,26,2,3,1522,1522,515882120,42,84,7369948,17,63,9136172,29,886,253210022,1610,2555,785598262,-1.23,5.45
2025-11-01,26,,26,2,3,1012,1012,352216240,20,40,4140152,6,21,4843786,31,418,85938132,1069,1491,447138310,-4.17,-14.75
2025-12-01,26,,26,2,3,836,836,302418925,11,22,1214238,14,52,8803960,28,673,193941686,889,1583,506378809,-0.36,5.82
2024-01-01,27,,27,2,4,681,681,250752242,10,20,4053594,3,11,2857554,35,1357,251770496,729,2069,509433886,,
2024-02-01,27,,27,2,4,845,845,304933042,11,22,5521296,1,3,811774,21,366,67329416,878,1236,378595528,,
2024-03-01,27,,27,2,4,954,954,336033032,10,20,3051239,1,4,924171,31,541,113317834,996,1519,453326276,,
2024-04-01,27,,27,2,4,1420,1420,484882907,7,14,2536332,10,39,3530529,19,210,43412996,1456,1683,534362764,,
2024-05-01,27,,27,2,4,1420,1420,508244254,20,40,6937566,3,9,1050000,25,623,130237090,1468,2092,646468910,,
2024-06-01,27,,27,2,4,1182,1182,420528827,16,32,6153857,1,3,648000,33,766,167648604,1232,1983,594979288,,
2024-07-01,27,,27,2,4,1267,1267,443102578,26,52,10342900,6,23,3547135,26,622,124074105,1325,1964,581066718,,
2024-08-01,27,,27,2,4,1330,1330,477995496,21,42,6471591,11,39,7534991,27,736,134930104,1389,2147,626932182,,
2024-09-01,27,,27,2,4,1155,1155,407681672,23,46,12295740,8,30,6011864,36,879,177679763,1222,2110,603669039,,
2024-10-01,27,,27,2,4,1456,1456,514361140,21,42,8626420,4,15,3947762,19,568,108388341,1500,2081,635323663,,
2024-11-01,27,,27,2,4,944,944,350371184,32,64,12624635,6,23,3680000,22,867,174234923,1004,1898,540910742,,
2024-12-01,27,,27,2,4,771,771,297085226,6,12,2223342,2,7,1086232,25,681,136371742,804,1471,436766542,,
2025-01-01,27,,27,2,4,651,651,254672644,5,10,3481935,1,3,648000,13,287,53285527,670,951,312088106,-4.41,-54.04
2025-02-01,27,,27,2,4,674,674,263255341,2,4,727120,1,4,3450000,21,399,79674355,698,1081,347106816,-20.24,-12.54
2025-03-01,27,,27,2,4,1051,1051,382939422,10,20,4314983,6,21,9181050,16,497,70014285,1083,1589,466449740,,
2025-04-01,27,,27,2,4,1325,1325,483223733,14,28,5679332,6,22,5586250,24,922,120869628,1369,2297,615358943,-6.69,36.48
2025-05-01,27,,27,2,4,1374,1374,496851138,16,32,4673458,6,21,3273388,20,597,114460456,1416,2024,619258440,-3.24,-3.25
2025-06-01,27,,27,2,4,1216,1216,460533237,21,42,6582360,7,24,5142128,24,222,59994109,1268,1504,532251834,2.88,-24.16
2025-07-01,27,,27,2,4,1312,1312,480987061,11,22,5271713,1,3,429765,21,766,124625393,1345,2103,611313932,3.55,7.08
2025-08-01,27,,27,2,4,1335,1335,462830272,8,16,2930637,3,10,1542926,45,1080,204034706,1391,2441,671338541,0.38,13.69
2025-09-01,27,,27,2,4,1296,1296,443447515,16,32,6734097,15,57,11564976,13,414,75964321,1340,1799,537710909,12.21,-14.74
2025-10-01,27,,27,2,4,1149,1149,449939055,23,46,10311451,7,25,5718888,23,618,116435387,1202,1838,582404781,-21.09,-11.68
2025-11-01,27,,27,2,4,783,783,290995105,18,36,6104925,3,9,1752437,12,289,48944316,816,1117,347796783,-17.06,-41.15
2025-12-01,27,,27,2,4,765,765,315502597,13,26,6560272,0,0,0,27,778,150653143,805,1569,472716012,-0.78,6.66
2024-01-01,28,,28,3,6,550,550,110323053,5,10,400000,1,3,142105,2,12,237500,558,575,111102658,,
2024-02-01,28,,28,3,6,608,608,124369213,9,18,4484474,1,3,142105,2,11,212500,620,640,129208292,,
2024-03-01,28,,28,3,6,550,550,104697517,1,2,260450,1,3,487933,2,11,212500,554,566,105658400,,
2024-04-01,28,,28,3,6,753,753,149751014,4,8,1278843,1,3,375000,4,20,909722,762,784,152314579,,
2024-05-01,28,,28,3,6,671,671,144065168,3,6,943200,1,3,131250,3,17,834722,678,697,145974340,,
2024-06-01,28,,28,3,6,625,625,126441748,4,8,1223012,1,3,993444,5,28,3546042,635,664,132204246,,
2024-07-01,28,,28,3,6,658,658,127722250,2,4,869162,0,0,0,4,30,2933550,664,692,131524962,,
2024-08-01,28,,28,3,6,625,625,124231093,5,10,1326019,0,0,0,3,18,859722,633,653,126416834,,
2024-09-01,28,,28,3,6,525,525,106168437,3,6,810831,0,0,0,2,11,212500,530,542,107191768,,
2024-10-01,28,,28,3,6,700,700,139037004,3,6,810831,0,0,0,3,16,809722,706,722,140657557,,
2024-11-01,28,,28,3,6,470,470,95446914,3,6,813012,1,4,800000,6,34,3812500,480,514,100872426,,
2024-12-01,28,,28,3,6,528,528,99964573,2,4,565831,0,0,0,3,16,809722,533,548,101340126,,
2025-01-01,28,,28,3,6,528,528,111171767,3,6,904921,0,0,0,3,17,834722,534,551,112911410,-4,-4.17
2025-02-01,28,,28,3,6,538,538,103653290,1,2,434581,0,0,0,13,111,18156603,552,651,122244474,-11.51,1.72
2025-03-01,28,,28,3,6,704,704,146623575,2,4,764581,0,0,0,4,20,375000,710,728,147763156,,
2025-04-01,28,,28,3,6,598,598,115186766,2,4,949459,5,17,2755620,8,42,3936133,613,661,122827978,-20.58,-15.69
2025-05-01,28,,28,3,6,655,655,135860855,17,34,2907890,1,3,822219,5,92,7720500,678,784,147311464,-2.38,12.48
2025-06-01,28,,28,3,6,641,641,130643574,3,6,1063637,1,3,822219,8,45,3912946,653,695,136442376,2.56,4.67
2025-07-01,28,,28,3,6,601,601,120666258,1,2,474730,0,0,0,4,44,2677441,606,647,123818429,-8.66,-6.5
2025-08-01,28,,28,3,6,582,582,116340614,4,8,1309459,2,7,1705667,3,16,465441,591,613,119821181,-6.88,-6.13
2025-09-01,28,,28,3,6,648,648,120742413,28,56,5953274,4,13,2524105,4,20,565441,684,737,129785233,23.43,35.98
2025-10-01,28,,28,3,6,628,628,117813794,6,12,1691665,4,13,2436917,4,42,8644500,642,695,130586876,-10.29,-3.74
2025-11-01,28,,28,3,6,598,598,124262849,3,6,450000,1,3,822219,3,18,502941,605,625,126038009,27.23,21.6
2025-12-01,28,,28,3,6,492,492,107976495,4,8,1112163,1,3,609375,13,321,26974213,510,824,136672246,-6.82,50.36
2024-01-01,29,,29,2,4,643,643,217690054,15,30,3968296,18,66,8620178,19,583,78025331,695,1322,308303859,,
2024-02-01,29,,29,2,4,904,904,292065920,18,36,7291442,44,158,12369421,17,175,30936233,983,1273,342663016,,
2024-03-01,29,,29,2,4,1092,1092,350878054,38,76,10837013,22,82,8253584,8,106,15825023,1160,1356,385793674,,
2024-04-01,29,,29,2,4,1032,1032,338289163,32,64,12764842,19,68,10844370,8,64,6903252,1091,1228,368801627,,
2024-05-01,29,,29,2,4,1060,1060,346458917,14,28,5277814,9,30,3124472,23,244,24669688,1106,1362,379530891,,
2024-06-01,29,,29,2,4,997,997,330462159,26,52,8890123,14,53,7221083,37,818,106006791,1074,1920,452580156,,
2024-07-01,29,,29,2,4,989,989,318279955,23,46,7625089,23,88,14197303,22,435,55346354,1057,1558,395448701,,
2024-08-01,29,,29,2,4,1041,1041,337506880,48,96,14670772,25,91,9245080,35,1004,96280844,1149,2232,457703576,,
2024-09-01,29,,29,2,4,958,958,322785721,21,42,6792123,9,30,4048460,19,321,48018845,1007,1351,381645149,,
2024-10-01,29,,29,2,4,1077,1077,364431381,21,42,6486950,24,85,9620141,35,1025,86114267,1157,2229,466652739,,
2024-11-01,29,,29,2,4,867,867,290489770,19,38,6275141,8,28,3647854,31,788,121712734,925,1721,422125499,,
2024-12-01,29,,29,2,4,778,778,267243743,26,52,8080139,6,21,3239354,10,251,40777215,820,1102,319340451,,
2025-01-01,29,,29,2,4,691,691,248370354,27,54,9319813,5,17,3127365,24,506,60442409,747,1268,321259941,7.47,-4.08
2025-02-01,29,,29,2,4,698,698,244819690,34,68,6997275,8,28,3772365,19,327,44865091,759,1121,300454421,-22.79,-11.94
2025-03-01,29,,29,2,4,1010,1010,342341380,28,56,6716161,11,41,3250820,28,236,34343373,1077,1343,386651734,,
2025-04-01,29,,29,2,4,1045,1045,354935763,41,82,9884725,9,28,3528968,15,199,29107637,1110,1354,397457093,1.26,10.26
2025-05-01,29,,29,2,4,999,999,346321623,18,36,5621846,14,52,6827539,12,204,28815328,1043,1291,387586336,-5.75,-5.21
2025-06-01,29,,29,2,4,951,951,319529392,24,48,6610084,20,75,12640813,33,962,127783531,1028,2036,466563820,-4.61,6.04
2025-07-01,29,,29,2,4,954,954,339606354,31,62,10855479,9,32,4205855,15,147,22857373,1009,1195,377525061,-3.54,-23.3
2025-08-01,29,,29,2,4,892,892,325619153,19,38,5479277,21,74,10059573,27,708,157313643,959,1712,498471646,-14.31,-23.3
2025-09-01,29,,29,2,4,1708,1708,587891015,32,64,12208111,14,48,6044909,8,71,12482481,1762,1891,618626516,78.29,39.97
2025-10-01,29,,29,2,4,1043,1043,376550343,56,112,20366101,9,29,3533135,22,336,49109554,1130,1520,449559133,-3.16,-31.81
2025-11-01,29,,29,2,4,763,763,285008349,13,26,2940999,12,42,11241770,15,256,32745813,803,1087,331936931,-12,-36.84
2025-12-01,29,,29,2,4,716,716,266243115,18,36,5785321,13,49,6554000,23,365,61520508,770,1166,340102944,-7.97,5.81
2024-01-01,30,,30,4,8,190,190,57792469,9,18,4419283,6,21,3242933,5,77,9643921,210,306,75098606,,
2024-02-01,30,,30,4,8,174,174,52318637,5,10,2459099,5,17,2320987,6,101,12842512,190,302,69941235,,
2024-03-01,30,,30,4,8,249,249,71240813,14,28,5581751,6,21,2916661,3,57,6954591,272,355,86693816,,
2024-04-01,30,,30,4,8,235,235,71363987,7,14,2716064,3,10,1826183,6,60,8419048,251,319,84325282,,
2024-05-01,30,,30,4,8,236,236,78978890,18,36,7688354,6,19,3336431,7,98,10180619,267,389,100184294,,
2024-06-01,30,,30,4,8,402,402,138948049,4,8,1336629,7,26,5128505,9,98,8919917,422,534,154333100,,
2024-07-01,30,,30,4,8,362,362,118873011,10,20,4475008,5,20,2835179,14,169,13608176,391,571,139791374,,
2024-08-01,30,,30,4,8,277,277,79853434,13,26,4866745,6,21,3421036,7,135,15158035,303,459,103299250,,
2024-09-01,30,,30,4,8,282,282,94395324,9,18,4128565,3,10,1841514,2,42,4400264,296,352,104765667,,
2024-10-01,30,,30,4,8,256,256,87771994,13,26,5383699,5,17,3529488,9,124,16190644,283,423,112875825,,
2024-11-01,30,,30,4,8,157,157,54587261,12,24,6494826,3,10,1466514,11,205,11149608,183,396,73698209,,
2024-12-01,30,,30,4,8,203,203,65518958,19,38,7409207,3,11,1999769,8,299,65546340,233,551,140474274,,
2025-01-01,30,,30,4,8,212,212,54124837,12,24,3635638,2,7,898718,2,28,2927227,228,271,61586420,11.58,-11.44
2025-02-01,30,,30,4,8,185,185,66781479,11,22,4386983,4,13,2089414,4,61,9432893,204,281,82690769,6.32,-6.95
2025-03-01,30,,30,4,8,210,210,71741231,15,30,5123511,5,19,3053660,15,205,35799501,245,464,115717903,,
2025-04-01,30,,30,4,8,281,281,83639696,19,38,7639598,6,20,3806948,10,103,14281960,316,442,109368202,19.57,38.56
2025-05-01,30,,30,4,8,243,243,83327788,13,26,4715516,9,32,5139239,11,104,14290751,276,405,107473294,2.97,4.11
2025-06-01,30,,30,4,8,212,212,81071085,13,26,5216390,3,11,1698820,3,51,4983034,231,300,92969329,-47.26,-43.82
2025-07-01,30,,30,4,8,221,221,72497350,37,74,13381579,8,27,4229768,4,58,7759567,270,380,97868264,-38.95,-33.45
2025-08-01,30,,30,4,8,232,232,74058173,14,28,4339776,15,53,8900334,14,625,83432354,275,938,170730637,-16.25,104.36
2025-09-01,30,,30,4,8,235,235,75335598,5,10,1826303,6,21,3347128,10,277,52462149,256,543,132971178,-16.67,54.26
2025-10-01,30,,30,4,8,272,272,82447173,24,48,8951621,9,30,5566671,10,266,55285706,315,616,152251171,6.25,45.63
2025-11-01,30,,30,4,8,159,159,48216535,9,18,4041849,11,42,7646760,4,85,9018693,183,304,68923837,1.27,-23.23
2025-12-01,30,,30,4,8,124,124,39911418,10,20,3313639,3,10,1439893,6,88,9300705,143,242,53965655,-38.92,-56.08
2024-01-01,31,,31,2,4,245,245,62841662,2,4,633333,1,4,840830,5,573,52218308,253,826,116534133,,
2024-02-01,31,,31,2,4,518,518,107836069,21,42,7764923,4,16,3887500,11,275,28316575,554,851,147805067,,
2024-03-01,31,,31,2,4,482,482,323715179,11,22,4429933,4,13,1645498,25,269,11794869,522,786,341585479,,
2024-04-01,31,,31,2,4,532,532,134824220,4,8,1727642,1,4,1013866,32,240,3653375,569,784,141219103,,
2024-05-01,31,,31,2,4,464,464,133434912,10,20,1742285,12,37,6291002,16,709,48431017,502,1230,189899216,,
2024-06-01,31,,31,2,4,442,442,121419083,2,4,709867,1,4,450000,8,92,24973691,453,542,147552641,,
2024-07-01,31,,31,2,4,703,703,144173872,3,6,1109867,1,4,407894,11,253,20681665,718,966,166373298,,
2024-08-01,31,,31,2,4,487,487,133254955,20,40,6639867,2,7,2036888,12,215,23808276,521,749,165739986,,
2024-09-01,31,,31,2,4,561,561,146550429,37,74,11681956,1,3,125000,53,830,39765083,652,1468,198122468,,
2024-10-01,31,,31,2,4,495,495,145463093,14,28,4610748,3,11,1860000,15,169,16575487,527,703,168509328,,
2024-11-01,31,,31,2,4,387,387,111237712,23,46,6573246,6,18,4284000,10,310,40814999,426,761,162909957,,
2024-12-01,31,,31,2,4,345,345,102591722,7,14,1151673,2,8,1465280,16,446,50591053,370,813,155799728,,
2025-01-01,31,,31,2,4,437,437,88719626,4,8,1007107,16,51,14323531,5,380,28537907,462,876,132588171,78.37,6.05
2025-02-01,31,,31,2,4,331,331,90256992,6,12,1386351,4,16,2000000,44,826,61608971,385,1185,155252314,-36.1,39.25
2025-03-01,31,,31,2,4,471,471,138811461,22,44,5258879,3,11,1753215,6,270,18163356,502,796,163986911,,
2025-04-01,31,,31,2,4,515,515,163453854,17,34,4837011,2,8,1166300,14,266,33627436,548,823,203084601,-3.2,4.97
2025-05-01,31,,31,2,4,496,496,137512407,25,50,6742232,5,16,2922752,18,380,49040425,544,942,196217816,6.9,-23.41
2025-06-01,31,,31,2,4,461,461,131624393,22,44,6945305,5,19,4522240,9,521,33545314,497,1045,176637252,4.3,92.8
2025-07-01,31,,31,2,4,662,662,127901946,3,6,1156105,0,0,0,22,383,49171285,687,1051,178229336,-5.83,8.8
2025-08-01,31,,31,2,4,457,457,134287665,6,12,2575210,1,3,450000,4,102,34887768,468,574,172200643,-6.16,-23.36
2025-09-01,31,,31,2,4,569,569,136059549,20,40,7401351,6,20,2240188,4,186,73447400,599,815,219148488,1.43,-44.48
2025-10-01,31,,31,2,4,610,610,143091685,29,58,10419826,2,7,755000,7,434,45010044,648,1109,199276555,23.23,57.75
2025-11-01,31,,31,2,4,310,310,90362570,16,32,7320777,3,11,1377300,7,296,40745600,336,649,139806247,-19.9,-14.72
2025-12-01,31,,31,2,4,394,394,101549015,2,4,780000,1,3,150000,63,518,64740385,460,919,167219400,14.2,13.04
2024-01-01,32,,32,4,8,1368,1368,395725212,8,16,2292924,6,20,3363123,9,133,17638139,1391,1537,419019398,,
2024-02-01,32,,32,4,8,1148,1148,336534850,2,4,418762,6,21,3595984,30,600,93683056,1186,1773,434232652,,
2024-03-01,32,,32,4,8,1446,1446,429636616,5,10,1475765,8,29,3118781,14,185,25219576,1473,1670,459450738,,
2024-04-01,32,,32,4,8,1367,1367,451898232,3,6,802812,1,4,527613,13,191,33990226,1384,1568,487218883,,
2024-05-01,32,,32,4,8,1368,1368,419771661,12,24,3924779,6,20,3962166,16,469,73399887,1402,1881,501058493,,
2024-06-01,32,,32,4,8,1244,1244,375676006,8,16,2419017,4,15,2971625,12,565,91209265,1268,1840,472275913,,
2024-07-01,32,,32,4,8,1482,1482,458154032,16,32,3133049,6,20,3796655,8,119,14498364,1512,1653,479582100,,
2024-08-01,32,,32,4,8,1123,1123,306714218,9,18,3337300,1,4,222192,11,349,44350769,1144,1494,354624479,,
2024-09-01,32,,32,4,8,962,962,299905737,1,2,330033,2,8,444384,11,309,52875597,976,1281,353555751,,
2024-10-01,32,,32,4,8,936,936,302800182,5,10,1389262,9,30,5348776,13,155,20040127,963,1131,329578347,,
2024-11-01,32,,32,4,8,1049,1049,343847884,21,42,5269975,3,12,971997,22,482,69148989,1095,1585,419238845,,
2024-12-01,32,,32,4,8,933,933,242268130,6,12,1955195,4,14,1235804,14,185,24824813,957,1144,270283942,,
2025-01-01,32,,32,4,8,1245,1245,413992484,1,2,209343,5,19,1510626,20,733,144525551,1271,1999,560238004,-8.99,30.06
2025-02-01,32,,32,4,8,1086,1086,308805776,6,12,1669571,11,36,3025922,16,243,30915144,1119,1377,344416413,-5.4,-22.34
2025-03-01,32,,32,4,8,1289,1289,396225702,9,18,3205628,17,60,10080378,36,519,85805353,1351,1886,495317061,,
2025-04-01,32,,32,4,8,1226,1226,304923403,123,246,23975390,4,14,2081232,32,699,48041535,1385,2185,379021560,-10.31,39.35
2025-05-01,32,,32,4,8,1283,1283,420966666,2,4,235588,0,0,0,9,272,30549582,1294,1559,451751836,-6.21,-17.12
2025-06-01,32,,32,4,8,753,753,263104604,2,4,622191,1,3,395681,6,157,21694984,762,917,285817460,-39.47,-50.16
2025-07-01,32,,32,4,8,1046,1046,301164979,3,6,730478,2,7,787865,10,181,26764860,1061,1240,329448182,-29.42,-24.98
2025-08-01,32,,32,4,8,778,778,281660507,0,0,0,2,8,1588181,2,12,1190592,782,798,284439280,-30.72,-46.59
2025-09-01,32,,32,4,8,706,706,253265128,4,8,1325860,0,0,0,21,381,64462664,731,1095,319053652,-26.61,-14.52
2025-10-01,32,,32,4,8,896,896,255145441,1,2,333593,6,19,5542494,15,1424,245245324,918,2341,506266852,-4.27,106.98
2025-11-01,32,,32,4,8,714,714,202951137,1,2,330033,1,4,500000,9,342,60766169,725,1062,264547339,-31.94,-33
2025-12-01,32,,32,4,8,1192,1192,374579456,4,8,1209990,7,28,669668,9,103,18167026,1212,1331,394626140,27.76,16.35
2024-01-01,33,,33,1,1,185,185,63982532,3,6,845178,2,8,1260919,2,50,8887274,192,249,74975903,,
2024-02-01,33,,33,1,1,188,188,67017863,3,6,1516292,1,3,495000,4,89,16630695,196,286,85659850,,
2024-03-01,33,,33,1,1,221,221,74751619,3,6,999167,4,15,3695000,11,189,24788086,239,431,104233872,,
2024-04-01,33,,33,1,1,289,289,96410693,12,24,5816221,6,19,3503975,7,54,9162700,314,386,114893589,,
2024-05-01,33,,33,1,1,284,284,100270484,21,42,5270443,3,9,1217845,11,127,21057872,319,462,127816644,,
2024-06-01,33,,33,1,1,278,278,111606456,7,14,2695245,3,10,1497382,7,105,20904615,295,407,136703698,,
2024-07-01,33,,33,1,1,262,262,104733301,7,14,3292259,4,13,2605037,8,247,36745696,281,536,147376293,,
2024-08-01,33,,33,1,1,295,295,115501995,11,22,5550438,17,62,8146154,8,167,30702882,331,546,159901469,,
2024-09-01,33,,33,1,1,274,274,109038970,12,24,5757957,6,20,2870227,13,245,43349112,305,563,161016266,,
2024-10-01,33,,33,1,1,270,270,99799420,8,16,3739957,2,7,1045000,3,41,8139785,283,334,112724162,,
2024-11-01,33,,33,1,1,224,224,84673986,5,10,1897625,5,19,5059384,7,83,14729997,241,336,106360992,,
2024-12-01,33,,33,1,1,210,210,84656270,14,28,4847671,4,14,1861766,5,62,11602930,233,314,102968637,,
2025-01-01,33,,33,1,1,154,154,59278294,10,20,4894491,4,12,2050000,6,84,22082833,174,270,88305618,-16.76,8.43
2025-02-01,33,,33,1,1,126,126,46614332,4,8,2306203,2,6,1350000,4,65,11270475,136,205,61541010,-32.98,-28.32
2025-03-01,33,,33,1,1,199,199,82422325,8,16,3413886,1,3,472845,5,62,11883171,213,280,98192227,,
2025-04-01,33,,33,1,1,268,268,102843832,4,8,1531253,6,21,3361247,9,79,13561496,287,376,121297828,-7.27,-2.59
2025-05-01,33,,33,1,1,269,269,107758907,9,18,3569870,6,21,3188913,8,162,29494486,292,470,144012176,-5.28,1.73
2025-06-01,33,,33,1,1,254,254,102880787,4,8,2094667,5,17,4182833,5,34,6808512,268,313,115966799,-8.63,-23.1
2025-07-01,33,,33,1,1,255,255,98808471,7,14,3022003,2,6,1005822,10,134,23422810,274,409,126259106,-2.67,-23.69
2025-08-01,33,,33,1,1,239,239,101492462,12,24,4699657,5,18,3384074,11,159,41069094,267,440,150645287,-18.98,-19.41
2025-09-01,33,,33,1,1,265,265,121886584,9,18,3274528,2,6,1120422,11,232,36729794,287,521,163011328,-3.28,-7.46
2025-10-01,33,,33,1,1,355,355,135418282,7,14,2395076,6,20,3796823,3,36,7342656,371,425,148952837,31.48,27.25
2025-11-01,33,,33,1,1,245,245,108036164,7,14,3105080,4,13,2683651,7,46,8171844,263,318,121996739,9.38,-5.36
2025-12-01,33,,33,1,1,197,197,84185267,8,16,3025268,7,23,5888913,7,126,26803773,219,362,119903221,-6.19,15.29
2024-01-01,34,,34,1,2,1208,1208,245868674,37,74,13095400,11,34,1835895,78,1883,299887578,1334,3199,560687547,,
2024-02-01,34,,34,1,2,1278,1278,264158595,110,220,20467782,15,49,4409994,99,2180,330379001,1502,3727,619415372,,
2024-03-01,34,,34,1,2,991,991,236972718,51,102,16078221,22,73,5269993,108,1660,234068670,1172,2826,492389602,,
2024-04-01,34,,34,1,2,1413,1413,287637471,145,290,24910954,25,82,5627594,91,1311,142964264,1674,3096,461140283,,
2024-05-01,34,,34,1,2,1316,1316,280824854,148,296,28292788,24,78,6632970,75,996,114342919,1563,2686,430093531,,
2024-06-01,34,,34,1,2,1380,1380,305826161,52,104,11950254,13,41,5247155,85,1340,158345322,1530,2865,481368892,,
2024-07-01,34,,34,1,2,1370,1370,287131088,59,118,12874910,39,128,7770169,103,1416,144573667,1571,3032,452349834,,
2024-08-01,34,,34,1,2,1514,1514,328949446,40,80,7541654,50,168,12524813,84,1883,238862156,1688,3645,587878069,,
2024-09-01,34,,34,1,2,1314,1314,285266421,139,278,34402803,26,85,13402557,87,911,90075013,1566,2588,423146794,,
2024-10-01,34,,34,1,2,1630,1630,370634989,45,90,11059257,13,42,5314745,103,1220,137515038,1791,2982,524524029,,
2024-11-01,34,,34,1,2,1110,1110,252317228,30,60,9286296,13,40,6224686,84,1969,283311318,1237,3179,551139528,,
2024-12-01,34,,34,1,2,1153,1153,265677958,39,78,11449635,19,59,9064291,138,2371,241066269,1349,3661,527258153,,
2025-01-01,34,,34,1,2,1302,1302,285878493,51,102,15070640,14,48,5187568,81,1461,192604062,1448,2913,498740763,7.78,-8.94
2025-02-01,34,,34,1,2,1293,1293,272938140,40,80,9295712,12,38,2965845,69,804,96261198,1414,2215,381460895,1.17,-40.57
2025-03-01,34,,34,1,2,1690,1690,315697432,46,92,10897647,22,72,5304310,111,1483,154420102,1869,3337,486319491,,
2025-04-01,34,,34,1,2,1352,1352,304129747,57,114,12338931,28,92,8208299,97,986,125933924,1534,2544,450610901,-4.32,-17.83
2025-05-01,34,,34,1,2,1257,1257,283112964,36,72,14564751,25,82,8344693,104,993,109834828,1422,2404,415857236,-4.48,-10.5
2025-06-01,34,,34,1,2,1281,1281,287718131,35,70,10166386,15,50,3299054,94,1254,128161507,1425,2655,429345078,-7.17,-7.33
2025-07-01,34,,34,1,2,1114,1114,295422348,43,86,7822839,25,84,8486690,82,1354,148840802,1264,2638,460572679,-18.69,-12.99
2025-08-01,34,,34,1,2,1288,1288,281231244,57,114,13899308,33,106,10340052,70,1005,128953114,1448,2513,434423718,-14.93,-31.06
2025-09-01,34,,34,1,2,1299,1299,305753625,22,44,8059198,21,74,6001206,98,1059,121926226,1440,2476,441740255,-1.14,-4.33
2025-10-01,34,,34,1,2,1381,1381,321051818,62,124,15180509,30,98,12563205,84,1266,134831246,1557,2869,483626778,-15.28,-3.79
2025-11-01,34,,34,1,2,1016,1016,242067309,27,54,8161077,15,49,3946545,77,1150,168805306,1135,2269,422980237,-8.47,-28.63
2025-12-01,34,,34,1,2,1170,1170,287925539,45,90,17918838,26,89,10262771,134,2056,285520097,1375,3405,601627245,1.47,-6.99
2024-01-01,35,,35,4,8,527,527,139000414,12,24,5127715,1,3,504858,1,20,2500000,541,574,147132987,,
2024-02-01,35,,35,4,8,640,640,134175624,10,20,4022343,1,4,1250000,7,120,1400000,658,784,140847967,,
2024-03-01,35,,35,4,8,781,781,171741726,8,16,2907245,1,4,350000,3,78,1433834,793,879,176432805,,
2024-04-01,35,,35,4,8,599,599,208932652,4,8,1206960,0,0,0,1,5,733333,604,612,210872945,,
2024-05-01,35,,35,4,8,736,736,255545918,2,4,425000,0,0,0,0,0,0,738,740,255970918,,
2024-06-01,35,,35,4,8,727,727,242942306,12,24,3973336,1,4,650000,3,52,2300000,743,807,249865642,,
2024-07-01,35,,35,4,8,625,625,223694866,18,36,4722284,2,6,1081179,2,82,11852675,647,749,241351004,,
2024-08-01,35,,35,4,8,709,709,197314923,15,30,4988083,0,0,0,0,0,0,724,739,202303006,,
2024-09-01,35,,35,4,8,704,704,221383514,12,24,4566772,4,14,2079977,3,120,12788447,723,862,240818710,,
2024-10-01,35,,35,4,8,583,583,216946870,15,30,5269127,5,19,2004098,0,0,0,603,632,224220095,,
2024-11-01,35,,35,4,8,473,473,173559033,8,16,2855377,1,3,499399,8,216,28822222,490,708,205736031,,
2024-12-01,35,,35,4,8,438,438,125893718,13,26,4381983,0,0,0,4,120,23600000,455,584,153875701,,
2025-01-01,35,,35,4,8,475,475,116951376,17,34,3536673,0,0,0,0,0,0,492,509,120488049,-9.87,-11.32
2025-02-01,35,,35,4,8,488,488,126777932,1,2,470685,0,0,0,1,70,1425000,490,560,128673617,-23.75,-28.57
2025-03-01,35,,35,4,8,574,574,125887778,0,0,0,0,0,0,8,337,42238638,582,911,168126416,,
2025-04-01,35,,35,4,8,579,579,146916708,15,30,5482359,2,6,633300,2,64,5750711,598,679,158783078,-3.34,10.95
2025-05-01,35,,35,4,8,621,621,135223690,3,6,985469,1,4,250000,1,33,4125000,626,664,140584159,-15.62,-10.27
2025-06-01,35,,35,4,8,632,632,119929485,4,8,1341911,0,0,0,10,240,39000000,646,880,160271396,-13.07,9.05
2025-07-01,35,,35,4,8,585,585,138083636,8,16,2837341,0,0,0,0,0,0,593,601,140920977,-6.4,-19.76
2025-08-01,35,,35,4,8,474,474,106987068,3,6,985469,1,3,316650,1,55,4942018,479,538,113231205,-33.15,-27.2
2025-09-01,35,,35,4,8,471,471,99678689,12,24,2139272,1,3,316650,2,47,4223179,486,545,106357790,-33.1,-36.77
2025-10-01,35,,35,4,8,492,492,114150868,8,16,2617815,1,3,316650,1,24,1500000,502,535,118585333,-15.61,-15.35
2025-11-01,35,,35,4,8,383,383,90520399,6,12,2087683,1,3,316650,6,244,36369128,396,642,129293860,-19.03,-9.32
2025-12-01,35,,35,4,8,509,509,106083850,6,12,1810214,1,3,316650,9,259,24385643,525,783,132596357,16.21,34.08
2024-01-01,36,,36,1,2,718,718,290950562,48,96,20826580,10,36,5939530,70,2452,396426171,846,3302,714142843,,
2024-02-01,36,,36,1,2,666,666,278200032,60,120,20124257,15,51,7183155,85,5322,852964521,826,6159,1158471965,,
2024-03-01,36,,36,1,2,806,806,291222154,56,112,19217053,11,37,5456778,65,3105,487516031,938,4060,803412016,,
2024-04-01,36,,36,1,2,985,985,377732111,64,128,20136327,18,61,9361167,75,2902,444386211,1142,4076,851615816,,
2024-05-01,36,,36,1,2,1047,1047,423518379,60,120,18576938,24,74,13798628,68,1530,234077517,1199,2771,689971462,,
2024-06-01,36,,36,1,2,927,927,346159207,65,130,21521091,14,48,7368574,76,2421,353151517,1082,3526,728200389,,
2024-07-01,36,,36,1,2,936,936,357508262,42,84,13483690,22,78,13375891,85,3046,464025966,1085,4144,848393809,,
2024-08-01,36,,36,1,2,1023,1023,384082920,53,106,16682000,24,83,13489213,89,2157,325227056,1189,3369,739481189,,
2024-09-01,36,,36,1,2,929,929,370760155,45,90,14751305,21,72,12084067,80,1780,263326493,1075,2871,660922020,,
2024-10-01,36,,36,1,2,1016,1016,447923668,46,92,14534480,17,55,7202004,67,1845,285875491,1146,3008,755535643,,
2024-11-01,36,,36,1,2,775,775,339988629,33,66,10390142,12,40,6593382,86,2611,680224981,906,3492,1037197134,,
2024-12-01,36,,36,1,2,756,756,303027303,50,100,16599752,11,38,5058995,116,3834,563227614,933,4728,887913664,,
2025-01-01,36,,36,1,2,746,746,302763767,30,60,9615273,14,49,7550046,59,1973,295961987,849,2828,615891073,3.9,-14.35
2025-02-01,36,,36,1,2,698,698,324935442,49,98,16514523,8,27,5331673,33,462,62977804,788,1285,409759442,4.8,-79.14
2025-03-01,36,,36,1,2,884,884,384976192,45,90,14769309,18,58,11229342,56,1084,179382141,1003,2116,590356984,,
2025-04-01,36,,36,1,2,862,862,353290127,49,98,16657039,18,63,11843446,61,1817,327858220,990,2840,709648832,-12.49,-30.32
2025-05-01,36,,36,1,2,992,992,412799445,46,92,17339916,20,69,12021694,64,1938,337636256,1122,3091,779797311,-5.25,11.55
2025-06-01,36,,36,1,2,958,958,365700070,28,56,9498033,15,50,8887888,71,1793,348918315,1072,2857,733004306,3.34,-18.97
2025-07-01,36,,36,1,2,876,876,378437548,40,80,13652089,16,52,8599262,61,1883,335332072,993,2891,736020971,-6.41,-30.24
2025-08-01,36,,36,1,2,928,928,395516321,45,90,15721827,14,45,7210083,59,1925,342479040,1046,2988,760927271,-9.29,-11.31
2025-09-01,36,,36,1,2,955,955,416868951,54,108,18725191,12,43,6804392,79,2389,456876387,1100,3495,899274921,2.8,21.73
2025-10-01,36,,36,1,2,962,962,395489228,59,118,20650902,27,91,16486390,78,2293,418478374,1126,3464,851104894,-5.31,15.16
2025-11-01,36,,36,1,2,675,675,285062700,44,88,15090266,13,43,7453384,68,1934,340447907,800,2740,648054257,-12.9,-21.53
2025-12-01,36,,36,1,2,1154,1154,473621704,53,106,18930694,24,79,15341919,168,6332,953558565,1399,7671,1461452882,52.65,62.25
2024-01-01,37,,37,3,5,5556,5556,1517475095,20,40,5333955,6,23,3855046,77,1975,215335594,5659,7594,1741999690,,
2024-02-01,37,,37,3,5,5757,5757,1662776812,37,74,9945973,5,17,3924824,80,2156,316884704,5879,8004,1993532313,,
2024-03-01,37,,37,3,5,6101,6101,1645835212,22,44,6555134,4,15,2533343,68,1520,576568285,6195,7680,2231491974,,
2024-04-01,37,,37,3,5,6482,6482,1783715338,47,94,16096567,4,14,3253233,72,2181,356252134,6605,8771,2159317272,,
2024-05-01,37,,37,3,5,6643,6643,1844851453,52,104,19089678,3,9,2486703,55,1769,165118540,6753,8525,2031546374,,
2024-06-01,37,,37,3,5,5528,5528,1607771140,36,72,11416568,8,28,4236611,68,2740,456367350,5640,8368,2079791669,,
2024-07-01,37,,37,3,5,6138,6138,1748985930,47,94,16945319,5,15,3496703,89,2709,357921537,6279,8956,2127349489,,
2024-08-01,37,,37,3,5,6117,6117,1776847081,55,110,21323846,22,75,15885612,69,3163,459288344,6263,9465,2273344883,,
2024-09-01,37,,37,3,5,5078,5078,1525979763,28,56,8232590,3,9,2486703,70,1742,267609772,5179,6885,1804308828,,
2024-10-01,37,,37,3,5,5773,5773,1704659987,38,76,9581645,6,20,4755507,44,1277,195994505,5861,7146,1914991644,,
2024-11-01,37,,37,3,5,4698,4698,1384398308,28,56,7778978,2,7,1703721,52,1388,180977819,4780,6149,1574858826,,
2024-12-01,37,,37,3,5,4515,4515,1339736676,47,94,16678623,11,37,6613571,49,1569,263999407,4622,6215,1627028277,,
2025-01-01,37,,37,3,5,4924,4924,1466795076,34,68,9564897,3,9,2145872,43,1867,205548266,5004,6868,1684054111,-11.38,-9.56
2025-02-01,37,,37,3,5,5900,5900,1589191407,32,64,8819376,5,17,3423263,74,1697,256894110,6011,7678,1858328156,2.48,-4.07
2025-03-01,37,,37,3,5,6514,6514,1773480618,59,118,17288372,5,16,2987411,72,2225,341906262,6650,8873,2135662663,,
2025-04-01,37,,37,3,5,6140,6140,1811284985,46,92,14336927,5,18,2967806,28,1029,169400863,6219,7279,1997990581,-5.28,-17.01
2025-05-01,37,,37,3,5,5902,5902,1699814130,54,108,11719412,3,9,1947113,47,1330,240127242,6006,7349,1953607897,-11.15,-13.79
2025-06-01,37,,37,3,5,5601,5601,1737489387,36,72,7833200,3,9,1756885,47,1739,243560834,5687,7421,1990640306,1.32,-11.32
2025-07-01,37,,37,3,5,5484,5484,1741696224,62,124,18709979,8,27,6371501,32,1521,228771791,5586,7156,1995549495,-10.65,-20.1
2025-08-01,37,,37,3,5,5003,5003,1546175117,43,86,12035694,9,30,5334529,56,2005,301159176,5111,7124,1864704516,-18.21,-24.73
2025-09-01,37,,37,3,5,5083,5083,1555123825,50,100,13937574,12,38,5370012,44,1606,256744277,5189,6827,1831175688,0.1,-0.84
2025-10-01,37,,37,3,5,4763,4763,1493645584,62,124,15782593,9,29,4721206,38,1213,153850158,4872,6129,1667999541,-17.5,-14.23
2025-11-01,37,,37,3,5,4051,4051,1282801068,40,80,12200843,6,21,3005543,37,1293,131144202,4134,5445,1429151656,-13.77,-11.45
2025-12-01,37,,37,3,5,4228,4228,1311779434,50,100,14414283,9,29,3406443,26,912,143499464,4313,5269,1473099624,-6.36,-15.22
2024-01-01,38,,38,2,4,25,25,7757194,0,0,0,1,4,576676,0,0,0,26,29,8333870,,
2024-02-01,38,,38,2,4,38,38,13215162,0,0,0,4,16,2878696,0,0,0,42,54,16093858,,
2024-03-01,38,,38,2,4,106,106,35509805,0,0,0,2,6,1839465,1,5,732785,109,117,38082055,,
2024-04-01,38,,38,2,4,247,247,81818790,2,4,820000,0,0,0,1,110,19200000,250,361,101838790,,
2024-05-01,38,,38,2,4,190,190,64706950,3,6,1651006,0,0,0,0,0,0,193,196,66357956,,
2024-06-01,38,,38,2,4,197,197,73385029,2,4,1090095,0,0,0,8,217,35241456,207,418,109716580,,
2024-07-01,38,,38,2,4,168,168,55192302,2,4,1200000,12,40,8800000,0,0,0,182,212,65192302,,
2024-08-01,38,,38,2,4,159,159,56220111,2,4,1100000,2,8,2277649,0,0,0,163,171,59597760,,
2024-09-01,38,,38,2,4,208,208,74047882,12,24,4074614,0,0,0,0,0,0,220,232,78122496,,
2024-10-01,38,,38,2,4,183,183,66781069,6,12,2936614,12,47,10241568,1,83,12742210,202,325,92701461,,
2024-11-01,38,,38,2,4,92,92,32196065,0,0,0,1,3,678939,0,0,0,93,95,32875004,,
2024-12-01,38,,38,2,4,35,35,11884143,1,2,695000,0,0,0,1,5,744445,37,42,13323588,,
2025-01-01,38,,38,2,4,34,34,12700867,2,4,1295000,1,4,809303,1,6,1085106,38,48,15890276,36,65.52
2025-02-01,38,,38,2,4,48,48,16614400,1,2,590095,0,0,0,0,0,0,49,50,17204495,26.32,-7.41
2025-03-01,38,,38,2,4,123,123,40450413,1,2,590095,0,0,0,1,51,7500000,125,176,48540508,,
2025-04-01,38,,38,2,4,200,200,79508999,2,4,1289369,0,0,0,1,5,92593,203,209,80890961,-19.03,-42.11
2025-05-01,38,,38,2,4,282,282,87446438,7,14,2421284,0,0,0,2,10,737653,291,306,90605375,48.42,56.12
2025-06-01,38,,38,2,4,175,175,64235518,1,2,209853,0,0,0,5,200,32017267,181,377,96462638,-11.17,-9.81
2025-07-01,38,,38,2,4,208,208,71099973,0,0,0,0,0,0,2,95,14075987,210,303,85175960,23.81,42.92
2025-08-01,38,,38,2,4,215,215,68507714,0,0,0,0,0,0,2,136,19086111,217,351,87593825,35.22,105.26
2025-09-01,38,,38,2,4,173,173,65141395,5,10,2063601,0,0,0,0,0,0,178,183,67204996,-16.83,-21.12
2025-10-01,38,,38,2,4,160,160,61525150,6,12,2448506,1,3,874262,1,5,92593,168,180,64940511,-12.57,-44.62
2025-11-01,38,,38,2,4,84,84,31194882,4,8,2157085,1,3,539271,3,78,13349812,92,173,47241050,-8.7,82.11
2025-12-01,38,,38,2,4,32,32,9017861,1,2,547780,0,0,0,1,6,111111,34,40,9676752,-8.57,-4.76
2024-01-01,39,,39,2,3,1162,1162,386487898,17,34,5266102,19,68,9794500,47,865,67362283,1245,2129,468910783,,
2024-02-01,39,,39,2,3,1355,1355,473558053,22,44,6828347,22,69,13841755,19,893,136361405,1418,2361,630589560,,
2024-03-01,39,,39,2,3,1668,1668,551334788,32,64,11057688,14,45,7764832,49,476,75058578,1763,2253,645215886,,
2024-04-01,39,,39,2,3,1629,1629,584873426,25,50,8094280,17,54,7712305,33,792,84444882,1704,2525,685124893,,
2024-05-01,39,,39,2,3,1513,1513,557245748,36,72,13837107,21,70,11859189,44,1190,115140537,1614,2845,698082581,,
2024-06-01,39,,39,2,3,1483,1483,521734565,31,62,10751537,23,80,15172540,66,1652,202600441,1603,3277,750259083,,
2024-07-01,39,,39,2,3,1607,1607,577701185,31,62,8984896,15,48,6227693,42,739,101672172,1695,2456,694585946,,
2024-08-01,39,,39,2,3,1468,1468,523392698,40,80,13837437,18,56,10157210,29,704,62355879,1555,2308,609743224,,
2024-09-01,39,,39,2,3,1587,1587,584521122,22,44,6884840,17,60,10203271,30,928,93211956,1656,2619,694821189,,
2024-10-01,39,,39,2,3,1641,1641,612375944,45,90,13965231,21,70,9437481,33,860,91524024,1740,2661,727302680,,
2024-11-01,39,,39,2,3,1372,1372,485239735,27,54,8149582,16,54,7179780,35,554,91343996,1450,2034,591913093,,
2024-12-01,39,,39,2,3,1314,1314,459425993,28,56,9485299,9,27,5014917,31,1059,169780620,1382,2456,643706829,,
2025-01-01,39,,39,2,3,1206,1206,435302205,17,34,5206148,21,68,11846245,20,422,44442305,1264,1730,496796903,3.79,-18.74
2025-02-01,39,,39,2,3,1152,1152,409754944,35,70,11615127,60,218,37899616,63,1659,136359217,1310,3099,595628904,-14.98,31.26
2025-03-01,39,,39,2,3,1467,1467,525320713,41,82,12640613,23,84,9423945,59,1608,156192200,1590,3241,703577471,,
2025-04-01,39,,39,2,3,1636,1636,584180273,22,44,6745927,33,108,14011383,42,649,96857886,1733,2437,701795469,0.43,-3.49
2025-05-01,39,,39,2,3,1684,1684,626669807,20,40,6233608,11,39,6384730,101,2254,278434722,1816,4017,917722867,11.3,41.2
2025-06-01,39,,39,2,3,1590,1590,577058610,20,40,6234965,27,82,9929267,63,1515,170492350,1700,3227,763715192,7.22,-1.53
2025-07-01,39,,39,2,3,1393,1393,529660985,35,70,10400706,24,83,14111939,63,1236,132219827,1515,2782,686393457,-13.32,13.27
2025-08-01,39,,39,2,3,1383,1383,521090066,41,82,15033600,16,52,7847204,36,814,63397263,1476,2331,607368133,-5.79,1
2025-09-01,39,,39,2,3,1509,1509,553034127,29,58,10325688,24,78,13435152,72,1717,219615240,1634,3362,796410207,-4.91,28.37
2025-10-01,39,,39,2,3,1507,1507,607661990,34,68,9996096,17,58,10400029,66,1360,151119133,1624,2993,779177248,-8.17,12.48
2025-11-01,39,,39,2,3,1299,1299,467905626,92,184,28075664,24,77,13278697,47,765,113485243,1462,2325,622745230,-5.32,14.31
2025-12-01,39,,39,2,3,1203,1203,446641782,29,58,8653778,16,55,7634582,44,870,124908746,1292,2186,587838888,-8.45,-10.99
2024-01-01,40,,40,3,7,798,798,216955972,23,46,7302905,0,0,0,5,34,3869584,826,878,228128461,,
2024-02-01,40,,40,3,7,854,854,255654187,25,50,5277923,2,6,508392,2,11,1070512,883,921,262511014,,
2024-03-01,40,,40,3,7,926,926,260295092,26,52,6491673,3,10,721557,21,552,87598636,976,1540,355106958,,
2024-04-01,40,,40,3,7,1077,1077,317526944,58,116,12901263,1,3,255000,15,304,38802380,1151,1500,369485587,,
2024-05-01,40,,40,3,7,971,971,277924903,32,64,10783040,7,24,3293354,4,123,19005679,1014,1182,311006976,,
2024-06-01,40,,40,3,7,956,956,250575093,25,50,7460951,5,18,2380711,6,45,5047031,992,1069,265463786,,
2024-07-01,40,,40,3,7,924,924,252704008,38,76,9523275,6,20,2858997,10,117,15544356,978,1137,280630636,,
2024-08-01,40,,40,3,7,981,981,264911481,31,62,7021724,6,18,2550854,9,65,7020276,1027,1126,281504335,,
2024-09-01,40,,40,3,7,840,840,205175663,24,48,5663066,8,28,3564139,4,28,2863008,876,944,217265876,,
2024-10-01,40,,40,3,7,980,980,269188760,30,60,7854422,10,37,14622568,8,173,25936559,1028,1250,317602309,,
2024-11-01,40,,40,3,7,793,793,212849693,26,52,4104111,3,11,1741239,1,6,461539,823,862,219156582,,
2024-12-01,40,,40,3,7,793,793,221617110,31,62,7270921,0,0,0,3,23,5338462,827,878,234226493,,
2025-01-01,40,,40,3,7,977,977,261925991,40,80,9019217,6,20,2834282,3,18,1438681,1026,1095,275218171,22.43,24.72
2025-02-01,40,,40,3,7,1016,1016,276198085,17,34,5152056,1,4,600000,17,299,37516513,1051,1353,319466654,18.97,46.91
2025-03-01,40,,40,3,7,1166,1166,302639495,45,90,11918624,8,30,4654735,6,64,5233627,1225,1350,324446481,,
2025-04-01,40,,40,3,7,1023,1023,286026859,22,44,5585842,1,3,255000,34,743,74814656,1080,1813,366682357,-5.01,20.87
2025-05-01,40,,40,3,7,959,959,257841999,35,70,10452413,2,6,1015172,4,32,3670872,1000,1067,272980456,-1.24,-9.73
2025-06-01,40,,40,3,7,914,914,250190161,42,84,11316093,1,3,815172,22,325,53447665,979,1326,315769091,-4.39,24.04
2025-07-01,40,,40,3,7,929,929,246417446,28,56,6707752,2,6,1070172,8,145,33578053,967,1136,287773423,0.54,-0.09
2025-08-01,40,,40,3,7,929,929,264042821,36,72,8178468,2,7,1387594,30,437,61553390,997,1445,335162273,-5.3,28.33
2025-09-01,40,,40,3,7,835,835,239082065,21,42,5059769,0,0,0,13,277,44877830,869,1154,289019664,-0.6,22.25
2025-10-01,40,,40,3,7,940,940,250345144,12,24,2593136,5,19,2722912,19,304,47960858,976,1287,303622050,-4.08,2.96
2025-11-01,40,,40,3,7,623,623,183925913,22,44,5451920,7,24,7177777,7,62,6394231,659,753,202949841,-21.44,-12.65
2025-12-01,40,,40,3,7,850,850,265771045,18,36,5073152,5,18,2609268,41,599,71911718,914,1503,345365183,7.19,71.18
2024-01-01,41,,41,4,9,708,708,246096725,16,32,7036117,5,16,3703914,10,96,9245759,739,852,266082515,,
2024-02-01,41,,41,4,9,767,767,257211051,10,20,3904748,2,7,1972130,8,79,12152465,787,873,275240394,,
2024-03-01,41,,41,4,9,939,939,316285725,18,36,7179114,3,9,2010014,20,373,47063806,980,1357,372538659,,
2024-04-01,41,,41,4,9,959,959,332883301,22,44,10171091,5,18,3545136,20,200,32544167,1006,1221,379143695,,
2024-05-01,41,,41,4,9,921,921,339826558,22,44,10751846,11,41,8472799,35,298,59210907,989,1304,418262110,,
2024-06-01,41,,41,4,9,830,830,292406417,25,50,12010217,2,7,628800,37,870,137047100,894,1757,442092534,,
2024-07-01,41,,41,4,9,828,828,307789509,22,44,9909648,6,21,4367614,29,383,62144071,885,1276,384210842,,
2024-08-01,41,,41,4,9,922,922,315160419,8,16,3777872,0,0,0,10,216,30554707,940,1154,349492998,,
2024-09-01,41,,41,4,9,771,771,274954146,24,48,11512940,1,3,678020,30,346,62384633,826,1168,349529739,,
2024-10-01,41,,41,4,9,791,791,269370890,28,56,10886574,4,13,2852515,12,129,19651897,835,989,302761876,,
2024-11-01,41,,41,4,9,527,527,179603295,19,38,6366102,4,15,3034479,34,512,116085462,584,1092,305089338,,
2024-12-01,41,,41,4,9,665,665,224403082,17,34,7495138,5,18,2800930,10,231,44945409,697,948,279644559,,
2025-01-01,41,,41,4,9,898,898,297538344,18,36,6465970,3,9,1869921,5,53,8213010,924,996,314087245,26.84,16.9
2025-02-01,41,,41,4,9,684,684,216712299,8,16,3525977,2,7,1128552,5,129,15440806,699,836,236807634,-10.82,-4.24
2025-03-01,41,,41,4,9,920,920,313656660,19,38,7954075,5,17,3534458,31,396,59146466,975,1371,384291659,,
2025-04-01,41,,41,4,9,813,813,297063114,20,40,5998789,3,10,1951491,18,327,56662367,854,1190,361675761,-15.22,-2.54
2025-05-01,41,,41,4,9,841,841,284550866,18,36,8659765,0,0,0,15,242,39337780,874,1119,332548411,-8.69,-14.19
2025-06-01,41,,41,4,9,791,791,283288815,18,36,7582298,11,43,5370093,20,384,63501472,840,1254,359742678,-4.7,-28.63
2025-07-01,41,,41,4,9,749,749,262399945,22,44,7306523,5,18,2429650,24,662,93137124,800,1473,365273242,-9.54,15.44
2025-08-01,41,,41,4,9,678,678,233898303,22,44,9079686,5,16,2930936,21,510,90039844,726,1248,335948769,-26.46,8.15
2025-09-01,41,,41,4,9,652,652,222727786,18,36,8425443,1,4,2876154,23,515,80322224,694,1207,314351607,-15.43,3.34
2025-10-01,41,,41,4,9,746,746,276403847,34,68,15420490,4,13,2786075,29,784,134394734,813,1611,429005146,-5.69,62.89
2025-11-01,41,,41,4,9,542,542,189121445,41,82,15801616,2,7,1788350,19,549,111209891,604,1180,317921302,2.85,8.06
2025-12-01,41,,41,4,9,837,837,261992772,10,20,4004033,8,31,7539549,23,585,80814083,878,1473,354350437,25.86,55.38
2024-01-01,42,,42,1,2,1260,1260,384032130,8,16,2770013,15,52,7476179,23,361,53138782,1306,1689,447417104,,
2024-02-01,42,,42,1,2,1172,1172,350680161,8,16,3203274,12,41,5941308,38,651,81216783,1230,1880,441041526,,
2024-03-01,42,,42,1,2,1334,1334,430106342,99,198,30809956,19,67,11089337,48,894,128631468,1500,2493,600637103,,
2024-04-01,42,,42,1,2,1504,1504,474738982,22,44,6622374,18,62,9693434,23,517,54225679,1567,2127,545280469,,
2024-05-01,42,,42,1,2,1650,1650,520726479,20,40,6049713,29,104,16012273,28,673,118311103,1727,2467,661099568,,
2024-06-01,42,,42,1,2,1609,1609,493262063,8,16,3221298,23,82,13033706,25,612,62254377,1665,2319,571771444,,
2024-07-01,42,,42,1,2,1462,1462,473365932,13,26,4835887,21,73,12339110,28,481,63899863,1524,2042,554440792,,
2024-08-01,42,,42,1,2,1489,1489,480306215,14,28,5338271,10,35,4461172,29,582,79573991,1542,2134,569679649,,
2024-09-01,42,,42,1,2,1362,1362,440597731,11,22,3523174,20,67,9413933,26,551,66827218,1419,2002,520362056,,
2024-10-01,42,,42,1,2,1587,1587,505958029,21,42,7326987,14,46,4939597,27,479,70767220,1649,2154,588991833,,
2024-11-01,42,,42,1,2,1208,1208,404760649,21,42,5291443,13,44,7519714,27,506,60431051,1269,1800,478002857,,
2024-12-01,42,,42,1,2,1260,1260,409962858,5,10,1333512,9,29,4697940,27,800,77300336,1301,2099,493294646,,
2025-01-01,42,,42,1,2,1289,1289,404660804,35,70,10358430,14,47,6915689,23,387,34249622,1361,1793,456184545,2.3,6.16
2025-02-01,42,,42,1,2,1311,1311,447245528,15,30,4984013,13,45,6667334,29,896,173555665,1368,2282,632452540,11.86,21.38
2025-03-01,42,,42,1,2,1618,1618,509691490,21,42,5965759,17,56,6660079,31,647,69425323,1687,2363,591742651,,
2025-04-01,42,,42,1,2,1575,1575,508665471,25,50,8847869,8,30,5487358,37,672,79679940,1645,2327,602680638,4.72,9.4
2025-05-01,42,,42,1,2,1415,1415,445271723,10,20,3312698,10,35,5556940,38,552,73564639,1473,2022,527706000,-14.24,-18.04
2025-06-01,42,,42,1,2,1469,1469,479583794,17,34,6530204,13,43,4972344,37,789,89818811,1536,2335,580905153,-8.7,0.69
2025-07-01,42,,42,1,2,1377,1377,445205777,23,46,7586715,16,60,9628894,28,472,59408931,1444,1955,521830317,-5.81,-4.26
2025-08-01,42,,42,1,2,1246,1246,402340988,31,62,7692248,18,61,8450381,30,461,59867506,1325,1830,478351123,-16.32,-14.25
2025-09-01,42,,42,1,2,1334,1334,438105363,22,44,7734399,9,29,4761589,34,739,94173406,1399,2146,544774757,-2.06,7.19
2025-10-01,42,,42,1,2,1444,1444,486312529,28,56,6835295,26,82,9440593,37,619,67764462,1535,2201,570352879,-9.01,2.18
2025-11-01,42,,42,1,2,1015,1015,336986789,12,24,3943098,19,60,10024686,31,836,75435843,1077,1935,426390416,-15.98,7.5
2025-12-01,42,,42,1,2,1161,1161,418394251,18,36,5768403,17,63,9077365,50,1047,134836612,1246,2307,568076631,-7.86,9.91
2024-01-01,44,,44,1,1,54,54,18991834,10,20,3176941,1,3,542308,1,15,2138549,66,92,24849632,,
2024-02-01,44,,44,1,1,55,55,21930376,17,34,6296936,1,3,542308,1,23,3279109,74,115,32048729,,
2024-03-01,44,,44,1,1,60,60,21774529,9,18,2736473,2,6,1067308,1,16,2281119,72,100,27859429,,
2024-04-01,44,,44,1,1,61,61,21312142,6,12,1874427,1,4,520000,1,5,308333,69,82,24014902,,
2024-05-01,44,,44,1,1,76,76,21973582,9,18,2714710,1,3,40000,0,0,0,86,97,24728292,,
2024-06-01,44,,44,1,1,80,80,23265174,6,12,2035291,0,0,0,0,0,0,86,92,25300465,,
2024-07-01,44,,44,1,1,67,67,21701334,20,40,4565970,3,9,975000,2,35,3825000,92,151,31067304,,
2024-08-01,44,,44,1,1,66,66,18809604,10,20,2825082,1,3,525000,1,5,308333,78,94,22468019,,
2024-09-01,44,,44,1,1,78,78,25722215,7,14,2538782,2,6,1036644,0,0,0,87,98,29297641,,
2024-10-01,44,,44,1,1,82,82,26428693,8,16,2049276,2,6,649644,1,40,4855700,93,144,33983313,,
2024-11-01,44,,44,1,1,63,63,19905270,12,24,3574407,1,3,325000,0,0,0,76,90,23804677,,
2024-12-01,44,,44,1,1,79,79,25133782,5,10,1782888,0,0,0,0,0,0,84,89,26916670,,
2025-01-01,44,,44,1,1,53,53,20437447,17,34,4052418,4,14,1814998,1,5,308333,75,106,26613196,-1.85,15.22
2025-02-01,44,,44,1,1,65,65,22073381,18,36,4866865,2,6,901644,0,0,0,85,107,27841890,18.18,-6.96
2025-03-01,44,,44,1,1,55,55,17714148,2,4,491762,1,3,250000,4,21,2674189,62,83,21130099,,
2025-04-01,44,,44,1,1,56,56,20073236,13,26,3717442,2,6,500625,3,31,2759071,74,119,27050374,-8.2,45.12
2025-05-01,44,,44,1,1,64,64,20757603,10,20,2840016,4,15,2348042,4,44,4382000,82,143,30327661,-15.79,47.42
2025-06-01,44,,44,1,1,59,59,18892172,26,52,7458890,1,3,285000,5,86,7318064,91,200,33954126,-26.25,117.39
2025-07-01,44,,44,1,1,53,53,17280452,16,32,4377391,0,0,0,7,62,6252656,76,147,27910499,-20.9,-2.65
2025-08-01,44,,44,1,1,60,60,19797945,7,14,1869377,2,7,955000,5,62,6877845,74,143,29500167,-9.09,52.13
2025-09-01,44,,44,1,1,73,73,25427711,3,6,567667,4,12,1333354,5,92,9310138,85,183,36638870,-6.41,86.73
2025-10-01,44,,44,1,1,84,84,28870815,10,20,2889921,2,7,950625,5,53,5432743,101,164,38144104,2.44,13.89
2025-11-01,44,,44,1,1,59,59,19345484,14,28,3994611,0,0,0,2,14,1247535,75,101,24587630,-6.35,12.22
2025-12-01,44,,44,1,1,63,63,34763033,2,4,590537,19,59,7350330,4,43,4233919,88,169,46937819,-20.25,89.89
2024-01-01,45,,45,3,5,3569,3569,1126431255,29,58,5233676,4,14,2542837,15,285,36463298,3617,3926,1170671066,,
2024-02-01,45,,45,3,5,3639,3639,1085984696,6,12,1848925,7,24,1900484,21,468,57857498,3673,4143,1147591603,,
2024-03-01,45,,45,3,5,3546,3546,1076734374,9,18,2233097,4,15,2405973,10,235,26553638,3569,3814,1107927082,,
2024-04-01,45,,45,3,5,3902,3902,1155930263,14,28,2626123,18,59,4691885,25,200,16870517,3959,4189,1180118788,,
2024-05-01,45,,45,3,5,3849,3849,1136500399,25,50,5436783,13,44,3649052,39,578,75097002,3926,4521,1220683236,,
2024-06-01,45,,45,3,5,3339,3339,1022453093,11,22,2386759,28,98,14215148,42,730,82519874,3420,4189,1121574874,,
2024-07-01,45,,45,3,5,3695,3695,1151166825,19,38,4722361,12,39,3706676,45,833,101192041,3771,4605,1260787903,,
2024-08-01,45,,45,3,5,3269,3269,1006423686,20,40,4915276,11,35,2249971,24,423,57082735,3324,3767,1070671668,,
2024-09-01,45,,45,3,5,2975,2975,908465831,19,38,4947666,15,53,4726835,37,520,52955233,3046,3586,971095565,,
2024-10-01,45,,45,3,5,3119,3119,953616579,23,46,6459635,18,61,6550903,26,474,69203042,3186,3700,1035830159,,
2024-11-01,45,,45,3,5,2600,2600,795433763,12,24,2798039,15,52,8686312,37,393,86485100,2664,3069,893403214,,
2024-12-01,45,,45,3,5,2730,2730,907862386,28,56,7979997,15,55,6220362,32,498,55572949,2805,3339,977635694,,
2025-01-01,45,,45,3,5,3244,3244,1004646280,22,44,5929113,23,81,9082860,27,534,85045386,3316,3903,1104703639,-9.11,-0.59
2025-02-01,45,,45,3,5,3333,3333,1008662003,30,60,6329003,10,30,2087148,47,412,60738850,3420,3835,1077817004,-8.41,-7.43
2025-03-01,45,,45,3,5,3364,3364,1075288084,50,100,10518410,28,97,8824052,43,719,120373445,3485,4280,1215003991,,
2025-04-01,45,,45,3,5,3739,3739,1144563645,21,42,5286601,20,75,9033465,12,121,10150555,3792,3977,1169034266,-4.18,-5.06
2025-05-01,45,,45,3,5,3979,3979,1249383990,19,38,4223548,5,17,995038,16,406,71747518,4019,4440,1326350094,3.38,-1.79
2025-06-01,45,,45,3,5,3444,3444,1116739962,28,56,5883749,4,13,2086945,35,751,88513429,3511,4264,1213224085,3.14,1.79
2025-07-01,45,,45,3,5,3512,3512,1131444281,13,26,2555488,6,22,3031126,10,210,22138452,3541,3770,1159169347,-4.95,-18.13
2025-08-01,45,,45,3,5,3035,3035,943662325,4,8,896472,4,12,2374763,21,606,110805375,3064,3661,1057738935,-7.16,-2.81
2025-09-01,45,,45,3,5,3017,3017,949552681,6,12,1856980,1,4,615150,11,533,106970162,3035,3566,1058994973,1.41,-0.56
2025-10-01,45,,45,3,5,3130,3130,1019266431,12,24,2718390,5,18,1411316,22,487,77567959,3169,3659,1100964096,0.35,-1.11
2025-11-01,45,,45,3,5,2718,2718,857162211,6,12,1169266,5,17,1082666,11,410,65692451,2740,3157,925106594,4.54,2.87
2025-12-01,45,,45,3,5,2829,2829,948151484,11,22,2797373,8,28,2842730,14,119,13544978,2862,2998,967336565,3.63,-10.21
2024-01-01,46,,46,2,4,107,107,33275100,1,2,287889,1,3,456000,9,197,23871986,118,309,57890975,,
2024-02-01,46,,46,2,4,197,197,60366705,3,6,982285,2,7,484796,11,103,12812867,213,313,74646653,,
2024-03-01,46,,46,2,4,271,271,85893243,8,16,3371759,3,10,983856,20,342,34841040,302,639,125089898,,
2024-04-01,46,,46,2,4,336,336,107065873,4,8,1509948,2,7,1100000,13,66,9358401,355,417,119034222,,
2024-05-01,46,,46,2,4,348,348,104091015,9,18,3330299,4,15,2106000,9,167,22557582,370,548,132084896,,
2024-06-01,46,,46,2,4,298,298,92346485,2,4,518317,6,20,1458684,8,121,13191164,314,443,107514650,,
2024-07-01,46,,46,2,4,348,348,106685253,2,4,955000,6,22,3196086,9,159,17577689,365,533,128414028,,
2024-08-01,46,,46,2,4,353,353,105469725,15,30,4150851,8,27,3380829,36,695,112458952,412,1105,225460357,,
2024-09-01,46,,46,2,4,449,449,122800021,7,14,3209886,4,12,831759,2,10,1357329,462,485,128198995,,
2024-10-01,46,,46,2,4,313,313,98878595,8,16,2934946,3,10,951123,24,415,76136078,348,754,178900742,,
2024-11-01,46,,46,2,4,232,232,73137353,6,12,1944627,5,18,3037522,6,71,6729322,249,333,84848824,,
2024-12-01,46,,46,2,4,128,128,39657108,3,6,1118317,1,3,400000,13,200,25969496,145,337,67144921,,
2025-01-01,46,,46,2,4,128,128,38028847,5,10,1671871,0,0,0,11,198,18865897,144,336,58566615,19.63,8.74
2025-02-01,46,,46,2,4,130,130,42330851,3,6,969315,1,3,0,5,37,4939789,139,176,48239955,-34.01,-43.77
2025-03-01,46,,46,2,4,303,303,90976005,5,10,1884145,4,13,1221353,12,213,33894694,324,539,127976197,,
2025-04-01,46,,46,2,4,429,429,136617443,5,10,1963056,2,6,888855,10,152,14601830,446,597,154071184,27.68,43.17
2025-05-01,46,,46,2,4,318,318,107136389,3,6,1217500,1,4,600000,1,44,5334356,323,372,114288245,-8.62,-32.12
2025-06-01,46,,46,2,4,348,348,113462107,4,8,1652879,2,7,1163852,22,188,31723904,376,551,148002742,16.78,24.38
2025-07-01,46,,46,2,4,355,355,132426680,5,10,1955393,1,3,450000,13,161,24695025,374,529,159527098,2.01,-0.75
2025-08-01,46,,46,2,4,311,311,110372833,10,20,3288382,6,24,4182556,15,319,59038469,342,674,176882240,-11.9,-39
2025-09-01,46,,46,2,4,385,385,126547424,11,22,3654963,4,16,2400000,1,5,610350,401,428,133212737,-14.25,-11.75
2025-10-01,46,,46,2,4,318,318,105289457,7,14,2205848,3,12,2407160,8,72,10582230,336,416,120484695,1.6,-44.83
2025-11-01,46,,46,2,4,179,179,61785950,3,6,1820000,4,16,3500000,4,40,4469804,190,241,71575754,-22.84,-27.63
2025-12-01,46,,46,2,4,142,142,47318434,3,6,953601,0,0,0,16,304,47564743,161,452,95836778,10.94,34.12
2024-01-01,47,,47,3,6,2559,2559,709466445,21,42,7615891,13,42,6567080,16,504,85648932,2609,3147,809298348,,
2024-02-01,47,,47,3,6,3053,3053,830891100,8,16,1025271,21,75,6180612,42,1152,115925903,3124,4296,954022886,,
2024-03-01,47,,47,3,6,2782,2782,818294460,18,36,5771756,6,21,2759212,23,368,51545776,2829,3207,878371204,,
2024-04-01,47,,47,3,6,3079,3079,946490173,26,52,7131940,17,60,8077642,27,936,124658388,3149,4127,1086358143,,
2024-05-01,47,,47,3,6,3193,3193,962942778,19,38,5272110,19,69,12495547,71,1681,184849221,3302,4981,1165559656,,
2024-06-01,47,,47,3,6,2860,2860,839800439,28,56,8979715,8,28,3569337,27,274,32800425,2923,3218,885149916,,
2024-07-01,47,,47,3,6,2976,2976,864369271,33,66,9042096,9,31,3698868,36,491,75527587,3054,3564,952637822,,
2024-08-01,47,,47,3,6,2900,2900,898470069,12,24,2515854,23,85,10522951,51,1456,152399114,2986,4465,1063907988,,
2024-09-01,47,,47,3,6,2421,2421,732740845,12,24,2812888,11,37,5391568,40,1394,211866197,2484,3876,952811498,,
2024-10-01,47,,47,3,6,2614,2614,807840718,10,20,2282807,29,90,14507064,29,437,73024876,2682,3161,897655465,,
2024-11-01,47,,47,3,6,2068,2068,613680391,16,32,4820735,10,36,5953085,43,1092,170884420,2137,3228,795338631,,
2024-12-01,47,,47,3,6,2350,2350,651530836,13,26,2988940,15,52,7054296,24,702,61716870,2402,3130,723290942,,
2025-01-01,47,,47,3,6,2359,2359,742003589,6,12,1634742,5,18,2533910,45,940,167811738,2415,3329,913983979,-7.82,5.78
2025-02-01,47,,47,3,6,2506,2506,749887912,6,12,1791828,8,26,4404919,33,712,96387014,2553,3256,852471673,-17.92,-24.21
2025-03-01,47,,47,3,6,3165,3165,975425340,14,28,2899881,8,29,3877991,77,1579,234057630,3264,4801,1216260842,,
2025-04-01,47,,47,3,6,3030,3030,877844701,34,68,8522292,11,36,4756271,57,853,130772349,3132,3987,1021895613,-1.59,-3.39
2025-05-01,47,,47,3,6,2885,2885,909851871,21,42,5439761,18,67,7882297,28,364,51606781,2952,3358,974780710,-9.65,-32.58
2025-06-01,47,,47,3,6,2810,2810,818536277,17,34,4170607,10,37,4930364,39,1082,149313639,2876,3963,976950887,-1.75,23.15
2025-07-01,47,,47,3,6,2848,2848,883760634,14,28,3848279,11,38,6310021,36,1219,163437801,2909,4133,1057356735,-4.3,15.97
2025-08-01,47,,47,3,6,2604,2604,826183978,18,36,3721759,20,72,6572862,24,602,83761778,2666,3314,920240377,-10.21,-25.78
2025-09-01,47,,47,3,6,2443,2443,839241133,30,60,8918317,13,43,6573571,30,902,124210614,2516,3448,978943635,0.91,-11.04
2025-10-01,47,,47,3,6,2635,2635,790637850,32,64,10600631,19,69,8280962,20,681,112259009,2706,3449,921778452,0.8,9.11
2025-11-01,47,,47,3,6,2107,2107,657911994,19,38,6125123,4,13,1208544,27,1311,266986676,2157,3469,932232337,1.89,7.47
2025-12-01,47,,47,3,6,2200,2200,677756158,15,30,3470867,14,48,6219753,27,799,129265089,2256,3077,816711867,-6.38,-1.69
2024-01-01,48,,48,3,7,12707,12707,3501978754,140,280,36983005,107,397,42892734,190,5834,581695057,13144,19218,4163549550,,
2024-02-01,48,,48,3,7,13596,13596,3802462047,179,358,46664453,51,191,21056626,107,3053,399593108,13933,17198,4269776234,,
2024-03-01,48,,48,3,7,14013,14013,3946530702,186,372,49193433,72,263,23366925,114,3902,503488638,14385,18550,4522579698,,
2024-04-01,48,,48,3,7,15688,15688,4529412974,371,742,107362310,70,264,31449249,193,5199,701343855,16322,21893,5369568388,,
2024-05-01,48,,48,3,7,14921,14921,4228340090,273,546,76863415,54,202,26756903,80,2732,460750164,15328,18401,4792710572,,
2024-06-01,48,,48,3,7,12693,12693,3722894295,231,462,63926435,56,209,24962190,161,4698,647324107,13141,18062,4459107027,,
2024-07-01,48,,48,3,7,13288,13288,3848732631,152,304,46909070,108,413,48941693,188,5854,746598732,13736,19859,4691182126,,
2024-08-01,48,,48,3,7,13550,13550,3893906352,193,386,55230291,64,237,25653106,155,5932,646367363,13962,20105,4621157112,,
2024-09-01,48,,48,3,7,11941,11941,3462806111,360,720,106098545,44,159,18791252,129,3471,465886168,12474,16291,4053582076,,
2024-10-01,48,,48,3,7,13553,13553,3973646171,358,716,111577125,70,239,31183031,207,6261,731873701,14188,20769,4848280028,,
2024-11-01,48,,48,3,7,10499,10499,3010583046,216,432,52908377,52,197,18635472,125,5172,654196528,10892,16300,3736323423,,
2024-12-01,48,,48,3,7,11805,11805,3380264573,180,360,50673431,72,267,37476680,157,6040,799640913,12214,18472,4268055597,,
2025-01-01,48,,48,3,7,12174,12174,3518855386,230,460,66492307,99,373,49162261,253,4175,747849440,12756,17182,4382359394,-4.19,-10.59
2025-02-01,48,,48,3,7,12695,12695,3636488171,189,378,57436567,52,184,21218354,101,3197,431498201,13037,16454,4146641293,-6.63,-4.33
2025-03-01,48,,48,3,7,13543,13543,3885149723,300,600,86733232,73,277,26366962,119,4658,673345835,14035,19078,4671595752,,
2025-04-01,48,,48,3,7,14404,14404,4292319773,338,676,96892259,132,505,38655572,152,6726,1037991820,15026,22311,5465859424,-8.18,1.91
2025-05-01,48,,48,3,7,13397,13397,3897248148,378,756,121272884,103,380,70526075,183,4121,619713864,14061,18654,4708760971,-10.21,1.37
2025-06-01,48,,48,3,7,12080,12080,3491733902,261,522,86667890,50,188,18464904,159,5937,977745580,12550,18727,4574612276,-4.83,3.68
2025-07-01,48,,48,3,7,12578,12578,3637023757,343,686,113727091,89,331,32798822,126,5653,835137076,13136,19248,4618686746,-5.34,-3.08
2025-08-01,48,,48,3,7,10857,10857,3184843288,232,464,76105425,48,177,17406225,118,2775,455209763,11255,14273,3733564701,-19.87,-29.01
2025-09-01,48,,48,3,7,10203,10203,2968133456,247,494,80908759,52,197,22936141,141,6728,1036592702,10643,17622,4108571058,-14.55,8.17
2025-10-01,48,,48,3,7,10445,10445,3060613612,339,678,102128116,49,187,21498231,139,5261,949066778,10972,16571,4133306737,-22.93,-20.21
2025-11-01,48,,48,3,7,8678,8678,2592275121,194,388,56113992,26,93,9806625,120,3552,418927121,9018,12711,3077122859,-17.34,-22.02
2025-12-01,48,,48,3,7,9203,9203,2682196905,173,346,57936280,26,94,13333433,148,5922,856632312,9550,15565,3610098930,-22.04,-15.74
2024-01-01,49,,49,4,8,1381,1381,406814643,5,10,1687929,11,42,10177195,29,795,139386723,1426,2228,558066490,,
2024-02-01,49,,49,4,8,1172,1172,389400751,6,12,2329722,5,15,4821622,24,381,59771508,1207,1580,456323603,,
2024-03-01,49,,49,4,8,1728,1728,575649230,6,12,1708959,10,34,8026675,28,478,68579458,1772,2252,653964322,,
2024-04-01,49,,49,4,8,1709,1709,605692393,11,22,4820055,11,36,7644849,43,542,98243041,1774,2309,716400338,,
2024-05-01,49,,49,4,8,1754,1754,610256613,8,16,3117028,19,69,14390941,20,242,27959211,1801,2081,655723793,,
2024-06-01,49,,49,4,8,1462,1462,539411988,8,16,3526493,9,33,9540173,36,547,100710575,1515,2058,653189229,,
2024-07-01,49,,49,4,8,1533,1533,579023983,19,38,7783592,12,42,8421492,18,166,28839338,1582,1779,624068405,,
2024-08-01,49,,49,4,8,1562,1562,567888181,9,18,3255202,17,62,16135055,19,235,35214915,1607,1877,622493353,,
2024-09-01,49,,49,4,8,1382,1382,486720487,7,14,3007110,10,38,8918688,24,938,232478893,1423,2372,731125178,,
2024-10-01,49,,49,4,8,1646,1646,560264540,7,14,2215255,17,63,15729786,35,656,116732205,1705,2379,694941786,,
2024-11-01,49,,49,4,8,1176,1176,412642840,5,10,2301612,10,35,7291188,32,487,80608362,1223,1708,502844002,,
2024-12-01,49,,49,4,8,1183,1183,392514455,4,8,1587300,8,26,5809569,35,460,76034191,1230,1677,475945515,,
2025-01-01,49,,49,4,8,1383,1383,493309467,3,6,1558305,10,35,5900683,17,680,155253150,1413,2104,656021605,0.14,-5.57
2025-02-01,49,,49,4,8,1201,1201,412388439,10,20,4080115,8,30,9238621,34,612,98036243,1253,1863,523743418,2.47,17.91
2025-03-01,49,,49,4,8,1545,1545,569239371,11,22,5654870,7,25,5894553,36,632,106727516,1599,2224,687516310,,
2025-04-01,49,,49,4,8,1574,1574,579489599,10,20,7285526,24,84,17841329,53,451,98976301,1661,2129,703592755,-7.9,-7.8
2025-05-01,49,,49,4,8,1408,1408,524800961,9,18,3576119,9,33,7212658,37,482,118037489,1463,1941,653627227,-19.73,-6.73
2025-06-01,49,,49,4,8,1353,1353,546828187,12,24,4630808,17,62,15675008,24,356,68901595,1406,1795,636035598,-7.46,-12.78
2025-07-01,49,,49,4,8,1286,1286,516191708,3,6,1258636,14,53,13210692,19,477,114514557,1322,1822,645175593,-16.11,2.42
2025-08-01,49,,49,4,8,1410,1410,545236155,8,16,5140114,21,81,23881400,40,1303,250275610,1479,2810,824533279,-9.73,49.71
2025-09-01,49,,49,4,8,1340,1340,524336369,13,26,7109334,24,91,19348275,39,882,138677333,1416,2339,689471311,-3.04,-1.39
2025-10-01,49,,49,4,8,1645,1645,585710428,5,10,1872206,7,26,5760055,42,760,130243849,1699,2441,723586538,-0.06,2.61
2025-11-01,49,,49,4,8,1173,1173,430168543,5,10,2071752,17,64,15630004,22,741,165629068,1217,1988,613499367,-0.26,16.39
2025-12-01,49,,49,4,8,1342,1342,479979117,9,18,4975132,6,21,5319510,39,1393,279130738,1396,2774,769404497,13.44,65.41
2024-01-01,50,,50,1,1,99,99,30260475,3,6,1210515,1,3,400000,4,25,2349666,107,133,34220656,,
2024-02-01,50,,50,1,1,82,82,24572872,2,4,385000,1,3,354837,7,79,13124132,92,168,38436841,,
2024-03-01,50,,50,1,1,88,88,27393232,5,10,1593707,2,7,818013,5,53,5984630,100,158,35789582,,
2024-04-01,50,,50,1,1,155,155,51615414,7,14,2029425,1,3,354837,4,114,20380077,167,286,74379753,,
2024-05-01,50,,50,1,1,150,150,55157010,12,24,3926126,2,6,702219,7,116,31196192,171,296,90981547,,
2024-06-01,50,,50,1,1,125,125,42737566,6,12,1980234,1,3,274592,4,56,8183989,136,196,53176381,,
2024-07-01,50,,50,1,1,129,129,43199600,5,10,1207726,3,10,1180967,4,195,20544231,141,344,66132524,,
2024-08-01,50,,50,1,1,132,132,43668349,5,10,1631031,7,27,4754837,2,12,1435492,146,181,51489709,,
2024-09-01,50,,50,1,1,118,118,35903115,5,10,1691685,2,7,890837,3,15,864231,128,150,39349868,,
2024-10-01,50,,50,1,1,104,104,36776640,3,6,1065908,2,6,621974,4,37,3746423,113,153,42210945,,
2024-11-01,50,,50,1,1,112,112,37055508,1,2,475000,2,6,859026,2,12,674192,117,132,39063726,,
2024-12-01,50,,50,1,1,85,85,26969388,3,6,899562,5,18,1953733,10,319,64839574,103,428,94662257,,
2025-01-01,50,,50,1,1,100,100,33899577,6,12,2145053,3,11,1638976,4,100,11147981,113,223,48831587,1.01,67.67
2025-02-01,50,,50,1,1,64,64,22307597,2,4,590908,1,3,347382,4,20,2097643,71,91,25343530,-21.95,-45.83
2025-03-01,50,,50,1,1,97,97,30966188,2,4,682698,1,4,600000,2,10,633462,102,115,32882348,,
2025-04-01,50,,50,1,1,157,157,56475754,5,10,1720862,2,6,854191,3,15,864231,167,188,59915038,1.29,-34.27
2025-05-01,50,,50,1,1,132,132,43825664,3,6,1221787,2,6,1354837,4,26,2462507,141,170,48864795,-12,-42.57
2025-06-01,50,,50,1,1,118,118,37470145,2,4,674044,1,3,354837,3,19,2155331,124,144,40654357,-5.6,-26.53
2025-07-01,50,,50,1,1,121,121,38978840,3,6,752358,2,6,854191,8,61,8088823,134,194,48674212,-6.2,-43.6
2025-08-01,50,,50,1,1,109,109,34022726,2,4,740537,3,10,1313048,7,75,11406331,121,198,47482642,-17.42,9.39
2025-09-01,50,,50,1,1,134,134,47191977,2,4,740537,2,6,512337,9,522,89573560,147,666,138018411,13.56,344
2025-10-01,50,,50,1,1,118,118,39641801,6,12,2274044,4,14,3839537,8,85,10780054,136,229,56535436,13.46,49.67
2025-11-01,50,,50,1,1,102,102,29401594,4,8,1466277,1,3,354837,2,10,1084196,109,123,32306904,-8.93,-6.82
2025-12-01,50,,50,1,1,58,58,17676054,3,6,1221787,1,3,354837,5,42,4999137,67,109,24251815,-31.76,-74.53
2024-01-01,51,,51,3,5,1705,1705,462947335,7,14,743000,1,3,237600,27,1316,108224444,1740,3038,572152379,,
2024-02-01,51,,51,3,5,2099,2099,557982293,10,20,3848000,1,3,237600,24,1019,91814063,2134,3141,653881956,,
2024-03-01,51,,51,3,5,1856,1856,522172549,11,22,3392000,1,3,535260,19,711,51184817,1887,2592,577284626,,
2024-04-01,51,,51,3,5,2039,2039,565046257,25,50,6967020,2,7,1100000,18,290,38767115,2084,2386,611880392,,
2024-05-01,51,,51,3,5,2175,2175,609054257,27,54,8203705,1,4,616000,16,1131,82837160,2219,3364,700711122,,
2024-06-01,51,,51,3,5,1952,1952,531518016,5,10,2052961,0,0,0,23,715,74414369,1980,2677,607985346,,
2024-07-01,51,,51,3,5,2126,2126,551538227,4,8,1173333,3,9,1642643,20,1074,132914185,2153,3217,687268388,,
2024-08-01,51,,51,3,5,2000,2000,562706848,40,80,16175328,3,9,937093,26,1077,112321923,2069,3166,692141192,,
2024-09-01,51,,51,3,5,1604,1604,464491451,31,62,9140753,2,6,1923001,15,350,48024638,1652,2022,523579843,,
2024-10-01,51,,51,3,5,1874,1874,523340367,23,46,6477320,1,3,237600,23,739,103602066,1921,2662,633657353,,
2024-11-01,51,,51,3,5,1700,1700,450718292,5,10,1460000,4,12,1382600,36,1652,167650206,1745,3374,621211098,,
2024-12-01,51,,51,3,5,1684,1684,491786978,26,52,7519984,6,19,5019933,23,940,119046733,1739,2695,623373628,,
2025-01-01,51,,51,3,5,2095,2095,541593984,20,40,5895712,6,20,4081520,39,1805,235976008,2160,3960,787547224,22.87,30.35
2025-02-01,51,,51,3,5,1485,1485,424118849,18,36,3901561,1,3,237600,34,1094,131644579,1538,2618,559902589,-29.25,-16.65
2025-03-01,51,,51,3,5,1847,1847,537037713,23,46,7138777,2,7,1294600,25,892,102316689,1897,2792,647787779,,
2025-04-01,51,,51,3,5,1744,1744,507234899,34,68,10515019,5,18,2132340,22,1048,88837551,1805,2878,608719809,-14.47,20.62
2025-05-01,51,,51,3,5,1766,1766,502160331,6,12,1660000,0,0,0,18,803,85114661,1790,2581,588934992,-18.8,-23.28
2025-06-01,51,,51,3,5,1744,1744,514270406,42,84,9906963,4,14,1377243,25,756,137793005,1815,2598,663347617,-10.66,-2.95
2025-07-01,51,,51,3,5,1915,1915,552458742,19,38,5419625,3,9,877243,16,615,98049693,1953,2577,656805303,-9.92,-19.89
2025-08-01,51,,51,3,5,1677,1677,517738214,28,56,10050727,0,0,0,12,984,160197059,1717,2717,687986000,-16.15,-14.18
2025-09-01,51,,51,3,5,1622,1622,484652020,14,28,3295000,1,4,400000,11,172,24277416,1648,1826,512624436,1.12,-9.69
2025-10-01,51,,51,3,5,1591,1591,478670391,8,16,1653903,5,18,1980000,36,1518,225555423,1640,3143,707859717,-15.1,18.07
2025-11-01,51,,51,3,5,1340,1340,393520913,30,60,7746499,1,3,237600,9,529,56561892,1380,1932,458066904,-21.18,-42.74
2025-12-01,51,,51,3,5,1473,1473,460175453,12,24,3717600,0,0,0,22,522,52035137,1507,2019,515928190,-12.53,-25.08
2024-01-01,53,,53,4,9,1663,1663,597322214,54,108,28511405,21,71,17265491,35,633,103541951,1773,2475,746641061,,
2024-02-01,53,,53,4,9,1548,1548,553852184,55,110,23474178,6,21,4792736,32,1029,186582640,1641,2708,768701738,,
2024-03-01,53,,53,4,9,1780,1780,639590749,79,158,43013788,15,57,11533681,66,2071,370867603,1940,4066,1065005821,,
2024-04-01,53,,53,4,9,1845,1845,687726906,58,116,27155868,21,73,14623018,37,959,135359562,1961,2993,864865354,,
2024-05-01,53,,53,4,9,1700,1700,636417510,60,120,28720389,23,78,16338006,49,1378,244109363,1832,3276,925585268,,
2024-06-01,53,,53,4,9,1396,1396,529583712,45,90,26308710,24,80,17126524,42,821,112522736,1507,2387,685541682,,
2024-07-01,53,,53,4,9,1594,1594,589050890,80,160,35155391,19,61,15252004,42,1266,164772952,1735,3081,804231237,,
2024-08-01,53,,53,4,9,1716,1716,648277411,85,170,40059324,23,82,20482829,68,1280,234933362,1892,3248,943752926,,
2024-09-01,53,,53,4,9,1557,1557,578561189,56,112,27527718,20,73,16034227,45,1295,196711579,1678,3037,818834713,,
2024-10-01,53,,53,4,9,1646,1646,615768420,50,100,26209424,22,73,14817047,66,1688,274807534,1784,3507,931602425,,
2024-11-01,53,,53,4,9,1217,1217,478791827,35,70,16896839,33,115,24305824,28,1242,219978201,1313,2644,739972691,,
2024-12-01,53,,53,4,9,1225,1225,471007884,61,122,34785962,21,77,19578922,28,2102,354254750,1335,3526,879627518,,
2025-01-01,53,,53,4,9,1337,1337,521702775,47,94,22775757,34,115,23529085,45,1280,213027186,1463,2826,781034803,-19.6,14.18
2025-02-01,53,,53,4,9,1370,1370,515657340,66,132,40953772,19,64,12234614,25,539,74899511,1480,2105,643745237,-11.5,-22.27
2025-03-01,53,,53,4,9,1627,1627,614602180,76,152,37575419,19,71,17273424,33,729,122635690,1755,2579,792086713,,
2025-04-01,53,,53,4,9,1832,1832,672520784,45,90,28154044,26,93,13572747,42,989,222749871,1945,3004,936997446,-0.7,0.37
2025-05-01,53,,53,4,9,1670,1670,607446000,49,98,51382376,15,50,16932254,31,967,190088049,1765,2785,865848679,-1.76,-14.99
2025-06-01,53,,53,4,9,1513,1513,567586343,59,118,31859380,27,97,21829555,66,1419,226820980,1665,3147,848096258,8.38,31.84
2025-07-01,53,,53,4,9,1672,1672,630838164,67,134,33787331,17,57,13248378,41,816,131440613,1797,2679,809314486,4.89,-13.05
2025-08-01,53,,53,4,9,1427,1427,579156028,68,136,34299304,13,44,10480937,59,1494,170289960,1567,3101,794226229,-16.84,-4.53
2025-09-01,53,,53,4,9,1319,1319,523264693,53,106,23358923,18,66,13879477,53,1590,247568807,1443,3081,808071900,-15.29,1.45
2025-10-01,53,,53,4,9,1422,1422,528092211,63,126,32463489,13,46,11074023,39,1929,272069431,1537,3523,843699154,-13.61,0.46
2025-11-01,53,,53,4,9,1150,1150,426698503,48,96,23520205,15,53,10879166,27,1044,171058539,1240,2343,632156413,-5.51,-11.38
2025-12-01,53,,53,4,9,1391,1391,533984936,46,92,22396552,17,63,20014872,39,1601,362566629,1493,3147,938962989,13.55,-10.75
2024-01-01,54,,54,3,5,270,270,58717842,1,2,300000,1,3,540000,2,22,3565522,274,297,63123364,,
2024-02-01,54,,54,3,5,309,309,67931686,0,0,0,0,0,0,1,11,1481482,310,320,69413168,,
2024-03-01,54,,54,3,5,343,343,69951704,5,10,400000,0,0,0,2,16,2356632,350,369,72708336,,
2024-04-01,54,,54,3,5,264,264,61998698,0,0,0,2,6,455114,5,64,7401288,271,334,69855100,,
2024-05-01,54,,54,3,5,333,333,75892171,0,0,0,4,13,1363816,3,39,3050964,340,385,80306951,,
2024-06-01,54,,54,3,5,265,265,60069656,1,2,360000,3,10,1035132,2,39,2101292,271,316,63566080,,
2024-07-01,54,,54,3,5,298,298,72599146,3,6,1700000,2,6,586364,7,69,5570140,310,379,80455650,,
2024-08-01,54,,54,3,5,350,350,76641400,4,8,800000,1,4,448768,3,50,2962412,358,412,80852580,,
2024-09-01,54,,54,3,5,288,288,69778269,0,0,0,2,6,622940,3,65,8167632,293,359,78568841,,
2024-10-01,54,,54,3,5,268,268,55738399,0,0,0,1,3,300000,2,35,1867796,271,306,57906195,,
2024-11-01,54,,54,3,5,228,228,50950194,0,0,0,2,6,325000,2,32,1667632,232,266,52942826,,
2024-12-01,54,,54,3,5,198,198,45248430,0,0,0,1,3,300000,3,42,2528778,202,243,48077208,,
2025-01-01,54,,54,3,5,224,224,49251603,1,2,230188,1,3,300000,1,8,1068000,227,237,50849791,-17.04,-20.2
2025-02-01,54,,54,3,5,231,231,51147984,0,0,0,0,0,0,3,41,3667796,234,272,54815780,-25.24,-15
2025-03-01,54,,54,3,5,259,259,58583057,10,20,2000000,5,17,1655081,3,48,2451128,277,344,64689266,,
2025-04-01,54,,54,3,5,356,356,75037184,4,8,1955476,0,0,0,1,20,3896732,361,384,80889392,34.85,14.97
2025-05-01,54,,54,3,5,334,334,75536755,3,6,400000,0,0,0,7,57,10281732,344,397,86218487,0.3,3.12
2025-06-01,54,,54,3,5,310,310,72761563,0,0,0,5,20,1633000,2,26,5101895,317,356,79496458,16.98,12.66
2025-07-01,54,,54,3,5,360,360,83421977,0,0,0,10,40,3070000,2,26,5096732,372,426,91588709,20.81,12.4
2025-08-01,54,,54,3,5,278,278,66309525,0,0,0,0,0,0,2,28,5486405,280,306,71795930,-20.57,-25.73
2025-09-01,54,,54,3,5,343,343,80094183,2,4,552000,6,23,2035000,5,57,6451895,356,427,89133078,19.1,18.94
2025-10-01,54,,54,3,5,234,234,60234758,0,0,0,1,3,500000,1,26,5065752,236,263,65800510,-12.69,-14.05
2025-11-01,54,,54,3,5,168,168,39635991,0,0,0,0,0,0,2,25,4907059,170,193,44543050,-26.32,-27.44
2025-12-01,54,,54,3,5,326,326,69075839,1,2,265000,5,20,1535000,3,25,4932876,335,373,75808715,64.65,53.5
2024-01-01,55,,55,2,3,608,608,245823319,43,86,18430181,0,0,0,20,282,98903208,671,976,363156708,,
2024-02-01,55,,55,2,3,856,856,315388779,47,94,18076051,2,7,1684745,24,1302,49924005,929,2259,385073580,,
2024-03-01,55,,55,2,3,1094,1094,402875510,73,146,29435220,0,0,0,14,239,48510829,1181,1479,480821559,,
2024-04-01,55,,55,2,3,1246,1246,473072661,61,122,28705677,5,18,3107907,32,746,124249186,1344,2132,629135431,,
2024-05-01,55,,55,2,3,1359,1359,509109058,63,126,28860242,2,6,2566369,38,876,122782483,1462,2367,663318152,,
2024-06-01,55,,55,2,3,1195,1195,471354988,71,142,29034516,3,10,1646481,23,608,107010179,1292,1955,609046164,,
2024-07-01,55,,55,2,3,1134,1134,455847854,80,160,33778143,2,6,864147,32,941,137661907,1248,2241,628152051,,
2024-08-01,55,,55,2,3,1212,1212,475265234,75,150,31891389,5,20,4552196,29,512,78755513,1321,1894,590464332,,
2024-09-01,55,,55,2,3,1184,1184,485666211,68,136,28916123,1,3,414147,26,420,64073383,1279,1743,579069864,,
2024-10-01,55,,55,2,3,1332,1332,540353915,69,138,29820857,2,7,949890,35,984,118063114,1438,2461,689187776,,
2024-11-01,55,,55,2,3,885,885,375839190,57,114,24001964,2,7,949890,24,1200,234627487,968,2206,635418531,,
2024-12-01,55,,55,2,3,663,663,289154358,58,116,25459084,1,3,414147,34,967,135078030,756,1749,450105619,,
2025-01-01,55,,55,2,3,695,695,302371744,51,102,20260604,1,3,414147,21,713,109949038,768,1513,432995533,14.31,55.02
2025-02-01,55,,55,2,3,854,854,333271713,70,140,26447515,4,14,2107390,14,283,63494637,942,1291,425321255,-0.23,-42.85
2025-03-01,55,,55,2,3,1013,1013,388357678,70,140,29337744,2,7,949234,19,287,46773301,1104,1447,465417957,,
2025-04-01,55,,55,2,3,1395,1395,543503944,76,152,32439104,7,22,7235000,30,400,113983996,1508,1969,697162044,11.96,-7.65
2025-05-01,55,,55,2,3,1316,1316,557896210,66,132,25864468,6,24,5683745,32,1566,159651114,1420,3038,749095537,-3.16,28.35
2025-06-01,55,,55,2,3,1335,1335,541611968,70,140,21957270,0,0,0,20,304,50592611,1425,1779,614161849,11.72,-9
2025-07-01,55,,55,2,3,1297,1297,519710018,75,150,31797882,0,0,0,43,1612,296290215,1415,3059,847798115,14.37,36.5
2025-08-01,55,,55,2,3,1277,1277,519084425,65,130,25350431,3,11,2658745,33,736,143416138,1378,2154,690509739,5.36,13.73
2025-09-01,55,,55,2,3,1220,1220,547916302,72,144,31405618,1,4,800000,43,677,97212591,1336,2045,677334511,3.04,17.33
2025-10-01,55,,55,2,3,1390,1390,587666817,104,208,44554996,2,7,1575000,71,1191,290631873,1567,2796,924428686,4.35,13.61
2025-11-01,55,,55,2,3,768,768,334744519,47,94,19577326,1,4,600000,43,1416,307599744,859,2282,662521589,-13.22,3.45
2025-12-01,55,,55,2,3,646,646,287832364,43,86,18837815,1,4,1015890,53,1093,174478119,743,1829,482164188,-2.56,4.57
2024-01-01,56,,56,4,8,87,87,60827624,3,6,828989,2,7,727547,2,30,4402868,94,130,66787028,,
2024-02-01,56,,56,4,8,115,115,69983125,2,4,500000,1,3,200000,0,0,0,118,122,70683125,,
2024-03-01,56,,56,4,8,146,146,81959224,4,8,962310,3,10,1287216,6,94,11956101,159,258,96164851,,
2024-04-01,56,,56,4,8,169,169,111369259,2,4,642264,2,8,934590,1,5,416667,174,186,113362780,,
2024-05-01,56,,56,4,8,186,186,58225004,8,16,1672709,4,14,1559862,2,13,1829605,200,229,63287180,,
2024-06-01,56,,56,4,8,128,128,51659409,4,8,1364860,2,7,817767,0,0,0,134,143,53842036,,
2024-07-01,56,,56,4,8,172,172,68602043,4,8,1025500,2,8,934590,0,0,0,178,188,70562133,,
2024-08-01,56,,56,4,8,145,145,54335782,3,6,738253,3,11,1134590,0,0,0,151,162,56208625,,
2024-09-01,56,,56,4,8,139,139,55375579,3,6,2515500,3,10,1017767,0,0,0,145,155,58908846,,
2024-10-01,56,,56,4,8,141,141,53610356,2,4,579264,2,8,934590,0,0,0,145,153,55124210,,
2024-11-01,56,,56,4,8,101,101,39112649,1,2,150000,4,14,2005287,1,5,416667,107,122,41684603,,
2024-12-01,56,,56,4,8,99,99,38843786,3,6,885500,3,12,1359590,1,104,15420000,106,221,56508876,,
2025-01-01,56,,56,4,8,126,126,50872041,3,6,1167014,2,7,837061,0,0,0,131,139,52876116,44.83,6.92
2025-02-01,56,,56,4,8,97,97,38282226,1,2,350000,9,35,3521073,1,5,870000,108,139,43023299,-15.65,13.93
2025-03-01,56,,56,4,8,140,140,51142912,2,4,618719,1,4,467295,1,5,416667,144,153,52645593,,
2025-04-01,56,,56,4,8,168,168,66636406,6,12,2138146,3,11,1030423,2,12,1415037,179,203,71220012,-0.59,9.14
2025-05-01,56,,56,4,8,188,188,70957656,1,2,130000,1,4,415211,2,10,1179198,192,204,72682065,1.08,-10.92
2025-06-01,56,,56,4,8,153,153,63603166,1,2,150000,1,3,311408,1,10,1179198,156,168,65243772,19.53,17.48
2025-07-01,56,,56,4,8,183,183,72307424,1,2,399159,1,3,311408,1,9,1061278,186,197,74079269,6.4,4.79
2025-08-01,56,,56,4,8,131,131,55985487,1,2,358734,3,10,1263078,1,10,1179198,136,153,58786497,-9.66,-5.56
2025-09-01,56,,56,4,8,138,138,58491063,4,8,1557746,0,0,0,0,0,0,142,146,60048809,-0.72,-5.81
2025-10-01,56,,56,4,8,128,128,54854203,3,6,880000,1,3,447867,0,0,0,132,137,56182070,-9.22,-10.46
2025-11-01,56,,56,4,8,105,105,45659836,1,2,480000,2,7,782477,2,144,55627638,110,258,102549951,3.96,111.48
2025-12-01,56,,56,4,8,92,92,45207630,2,4,798318,0,0,0,1,104,16115000,95,200,62120948,-7.07,-9.5