Zillow_RegionID,Zillow_RegionName,Zillow_StateName,CBSA Code,CBSA Title,Metropolitan/Micropolitan Statistical Area,Metropolitan Division Code,Metropolitan Division Title,CSA Code,CSA Title,County/County Equivalent,State Name,FIPS State Code,FIPS County Code
394913,"New York, NY",NY,35620,"New York-Newark-Jersey City, NY-NJ",Metropolitan Statistical Area,29484,"Lakewood-New Brunswick, NJ",408,"New York-Newark, NY-NJ-CT-PA",Middlesex County,New Jersey,34,23
394913,"New York, NY",NY,35620,"New York-Newark-Jersey City, NY-NJ",Metropolitan Statistical Area,29484,"Lakewood-New Brunswick, NJ",408,"New York-Newark, NY-NJ-CT-PA",Monmouth County,New Jersey,34,25
394913,"New York, NY",NY,35620,"New York-Newark-Jersey City, NY-NJ",Metropolitan Statistical Area,29484,"Lakewood-New Brunswick, NJ",408,"New York-Newark, NY-NJ-CT-PA",Ocean County,New Jersey,34,29
394913,"New York, NY",NY,35620,"New York-Newark-Jersey City, NY-NJ",Metropolitan Statistical Area,29484,"Lakewood-New Brunswick, NJ",408,"New York-Newark, NY-NJ-CT-PA",Somerset County,New Jersey,34,35
394913,"New York, NY",NY,35620,"New York-Newark-Jersey City, NY-NJ",Metropolitan Statistical Area,35004,"Nassau County-Suffolk County, NY",408,"New York-Newark, NY-NJ-CT-PA",Nassau County,New York,36,59
394913,"New York, NY",NY,35620,"New York-Newark-Jersey City, NY-NJ",Metropolitan Statistical Area,35004,"Nassau County-Suffolk County, NY",408,"New York-Newark, NY-NJ-CT-PA",Suffolk County,New York,36,103
394913,"New York, NY",NY,35620,"New York-Newark-Jersey City, NY-NJ",Metropolitan Statistical Area,35084,"Newark, NJ",408,"New York-Newark, NY-NJ-CT-PA",Essex County,New Jersey,34,13
394913,"New York, NY",NY,35620,"New York-Newark-Jersey City, NY-NJ",Metropolitan Statistical Area,35084,"Newark, NJ",408,"New York-Newark, NY-NJ-CT-PA",Hunterdon County,New Jersey,34,19
394913,"New York, NY",NY,35620,"New York-Newark-Jersey City, NY-NJ",Metropolitan Statistical Area,35084,"Newark, NJ",408,"New York-Newark, NY-NJ-CT-PA",Morris County,New Jersey,34,27
394913,"New York, NY",NY,35620,"New York-Newark-Jersey City, NY-NJ",Metropolitan Statistical Area,35084,"Newark, NJ",408,"New York-Newark, NY-NJ-CT-PA",Sussex County,New Jersey,34,37
394913,"New York, NY",NY,35620,"New York-Newark-Jersey City, NY-NJ",Metropolitan Statistical Area,35084,"Newark, NJ",408,"New York-Newark, NY-NJ-CT-PA",Union County,New Jersey,34,39
394913,"New York, NY",NY,35620,"New York-Newark-Jersey City, NY-NJ",Metropolitan Statistical Area,35614,"New York-Jersey City-White Plains, NY-NJ",408,"New York-Newark, NY-NJ-CT-PA",Bergen County,New Jersey,34,3
394913,"New York, NY",NY,35620,"New York-Newark-Jersey City, NY-NJ",Metropolitan Statistical Area,35614,"New York-Jersey City-White Plains, NY-NJ",408,"New York-Newark, NY-NJ-CT-PA",Hudson County,New Jersey,34,17
394913,"New York, NY",NY,35620,"New York-Newark-Jersey City, NY-NJ",Metropolitan Statistical Area,35614,"New York-Jersey City-White Plains, NY-NJ",408,"New York-Newark, NY-NJ-CT-PA",Passaic County,New Jersey,34,31
394913,"New York, NY",NY,35620,"New York-Newark-Jersey City, NY-NJ",Metropolitan Statistical Area,35614,"New York-Jersey City-White Plains, NY-NJ",408,"New York-Newark, NY-NJ-CT-PA",Bronx County,New York,36,5
394913,"New York, NY",NY,35620,"New York-Newark-Jersey City, NY-NJ",Metropolitan Statistical Area,35614,"New York-Jersey City-White Plains, NY-NJ",408,"New York-Newark, NY-NJ-CT-PA",Kings County,New York,36,47
394913,"New York, NY",NY,35620,"New York-Newark-Jersey City, NY-NJ",Metropolitan Statistical Area,35614,"New York-Jersey City-White Plains, NY-NJ",408,"New York-Newark, NY-NJ-CT-PA",New York County,New York,36,61
394913,"New York, NY",NY,35620,"New York-Newark-Jersey City, NY-NJ",Metropolitan Statistical Area,35614,"New York-Jersey City-White Plains, NY-NJ",408,"New York-Newark, NY-NJ-CT-PA",Putnam County,New York,36,79
394913,"New York, NY",NY,35620,"New York-Newark-Jersey City, NY-NJ",Metropolitan Statistical Area,35614,"New York-Jersey City-White Plains, NY-NJ",408,"New York-Newark, NY-NJ-CT-PA",Queens County,New York,36,81
394913,"New York, NY",NY,35620,"New York-Newark-Jersey City, NY-NJ",Metropolitan Statistical Area,35614,"New York-Jersey City-White Plains, NY-NJ",408,"New York-Newark, NY-NJ-CT-PA",Richmond County,New York,36,85
394913,"New York, NY",NY,35620,"New York-Newark-Jersey City, NY-NJ",Metropolitan Statistical Area,35614,"New York-Jersey City-White Plains, NY-NJ",408,"New York-Newark, NY-NJ-CT-PA",Rockland County,New York,36,87
394913,"New York, NY",NY,35620,"New York-Newark-Jersey City, NY-NJ",Metropolitan Statistical Area,35614,"New York-Jersey City-White Plains, NY-NJ",408,"New York-Newark, NY-NJ-CT-PA",Westchester County,New York,36,119
753899,"Los Angeles, CA",CA,31080,"Los Angeles-Long Beach-Anaheim, CA",Metropolitan Statistical Area,11244,"Anaheim-Santa Ana-Irvine, CA",348,"Los Angeles-Long Beach, CA",Orange County,California,6,59
753899,"Los Angeles, CA",CA,31080,"Los Angeles-Long Beach-Anaheim, CA",Metropolitan Statistical Area,31084,"Los Angeles-Long Beach-Glendale, CA",348,"Los Angeles-Long Beach, CA",Los Angeles County,California,6,37
394463,"Chicago, IL",IL,16980,"Chicago-Naperville-Elgin, IL-IN",Metropolitan Statistical Area,16984,"Chicago-Naperville-Schaumburg, IL",176,"Chicago-Naperville, IL-IN-WI",Cook County,Illinois,17,31
394463,"Chicago, IL",IL,16980,"Chicago-Naperville-Elgin, IL-IN",Metropolitan Statistical Area,16984,"Chicago-Naperville-Schaumburg, IL",176,"Chicago-Naperville, IL-IN-WI",DuPage County,Illinois,17,43
394463,"Chicago, IL",IL,16980,"Chicago-Naperville-Elgin, IL-IN",Metropolitan Statistical Area,16984,"Chicago-Naperville-Schaumburg, IL",176,"Chicago-Naperville, IL-IN-WI",Grundy County,Illinois,17,63
394463,"Chicago, IL",IL,16980,"Chicago-Naperville-Elgin, IL-IN",Metropolitan Statistical Area,16984,"Chicago-Naperville-Schaumburg, IL",176,"Chicago-Naperville, IL-IN-WI",McHenry County,Illinois,17,111
394463,"Chicago, IL",IL,16980,"Chicago-Naperville-Elgin, IL-IN",Metropolitan Statistical Area,16984,"Chicago-Naperville-Schaumburg, IL",176,"Chicago-Naperville, IL-IN-WI",Will County,Illinois,17,197
394463,"Chicago, IL",IL,16980,"Chicago-Naperville-Elgin, IL-IN",Metropolitan Statistical Area,20994,"Elgin, IL",176,"Chicago-Naperville, IL-IN-WI",DeKalb County,Illinois,17,37
394463,"Chicago, IL",IL,16980,"Chicago-Naperville-Elgin, IL-IN",Metropolitan Statistical Area,20994,"Elgin, IL",176,"Chicago-Naperville, IL-IN-WI",Kane County,Illinois,17,89
394463,"Chicago, IL",IL,16980,"Chicago-Naperville-Elgin, IL-IN",Metropolitan Statistical Area,20994,"Elgin, IL",176,"Chicago-Naperville, IL-IN-WI",Kendall County,Illinois,17,93
394463,"Chicago, IL",IL,16980,"Chicago-Naperville-Elgin, IL-IN",Metropolitan Statistical Area,29404,"Lake County, IL",176,"Chicago-Naperville, IL-IN-WI",Lake County,Illinois,17,97
394463,"Chicago, IL",IL,16980,"Chicago-Naperville-Elgin, IL-IN",Metropolitan Statistical Area,29414,"Lake County-Porter County-Jasper County, IN",176,"Chicago-Naperville, IL-IN-WI",Jasper County,Indiana,18,73
394463,"Chicago, IL",IL,16980,"Chicago-Naperville-Elgin, IL-IN",Metropolitan Statistical Area,29414,"Lake County-Porter County-Jasper County, IN",176,"Chicago-Naperville, IL-IN-WI",Lake County,Indiana,18,89
394463,"Chicago, IL",IL,16980,"Chicago-Naperville-Elgin, IL-IN",Metropolitan Statistical Area,29414,"Lake County-Porter County-Jasper County, IN",176,"Chicago-Naperville, IL-IN-WI",Newton County,Indiana,18,111
394463,"Chicago, IL",IL,16980,"Chicago-Naperville-Elgin, IL-IN",Metropolitan Statistical Area,29414,"Lake County-Porter County-Jasper County, IN",176,"Chicago-Naperville, IL-IN-WI",Porter County,Indiana,18,127
394514,"Dallas, TX",TX,19100,"Dallas-Fort Worth-Arlington, TX",Metropolitan Statistical Area,19124,"Dallas-Plano-Irving, TX",206,"Dallas-Fort Worth, TX-OK",Collin County,Texas,48,85
394514,"Dallas, TX",TX,19100,"Dallas-Fort Worth-Arlington, TX",Metropolitan Statistical Area,19124,"Dallas-Plano-Irving, TX",206,"Dallas-Fort Worth, TX-OK",Dallas County,Texas,48,113
394514,"Dallas, TX",TX,19100,"Dallas-Fort Worth-Arlington, TX",Metropolitan Statistical Area,19124,"Dallas-Plano-Irving, TX",206,"Dallas-Fort Worth, TX-OK",Denton County,Texas,48,121
394514,"Dallas, TX",TX,19100,"Dallas-Fort Worth-Arlington, TX",Metropolitan Statistical Area,19124,"Dallas-Plano-Irving, TX",206,"Dallas-Fort Worth, TX-OK",Ellis County,Texas,48,139
394514,"Dallas, TX",TX,19100,"Dallas-Fort Worth-Arlington, TX",Metropolitan Statistical Area,19124,"Dallas-Plano-Irving, TX",206,"Dallas-Fort Worth, TX-OK",Hunt County,Texas,48,231
394514,"Dallas, TX",TX,19100,"Dallas-Fort Worth-Arlington, TX",Metropolitan Statistical Area,19124,"Dallas-Plano-Irving, TX",206,"Dallas-Fort Worth, TX-OK",Kaufman County,Texas,48,257
394514,"Dallas, TX",TX,19100,"Dallas-Fort Worth-Arlington, TX",Metropolitan Statistical Area,19124,"Dallas-Plano-Irving, TX",206,"Dallas-Fort Worth, TX-OK",Rockwall County,Texas,48,397
394514,"Dallas, TX",TX,19100,"Dallas-Fort Worth-Arlington, TX",Metropolitan Statistical Area,23104,"Fort Worth-Arlington-Grapevine, TX",206,"Dallas-Fort Worth, TX-OK",Johnson County,Texas,48,251
394514,"Dallas, TX",TX,19100,"Dallas-Fort Worth-Arlington, TX",Metropolitan Statistical Area,23104,"Fort Worth-Arlington-Grapevine, TX",206,"Dallas-Fort Worth, TX-OK",Parker County,Texas,48,367
394514,"Dallas, TX",TX,19100,"Dallas-Fort Worth-Arlington, TX",Metropolitan Statistical Area,23104,"Fort Worth-Arlington-Grapevine, TX",206,"Dallas-Fort Worth, TX-OK",Tarrant County,Texas,48,439
394514,"Dallas, TX",TX,19100,"Dallas-Fort Worth-Arlington, TX",Metropolitan Statistical Area,23104,"Fort Worth-Arlington-Grapevine, TX",206,"Dallas-Fort Worth, TX-OK",Wise County,Texas,48,497
394692,"Houston, TX",TX,26420,"Houston-Pasadena-The Woodlands, TX",Metropolitan Statistical Area,,,288,"Houston-Pasadena, TX",Austin County,Texas,48,15
394692,"Houston, TX",TX,26420,"Houston-Pasadena-The Woodlands, TX",Metropolitan Statistical Area,,,288,"Houston-Pasadena, TX",Brazoria County,Texas,48,39
394692,"Houston, TX",TX,26420,"Houston-Pasadena-The Woodlands, TX",Metropolitan Statistical Area,,,288,"Houston-Pasadena, TX",Chambers County,Texas,48,71
394692,"Houston, TX",TX,26420,"Houston-Pasadena-The Woodlands, TX",Metropolitan Statistical Area,,,288,"Houston-Pasadena, TX",Fort Bend County,Texas,48,157
394692,"Houston, TX",TX,26420,"Houston-Pasadena-The Woodlands, TX",Metropolitan Statistical Area,,,288,"Houston-Pasadena, TX",Galveston County,Texas,48,167
394692,"Houston, TX",TX,26420,"Houston-Pasadena-The Woodlands, TX",Metropolitan Statistical Area,,,288,"Houston-Pasadena, TX",Harris County,Texas,48,201
394692,"Houston, TX",TX,26420,"Houston-Pasadena-The Woodlands, TX",Metropolitan Statistical Area,,,288,"Houston-Pasadena, TX",Liberty County,Texas,48,291
394692,"Houston, TX",TX,26420,"Houston-Pasadena-The Woodlands, TX",Metropolitan Statistical Area,,,288,"Houston-Pasadena, TX",Montgomery County,Texas,48,339
394692,"Houston, TX",TX,26420,"Houston-Pasadena-The Woodlands, TX",Metropolitan Statistical Area,,,288,"Houston-Pasadena, TX",San Jacinto County,Texas,48,407
394692,"Houston, TX",TX,26420,"Houston-Pasadena-The Woodlands, TX",Metropolitan Statistical Area,,,288,"Houston-Pasadena, TX",Waller County,Texas,48,473
395209,"Washington, DC",VA,47900,"Washington-Arlington-Alexandria, DC-VA-MD-WV",Metropolitan Statistical Area,11694,"Arlington-Alexandria-Reston, VA-WV",548,"Washington-Baltimore-Arlington, DC-MD-VA-WV-PA",Arlington County,Virginia,51,13
395209,"Washington, DC",VA,47900,"Washington-Arlington-Alexandria, DC-VA-MD-WV",Metropolitan Statistical Area,11694,"Arlington-Alexandria-Reston, VA-WV",548,"Washington-Baltimore-Arlington, DC-MD-VA-WV-PA",Clarke County,Virginia,51,43
395209,"Washington, DC",VA,47900,"Washington-Arlington-Alexandria, DC-VA-MD-WV",Metropolitan Statistical Area,11694,"Arlington-Alexandria-Reston, VA-WV",548,"Washington-Baltimore-Arlington, DC-MD-VA-WV-PA",Culpeper County,Virginia,51,47
395209,"Washington, DC",VA,47900,"Washington-Arlington-Alexandria, DC-VA-MD-WV",Metropolitan Statistical Area,11694,"Arlington-Alexandria-Reston, VA-WV",548,"Washington-Baltimore-Arlington, DC-MD-VA-WV-PA",Fairfax County,Virginia,51,59
395209,"Washington, DC",VA,47900,"Washington-Arlington-Alexandria, DC-VA-MD-WV",Metropolitan Statistical Area,11694,"Arlington-Alexandria-Reston, VA-WV",548,"Washington-Baltimore-Arlington, DC-MD-VA-WV-PA",Fauquier County,Virginia,51,61
395209,"Washington, DC",VA,47900,"Washington-Arlington-Alexandria, DC-VA-MD-WV",Metropolitan Statistical Area,11694,"Arlington-Alexandria-Reston, VA-WV",548,"Washington-Baltimore-Arlington, DC-MD-VA-WV-PA",Loudoun County,Virginia,51,107
395209,"Washington, DC",VA,47900,"Washington-Arlington-Alexandria, DC-VA-MD-WV",Metropolitan Statistical Area,11694,"Arlington-Alexandria-Reston, VA-WV",548,"Washington-Baltimore-Arlington, DC-MD-VA-WV-PA",Prince William County,Virginia,51,153
395209,"Washington, DC",VA,47900,"Washington-Arlington-Alexandria, DC-VA-MD-WV",Metropolitan Statistical Area,11694,"Arlington-Alexandria-Reston, VA-WV",548,"Washington-Baltimore-Arlington, DC-MD-VA-WV-PA",Rappahannock County,Virginia,51,157
395209,"Washington, DC",VA,47900,"Washington-Arlington-Alexandria, DC-VA-MD-WV",Metropolitan Statistical Area,11694,"Arlington-Alexandria-Reston, VA-WV",548,"Washington-Baltimore-Arlington, DC-MD-VA-WV-PA",Spotsylvania County,Virginia,51,177
395209,"Washington, DC",VA,47900,"Washington-Arlington-Alexandria, DC-VA-MD-WV",Metropolitan Statistical Area,11694,"Arlington-Alexandria-Reston, VA-WV",548,"Washington-Baltimore-Arlington, DC-MD-VA-WV-PA",Stafford County,Virginia,51,179
395209,"Washington, DC",VA,47900,"Washington-Arlington-Alexandria, DC-VA-MD-WV",Metropolitan Statistical Area,11694,"Arlington-Alexandria-Reston, VA-WV",548,"Washington-Baltimore-Arlington, DC-MD-VA-WV-PA",Warren County,Virginia,51,187
395209,"Washington, DC",VA,47900,"Washington-Arlington-Alexandria, DC-VA-MD-WV",Metropolitan Statistical Area,11694,"Arlington-Alexandria-Reston, VA-WV",548,"Washington-Baltimore-Arlington, DC-MD-VA-WV-PA",Alexandria city,Virginia,51,510
395209,"Washington, DC",VA,47900,"Washington-Arlington-Alexandria, DC-VA-MD-WV",Metropolitan Statistical Area,11694,"Arlington-Alexandria-Reston, VA-WV",548,"Washington-Baltimore-Arlington, DC-MD-VA-WV-PA",Fairfax city,Virginia,51,600
395209,"Washington, DC",VA,47900,"Washington-Arlington-Alexandria, DC-VA-MD-WV",Metropolitan Statistical Area,11694,"Arlington-Alexandria-Reston, VA-WV",548,"Washington-Baltimore-Arlington, DC-MD-VA-WV-PA",Falls Church city,Virginia,51,610
395209,"Washington, DC",VA,47900,"Washington-Arlington-Alexandria, DC-VA-MD-WV",Metropolitan Statistical Area,11694,"Arlington-Alexandria-Reston, VA-WV",548,"Washington-Baltimore-Arlington, DC-MD-VA-WV-PA",Fredericksburg city,Virginia,51,630
395209,"Washington, DC",VA,47900,"Washington-Arlington-Alexandria, DC-VA-MD-WV",Metropolitan Statistical Area,11694,"Arlington-Alexandria-Reston, VA-WV",548,"Washington-Baltimore-Arlington, DC-MD-VA-WV-PA",Manassas city,Virginia,51,683
395209,"Washington, DC",VA,47900,"Washington-Arlington-Alexandria, DC-VA-MD-WV",Metropolitan Statistical Area,11694,"Arlington-Alexandria-Reston, VA-WV",548,"Washington-Baltimore-Arlington, DC-MD-VA-WV-PA",Manassas Park city,Virginia,51,685
395209,"Washington, DC",VA,47900,"Washington-Arlington-Alexandria, DC-VA-MD-WV",Metropolitan Statistical Area,11694,"Arlington-Alexandria-Reston, VA-WV",548,"Washington-Baltimore-Arlington, DC-MD-VA-WV-PA",Jefferson County,West Virginia,54,37
395209,"Washington, DC",VA,47900,"Washington-Arlington-Alexandria, DC-VA-MD-WV",Metropolitan Statistical Area,23224,"Frederick-Gaithersburg-Bethesda, MD",548,"Washington-Baltimore-Arlington, DC-MD-VA-WV-PA",Frederick County,Maryland,24,21
395209,"Washington, DC",VA,47900,"Washington-Arlington-Alexandria, DC-VA-MD-WV",Metropolitan Statistical Area,23224,"Frederick-Gaithersburg-Bethesda, MD",548,"Washington-Baltimore-Arlington, DC-MD-VA-WV-PA",Montgomery County,Maryland,24,31
395209,"Washington, DC",VA,47900,"Washington-Arlington-Alexandria, DC-VA-MD-WV",Metropolitan Statistical Area,47764,"Washington, DC-MD",548,"Washington-Baltimore-Arlington, DC-MD-VA-WV-PA",District of Columbia,District of Columbia,11,1
395209,"Washington, DC",VA,47900,"Washington-Arlington-Alexandria, DC-VA-MD-WV",Metropolitan Statistical Area,47764,"Washington, DC-MD",548,"Washington-Baltimore-Arlington, DC-MD-VA-WV-PA",Charles County,Maryland,24,17
395209,"Washington, DC",VA,47900,"Washington-Arlington-Alexandria, DC-VA-MD-WV",Metropolitan Statistical Area,47764,"Washington, DC-MD",548,"Washington-Baltimore-Arlington, DC-MD-VA-WV-PA",Prince George's County,Maryland,24,33
394974,"Philadelphia, PA",PA,37980,"Philadelphia-Camden-Wilmington, PA-NJ-DE-MD",Metropolitan Statistical Area,15804,"Camden, NJ",428,"Philadelphia-Reading-Camden, PA-NJ-DE-MD",Burlington County,New Jersey,34,5
394974,"Philadelphia, PA",PA,37980,"Philadelphia-Camden-Wilmington, PA-NJ-DE-MD",Metropolitan Statistical Area,15804,"Camden, NJ",428,"Philadelphia-Reading-Camden, PA-NJ-DE-MD",Camden County,New Jersey,34,7
394974,"Philadelphia, PA",PA,37980,"Philadelphia-Camden-Wilmington, PA-NJ-DE-MD",Metropolitan Statistical Area,15804,"Camden, NJ",428,"Philadelphia-Reading-Camden, PA-NJ-DE-MD",Gloucester County,New Jersey,34,15
394974,"Philadelphia, PA",PA,37980,"Philadelphia-Camden-Wilmington, PA-NJ-DE-MD",Metropolitan Statistical Area,33874,"Montgomery County-Bucks County-Chester County, PA",428,"Philadelphia-Reading-Camden, PA-NJ-DE-MD",Bucks County,Pennsylvania,42,17
394974,"Philadelphia, PA",PA,37980,"Philadelphia-Camden-Wilmington, PA-NJ-DE-MD",Metropolitan Statistical Area,33874,"Montgomery County-Bucks County-Chester County, PA",428,"Philadelphia-Reading-Camden, PA-NJ-DE-MD",Chester County,Pennsylvania,42,29
394974,"Philadelphia, PA",PA,37980,"Philadelphia-Camden-Wilmington, PA-NJ-DE-MD",Metropolitan Statistical Area,33874,"Montgomery County-Bucks County-Chester County, PA",428,"Philadelphia-Reading-Camden, PA-NJ-DE-MD",Montgomery County,Pennsylvania,42,91
394974,"Philadelphia, PA",PA,37980,"Philadelphia-Camden-Wilmington, PA-NJ-DE-MD",Metropolitan Statistical Area,37964,"Philadelphia, PA",428,"Philadelphia-Reading-Camden, PA-NJ-DE-MD",Delaware County,Pennsylvania,42,45
394974,"Philadelphia, PA",PA,37980,"Philadelphia-Camden-Wilmington, PA-NJ-DE-MD",Metropolitan Statistical Area,37964,"Philadelphia, PA",428,"Philadelphia-Reading-Camden, PA-NJ-DE-MD",Philadelphia County,Pennsylvania,42,101
394974,"Philadelphia, PA",PA,37980,"Philadelphia-Camden-Wilmington, PA-NJ-DE-MD",Metropolitan Statistical Area,48864,"Wilmington, DE-MD-NJ",428,"Philadelphia-Reading-Camden, PA-NJ-DE-MD",New Castle County,Delaware,10,3
394974,"Philadelphia, PA",PA,37980,"Philadelphia-Camden-Wilmington, PA-NJ-DE-MD",Metropolitan Statistical Area,48864,"Wilmington, DE-MD-NJ",428,"Philadelphia-Reading-Camden, PA-NJ-DE-MD",Cecil County,Maryland,24,15
394974,"Philadelphia, PA",PA,37980,"Philadelphia-Camden-Wilmington, PA-NJ-DE-MD",Metropolitan Statistical Area,48864,"Wilmington, DE-MD-NJ",428,"Philadelphia-Reading-Camden, PA-NJ-DE-MD",Salem County,New Jersey,34,33
394856,"Miami, FL",FL,33100,"Miami-Fort Lauderdale-West Palm Beach, FL",Metropolitan Statistical Area,22744,"Fort Lauderdale-Pompano Beach-Sunrise, FL",370,"Miami-Port St. Lucie-Fort Lauderdale, FL",Broward County,Florida,12,11
394856,"Miami, FL",FL,33100,"Miami-Fort Lauderdale-West Palm Beach, FL",Metropolitan Statistical Area,33124,"Miami-Miami Beach-Kendall, FL",370,"Miami-Port St. Lucie-Fort Lauderdale, FL",Miami-Dade County,Florida,12,86
394856,"Miami, FL",FL,33100,"Miami-Fort Lauderdale-West Palm Beach, FL",Metropolitan Statistical Area,48424,"West Palm Beach-Boca Raton-Delray Beach, FL",370,"Miami-Port St. Lucie-Fort Lauderdale, FL",Palm Beach County,Florida,12,99
394347,"Atlanta, GA",GA,12060,"Atlanta-Sandy Springs-Roswell, GA",Metropolitan Statistical Area,12054,"Atlanta-Sandy Springs-Roswell, GA",122,"Atlanta--Athens-Clarke County--Sandy Springs, GA-AL",Barrow County,Georgia,13,13
394347,"Atlanta, GA",GA,12060,"Atlanta-Sandy Springs-Roswell, GA",Metropolitan Statistical Area,12054,"Atlanta-Sandy Springs-Roswell, GA",122,"Atlanta--Athens-Clarke County--Sandy Springs, GA-AL",Butts County,Georgia,13,35
394347,"Atlanta, GA",GA,12060,"Atlanta-Sandy Springs-Roswell, GA",Metropolitan Statistical Area,12054,"Atlanta-Sandy Springs-Roswell, GA",122,"Atlanta--Athens-Clarke County--Sandy Springs, GA-AL",Carroll County,Georgia,13,45
394347,"Atlanta, GA",GA,12060,"Atlanta-Sandy Springs-Roswell, GA",Metropolitan Statistical Area,12054,"Atlanta-Sandy Springs-Roswell, GA",122,"Atlanta--Athens-Clarke County--Sandy Springs, GA-AL",Clayton County,Georgia,13,63
394347,"Atlanta, GA",GA,12060,"Atlanta-Sandy Springs-Roswell, GA",Metropolitan Statistical Area,12054,"Atlanta-Sandy Springs-Roswell, GA",122,"Atlanta--Athens-Clarke County--Sandy Springs, GA-AL",Coweta County,Georgia,13,77
394347,"Atlanta, GA",GA,12060,"Atlanta-Sandy Springs-Roswell, GA",Metropolitan Statistical Area,12054,"Atlanta-Sandy Springs-Roswell, GA",122,"Atlanta--Athens-Clarke County--Sandy Springs, GA-AL",Dawson County,Georgia,13,85
394347,"Atlanta, GA",GA,12060,"Atlanta-Sandy Springs-Roswell, GA",Metropolitan Statistical Area,12054,"Atlanta-Sandy Springs-Roswell, GA",122,"Atlanta--Athens-Clarke County--Sandy Springs, GA-AL",DeKalb County,Georgia,13,89
394347,"Atlanta, GA",GA,12060,"Atlanta-Sandy Springs-Roswell, GA",Metropolitan Statistical Area,12054,"Atlanta-Sandy Springs-Roswell, GA",122,"Atlanta--Athens-Clarke County--Sandy Springs, GA-AL",Douglas County,Georgia,13,97
394347,"Atlanta, GA",GA,12060,"Atlanta-Sandy Springs-Roswell, GA",Metropolitan Statistical Area,12054,"Atlanta-Sandy Springs-Roswell, GA",122,"Atlanta--Athens-Clarke County--Sandy Springs, GA-AL",Fayette County,Georgia,13,113
394347,"Atlanta, GA",GA,12060,"Atlanta-Sandy Springs-Roswell, GA",Metropolitan Statistical Area,12054,"Atlanta-Sandy Springs-Roswell, GA",122,"Atlanta--Athens-Clarke County--Sandy Springs, GA-AL",Forsyth County,Georgia,13,117
394347,"Atlanta, GA",GA,12060,"Atlanta-Sandy Springs-Roswell, GA",Metropolitan Statistical Area,12054,"Atlanta-Sandy Springs-Roswell, GA",122,"Atlanta--Athens-Clarke County--Sandy Springs, GA-AL",Fulton County,Georgia,13,121
394347,"Atlanta, GA",GA,12060,"Atlanta-Sandy Springs-Roswell, GA",Metropolitan Statistical Area,12054,"Atlanta-Sandy Springs-Roswell, GA",122,"Atlanta--Athens-Clarke County--Sandy Springs, GA-AL",Gwinnett County,Georgia,13,135
394347,"Atlanta, GA",GA,12060,"Atlanta-Sandy Springs-Roswell, GA",Metropolitan Statistical Area,12054,"Atlanta-Sandy Springs-Roswell, GA",122,"Atlanta--Athens-Clarke County--Sandy Springs, GA-AL",Heard County,Georgia,13,149
394347,"Atlanta, GA",GA,12060,"Atlanta-Sandy Springs-Roswell, GA",Metropolitan Statistical Area,12054,"Atlanta-Sandy Springs-Roswell, GA",122,"Atlanta--Athens-Clarke County--Sandy Springs, GA-AL",Henry County,Georgia,13,151
394347,"Atlanta, GA",GA,12060,"Atlanta-Sandy Springs-Roswell, GA",Metropolitan Statistical Area,12054,"Atlanta-Sandy Springs-Roswell, GA",122,"Atlanta--Athens-Clarke County--Sandy Springs, GA-AL",Jasper County,Georgia,13,159
394347,"Atlanta, GA",GA,12060,"Atlanta-Sandy Springs-Roswell, GA",Metropolitan Statistical Area,12054,"Atlanta-Sandy Springs-Roswell, GA",122,"Atlanta--Athens-Clarke County--Sandy Springs, GA-AL",Lumpkin County,Georgia,13,187
394347,"Atlanta, GA",GA,12060,"Atlanta-Sandy Springs-Roswell, GA",Metropolitan Statistical Area,12054,"Atlanta-Sandy Springs-Roswell, GA",122,"Atlanta--Athens-Clarke County--Sandy Springs, GA-AL",Meriwether County,Georgia,13,199
394347,"Atlanta, GA",GA,12060,"Atlanta-Sandy Springs-Roswell, GA",Metropolitan Statistical Area,12054,"Atlanta-Sandy Springs-Roswell, GA",122,"Atlanta--Athens-Clarke County--Sandy Springs, GA-AL",Morgan County,Georgia,13,211
394347,"Atlanta, GA",GA,12060,"Atlanta-Sandy Springs-Roswell, GA",Metropolitan Statistical Area,12054,"Atlanta-Sandy Springs-Roswell, GA",122,"Atlanta--Athens-Clarke County--Sandy Springs, GA-AL",Newton County,Georgia,13,217
394347,"Atlanta, GA",GA,12060,"Atlanta-Sandy Springs-Roswell, GA",Metropolitan Statistical Area,12054,"Atlanta-Sandy Springs-Roswell, GA",122,"Atlanta--Athens-Clarke County--Sandy Springs, GA-AL",Pickens County,Georgia,13,227
394347,"Atlanta, GA",GA,12060,"Atlanta-Sandy Springs-Roswell, GA",Metropolitan Statistical Area,12054,"Atlanta-Sandy Springs-Roswell, GA",122,"Atlanta--Athens-Clarke County--Sandy Springs, GA-AL",Pike County,Georgia,13,231
394347,"Atlanta, GA",GA,12060,"Atlanta-Sandy Springs-Roswell, GA",Metropolitan Statistical Area,12054,"Atlanta-Sandy Springs-Roswell, GA",122,"Atlanta--Athens-Clarke County--Sandy Springs, GA-AL",Rockdale County,Georgia,13,247
394347,"Atlanta, GA",GA,12060,"Atlanta-Sandy Springs-Roswell, GA",Metropolitan Statistical Area,12054,"Atlanta-Sandy Springs-Roswell, GA",122,"Atlanta--Athens-Clarke County--Sandy Springs, GA-AL",Spalding County,Georgia,13,255
394347,"Atlanta, GA",GA,12060,"Atlanta-Sandy Springs-Roswell, GA",Metropolitan Statistical Area,12054,"Atlanta-Sandy Springs-Roswell, GA",122,"Atlanta--Athens-Clarke County--Sandy Springs, GA-AL",Walton County,Georgia,13,297
394347,"Atlanta, GA",GA,12060,"Atlanta-Sandy Springs-Roswell, GA",Metropolitan Statistical Area,31924,"Marietta, GA",122,"Atlanta--Athens-Clarke County--Sandy Springs, GA-AL",Bartow County,Georgia,13,15
394347,"Atlanta, GA",GA,12060,"Atlanta-Sandy Springs-Roswell, GA",Metropolitan Statistical Area,31924,"Marietta, GA",122,"Atlanta--Athens-Clarke County--Sandy Springs, GA-AL",Cherokee County,Georgia,13,57
394347,"Atlanta, GA",GA,12060,"Atlanta-Sandy Springs-Roswell, GA",Metropolitan Statistical Area,31924,"Marietta, GA",122,"Atlanta--Athens-Clarke County--Sandy Springs, GA-AL",Cobb County,Georgia,13,67
394347,"Atlanta, GA",GA,12060,"Atlanta-Sandy Springs-Roswell, GA",Metropolitan Statistical Area,31924,"Marietta, GA",122,"Atlanta--Athens-Clarke County--Sandy Springs, GA-AL",Haralson County,Georgia,13,143
394347,"Atlanta, GA",GA,12060,"Atlanta-Sandy Springs-Roswell, GA",Metropolitan Statistical Area,31924,"Marietta, GA",122,"Atlanta--Athens-Clarke County--Sandy Springs, GA-AL",Paulding County,Georgia,13,223
394404,"Boston, MA",MA,14460,"Boston-Cambridge-Newton, MA-NH",Metropolitan Statistical Area,14454,"Boston, MA",148,"Boston-Worcester-Providence, MA-RI-NH",Norfolk County,Massachusetts,25,21
394404,"Boston, MA",MA,14460,"Boston-Cambridge-Newton, MA-NH",Metropolitan Statistical Area,14454,"Boston, MA",148,"Boston-Worcester-Providence, MA-RI-NH",Plymouth County,Massachusetts,25,23
394404,"Boston, MA",MA,14460,"Boston-Cambridge-Newton, MA-NH",Metropolitan Statistical Area,14454,"Boston, MA",148,"Boston-Worcester-Providence, MA-RI-NH",Suffolk County,Massachusetts,25,25
394404,"Boston, MA",MA,14460,"Boston-Cambridge-Newton, MA-NH",Metropolitan Statistical Area,15764,"Cambridge-Newton-Framingham, MA",148,"Boston-Worcester-Providence, MA-RI-NH",Essex County,Massachusetts,25,9
394404,"Boston, MA",MA,14460,"Boston-Cambridge-Newton, MA-NH",Metropolitan Statistical Area,15764,"Cambridge-Newton-Framingham, MA",148,"Boston-Worcester-Providence, MA-RI-NH",Middlesex County,Massachusetts,25,17
394404,"Boston, MA",MA,14460,"Boston-Cambridge-Newton, MA-NH",Metropolitan Statistical Area,40484,"Rockingham County-Strafford County, NH",148,"Boston-Worcester-Providence, MA-RI-NH",Rockingham County,New Hampshire,33,15
394404,"Boston, MA",MA,14460,"Boston-Cambridge-Newton, MA-NH",Metropolitan Statistical Area,40484,"Rockingham County-Strafford County, NH",148,"Boston-Worcester-Providence, MA-RI-NH",Strafford County,New Hampshire,33,17
394976,"Phoenix, AZ",AZ,38060,"Phoenix-Mesa-Chandler, AZ",Metropolitan Statistical Area,,,429,"Phoenix-Mesa, AZ",Maricopa County,Arizona,4,13
394976,"Phoenix, AZ",AZ,38060,"Phoenix-Mesa-Chandler, AZ",Metropolitan Statistical Area,,,429,"Phoenix-Mesa, AZ",Pinal County,Arizona,4,21
395057,"San Francisco, CA",CA,41860,"San Francisco-Oakland-Fremont, CA",Metropolitan Statistical Area,36084,"Oakland-Fremont-Berkeley, CA",488,"San Jose-San Francisco-Oakland, CA",Alameda County,California,6,1
395057,"San Francisco, CA",CA,41860,"San Francisco-Oakland-Fremont, CA",Metropolitan Statistical Area,36084,"Oakland-Fremont-Berkeley, CA",488,"San Jose-San Francisco-Oakland, CA",Contra Costa County,California,6,13
395057,"San Francisco, CA",CA,41860,"San Francisco-Oakland-Fremont, CA",Metropolitan Statistical Area,41884,"San Francisco-San Mateo-Redwood City, CA",488,"San Jose-San Francisco-Oakland, CA",San Francisco County,California,6,75
395057,"San Francisco, CA",CA,41860,"San Francisco-Oakland-Fremont, CA",Metropolitan Statistical Area,41884,"San Francisco-San Mateo-Redwood City, CA",488,"San Jose-San Francisco-Oakland, CA",San Mateo County,California,6,81
395057,"San Francisco, CA",CA,41860,"San Francisco-Oakland-Fremont, CA",Metropolitan Statistical Area,42034,"San Rafael, CA",488,"San Jose-San Francisco-Oakland, CA",Marin County,California,6,41
395025,"Riverside, CA",CA,40140,"Riverside-San Bernardino-Ontario, CA",Metropolitan Statistical Area,,,348,"Los Angeles-Long Beach, CA",Riverside County,California,6,65
395025,"Riverside, CA",CA,40140,"Riverside-San Bernardino-Ontario, CA",Metropolitan Statistical Area,,,348,"Los Angeles-Long Beach, CA",San Bernardino County,California,6,71
394532,"Detroit, MI",MI,19820,"Detroit-Warren-Dearborn, MI",Metropolitan Statistical Area,19804,"Detroit-Dearborn-Livonia, MI",220,"Detroit-Warren-Ann Arbor, MI",Wayne County,Michigan,26,163
394532,"Detroit, MI",MI,19820,"Detroit-Warren-Dearborn, MI",Metropolitan Statistical Area,47664,"Warren-Troy-Farmington Hills, MI",220,"Detroit-Warren-Ann Arbor, MI",Lapeer County,Michigan,26,87
394532,"Detroit, MI",MI,19820,"Detroit-Warren-Dearborn, MI",Metropolitan Statistical Area,47664,"Warren-Troy-Farmington Hills, MI",220,"Detroit-Warren-Ann Arbor, MI",Livingston County,Michigan,26,93
394532,"Detroit, MI",MI,19820,"Detroit-Warren-Dearborn, MI",Metropolitan Statistical Area,47664,"Warren-Troy-Farmington Hills, MI",220,"Detroit-Warren-Ann Arbor, MI",Macomb County,Michigan,26,99
394532,"Detroit, MI",MI,19820,"Detroit-Warren-Dearborn, MI",Metropolitan Statistical Area,47664,"Warren-Troy-Farmington Hills, MI",220,"Detroit-Warren-Ann Arbor, MI",Oakland County,Michigan,26,125
394532,"Detroit, MI",MI,19820,"Detroit-Warren-Dearborn, MI",Metropolitan Statistical Area,47664,"Warren-Troy-Farmington Hills, MI",220,"Detroit-Warren-Ann Arbor, MI",St. Clair County,Michigan,26,147
395078,"Seattle, WA",WA,42660,"Seattle-Tacoma-Bellevue, WA",Metropolitan Statistical Area,21794,"Everett, WA",500,"Seattle-Tacoma, WA",Snohomish County,Washington,53,61
395078,"Seattle, WA",WA,42660,"Seattle-Tacoma-Bellevue, WA",Metropolitan Statistical Area,42644,"Seattle-Bellevue-Kent, WA",500,"Seattle-Tacoma, WA",King County,Washington,53,33
395078,"Seattle, WA",WA,42660,"Seattle-Tacoma-Bellevue, WA",Metropolitan Statistical Area,45104,"Tacoma-Lakewood, WA",500,"Seattle-Tacoma, WA",Pierce County,Washington,53,53
394865,"Minneapolis, MN",MN,33460,"Minneapolis-St. Paul-Bloomington, MN-WI",Metropolitan Statistical Area,,,378,"Minneapolis-St. Paul, MN-WI",Anoka County,Minnesota,27,3
394865,"Minneapolis, MN",MN,33460,"Minneapolis-St. Paul-Bloomington, MN-WI",Metropolitan Statistical Area,,,378,"Minneapolis-St. Paul, MN-WI",Carver County,Minnesota,27,19
394865,"Minneapolis, MN",MN,33460,"Minneapolis-St. Paul-Bloomington, MN-WI",Metropolitan Statistical Area,,,378,"Minneapolis-St. Paul, MN-WI",Chisago County,Minnesota,27,25
394865,"Minneapolis, MN",MN,33460,"Minneapolis-St. Paul-Bloomington, MN-WI",Metropolitan Statistical Area,,,378,"Minneapolis-St. Paul, MN-WI",Dakota County,Minnesota,27,37
394865,"Minneapolis, MN",MN,33460,"Minneapolis-St. Paul-Bloomington, MN-WI",Metropolitan Statistical Area,,,378,"Minneapolis-St. Paul, MN-WI",Hennepin County,Minnesota,27,53
394865,"Minneapolis, MN",MN,33460,"Minneapolis-St. Paul-Bloomington, MN-WI",Metropolitan Statistical Area,,,378,"Minneapolis-St. Paul, MN-WI",Isanti County,Minnesota,27,59
394865,"Minneapolis, MN",MN,33460,"Minneapolis-St. Paul-Bloomington, MN-WI",Metropolitan Statistical Area,,,378,"Minneapolis-St. Paul, MN-WI",Le Sueur County,Minnesota,27,79
394865,"Minneapolis, MN",MN,33460,"Minneapolis-St. Paul-Bloomington, MN-WI",Metropolitan Statistical Area,,,378,"Minneapolis-St. Paul, MN-WI",Mille Lacs County,Minnesota,27,95
394865,"Minneapolis, MN",MN,33460,"Minneapolis-St. Paul-Bloomington, MN-WI",Metropolitan Statistical Area,,,378,"Minneapolis-St. Paul, MN-WI",Ramsey County,Minnesota,27,123
394865,"Minneapolis, MN",MN,33460,"Minneapolis-St. Paul-Bloomington, MN-WI",Metropolitan Statistical Area,,,378,"Minneapolis-St. Paul, MN-WI",Scott County,Minnesota,27,139
394865,"Minneapolis, MN",MN,33460,"Minneapolis-St. Paul-Bloomington, MN-WI",Metropolitan Statistical Area,,,378,"Minneapolis-St. Paul, MN-WI",Sherburne County,Minnesota,27,141
394865,"Minneapolis, MN",MN,33460,"Minneapolis-St. Paul-Bloomington, MN-WI",Metropolitan Statistical Area,,,378,"Minneapolis-St. Paul, MN-WI",Washington County,Minnesota,27,163
394865,"Minneapolis, MN",MN,33460,"Minneapolis-St. Paul-Bloomington, MN-WI",Metropolitan Statistical Area,,,378,"Minneapolis-St. Paul, MN-WI",Wright County,Minnesota,27,171
394865,"Minneapolis, MN",MN,33460,"Minneapolis-St. Paul-Bloomington, MN-WI",Metropolitan Statistical Area,,,378,"Minneapolis-St. Paul, MN-WI",Pierce County,Wisconsin,55,93
394865,"Minneapolis, MN",MN,33460,"Minneapolis-St. Paul-Bloomington, MN-WI",Metropolitan Statistical Area,,,378,"Minneapolis-St. Paul, MN-WI",St. Croix County,Wisconsin,55,109
395056,"San Diego, CA",CA,41740,"San Diego-Chula Vista-Carlsbad, CA",Metropolitan Statistical Area,,,,,San Diego County,California,6,73
395148,"Tampa, FL",FL,45300,"Tampa-St. Petersburg-Clearwater, FL",Metropolitan Statistical Area,41304,"St. Petersburg-Clearwater-Largo, FL",,,Pinellas County,Florida,12,103
395148,"Tampa, FL",FL,45300,"Tampa-St. Petersburg-Clearwater, FL",Metropolitan Statistical Area,45294,"Tampa, FL",,,Hernando County,Florida,12,53
395148,"Tampa, FL",FL,45300,"Tampa-St. Petersburg-Clearwater, FL",Metropolitan Statistical Area,45294,"Tampa, FL",,,Hillsborough County,Florida,12,57
395148,"Tampa, FL",FL,45300,"Tampa-St. Petersburg-Clearwater, FL",Metropolitan Statistical Area,45294,"Tampa, FL",,,Pasco County,Florida,12,101
394530,"Denver, CO",CO,19740,"Denver-Aurora-Centennial, CO",Metropolitan Statistical Area,,,216,"Denver-Aurora-Greeley, CO",Adams County,Colorado,8,1
394530,"Denver, CO",CO,19740,"Denver-Aurora-Centennial, CO",Metropolitan Statistical Area,,,216,"Denver-Aurora-Greeley, CO",Arapahoe County,Colorado,8,5
394530,"Denver, CO",CO,19740,"Denver-Aurora-Centennial, CO",Metropolitan Statistical Area,,,216,"Denver-Aurora-Greeley, CO",Broomfield County,Colorado,8,14
394530,"Denver, CO",CO,19740,"Denver-Aurora-Centennial, CO",Metropolitan Statistical Area,,,216,"Denver-Aurora-Greeley, CO",Clear Creek County,Colorado,8,19
394530,"Denver, CO",CO,19740,"Denver-Aurora-Centennial, CO",Metropolitan Statistical Area,,,216,"Denver-Aurora-Greeley, CO",Denver County,Colorado,8,31
394530,"Denver, CO",CO,19740,"Denver-Aurora-Centennial, CO",Metropolitan Statistical Area,,,216,"Denver-Aurora-Greeley, CO",Douglas County,Colorado,8,35
394530,"Denver, CO",CO,19740,"Denver-Aurora-Centennial, CO",Metropolitan Statistical Area,,,216,"Denver-Aurora-Greeley, CO",Elbert County,Colorado,8,39
394530,"Denver, CO",CO,19740,"Denver-Aurora-Centennial, CO",Metropolitan Statistical Area,,,216,"Denver-Aurora-Greeley, CO",Gilpin County,Colorado,8,47
394530,"Denver, CO",CO,19740,"Denver-Aurora-Centennial, CO",Metropolitan Statistical Area,,,216,"Denver-Aurora-Greeley, CO",Jefferson County,Colorado,8,59
394530,"Denver, CO",CO,19740,"Denver-Aurora-Centennial, CO",Metropolitan Statistical Area,,,216,"Denver-Aurora-Greeley, CO",Park County,Colorado,8,93
394358,"Baltimore, MD",MD,12580,"Baltimore-Columbia-Towson, MD",Metropolitan Statistical Area,,,548,"Washington-Baltimore-Arlington, DC-MD-VA-WV-PA",Anne Arundel County,Maryland,24,3
394358,"Baltimore, MD",MD,12580,"Baltimore-Columbia-Towson, MD",Metropolitan Statistical Area,,,548,"Washington-Baltimore-Arlington, DC-MD-VA-WV-PA",Baltimore County,Maryland,24,5
394358,"Baltimore, MD",MD,12580,"Baltimore-Columbia-Towson, MD",Metropolitan Statistical Area,,,548,"Washington-Baltimore-Arlington, DC-MD-VA-WV-PA",Carroll County,Maryland,24,13
394358,"Baltimore, MD",MD,12580,"Baltimore-Columbia-Towson, MD",Metropolitan Statistical Area,,,548,"Washington-Baltimore-Arlington, DC-MD-VA-WV-PA",Harford County,Maryland,24,25
394358,"Baltimore, MD",MD,12580,"Baltimore-Columbia-Towson, MD",Metropolitan Statistical Area,,,548,"Washington-Baltimore-Arlington, DC-MD-VA-WV-PA",Howard County,Maryland,24,27
394358,"Baltimore, MD",MD,12580,"Baltimore-Columbia-Towson, MD",Metropolitan Statistical Area,,,548,"Washington-Baltimore-Arlington, DC-MD-VA-WV-PA",Queen Anne's County,Maryland,24,35
394358,"Baltimore, MD",MD,12580,"Baltimore-Columbia-Towson, MD",Metropolitan Statistical Area,,,548,"Washington-Baltimore-Arlington, DC-MD-VA-WV-PA",Baltimore city,Maryland,24,510
395121,"St. Louis, MO",MO,41180,"St. Louis, MO-IL",Metropolitan Statistical Area,,,476,"St. Louis-St. Charles-Farmington, MO-IL",Bond County,Illinois,17,5
395121,"St. Louis, MO",MO,41180,"St. Louis, MO-IL",Metropolitan Statistical Area,,,476,"St. Louis-St. Charles-Farmington, MO-IL",Calhoun County,Illinois,17,13
395121,"St. Louis, MO",MO,41180,"St. Louis, MO-IL",Metropolitan Statistical Area,,,476,"St. Louis-St. Charles-Farmington, MO-IL",Clinton County,Illinois,17,27
395121,"St. Louis, MO",MO,41180,"St. Louis, MO-IL",Metropolitan Statistical Area,,,476,"St. Louis-St. Charles-Farmington, MO-IL",Jersey County,Illinois,17,83
395121,"St. Louis, MO",MO,41180,"St. Louis, MO-IL",Metropolitan Statistical Area,,,476,"St. Louis-St. Charles-Farmington, MO-IL",Macoupin County,Illinois,17,117
395121,"St. Louis, MO",MO,41180,"St. Louis, MO-IL",Metropolitan Statistical Area,,,476,"St. Louis-St. Charles-Farmington, MO-IL",Madison County,Illinois,17,119
395121,"St. Louis, MO",MO,41180,"St. Louis, MO-IL",Metropolitan Statistical Area,,,476,"St. Louis-St. Charles-Farmington, MO-IL",Monroe County,Illinois,17,133
395121,"St. Louis, MO",MO,41180,"St. Louis, MO-IL",Metropolitan Statistical Area,,,476,"St. Louis-St. Charles-Farmington, MO-IL",St. Clair County,Illinois,17,163
395121,"St. Louis, MO",MO,41180,"St. Louis, MO-IL",Metropolitan Statistical Area,,,476,"St. Louis-St. Charles-Farmington, MO-IL",Franklin County,Missouri,29,71
395121,"St. Louis, MO",MO,41180,"St. Louis, MO-IL",Metropolitan Statistical Area,,,476,"St. Louis-St. Charles-Farmington, MO-IL",Jefferson County,Missouri,29,99
395121,"St. Louis, MO",MO,41180,"St. Louis, MO-IL",Metropolitan Statistical Area,,,476,"St. Louis-St. Charles-Farmington, MO-IL",Lincoln County,Missouri,29,113
395121,"St. Louis, MO",MO,41180,"St. Louis, MO-IL",Metropolitan Statistical Area,,,476,"St. Louis-St. Charles-Farmington, MO-IL",St. Charles County,Missouri,29,183
395121,"St. Louis, MO",MO,41180,"St. Louis, MO-IL",Metropolitan Statistical Area,,,476,"St. Louis-St. Charles-Farmington, MO-IL",St. Louis County,Missouri,29,189
395121,"St. Louis, MO",MO,41180,"St. Louis, MO-IL",Metropolitan Statistical Area,,,476,"St. Louis-St. Charles-Farmington, MO-IL",Warren County,Missouri,29,219
395121,"St. Louis, MO",MO,41180,"St. Louis, MO-IL",Metropolitan Statistical Area,,,476,"St. Louis-St. Charles-Farmington, MO-IL",St. Louis city,Missouri,29,510
394943,"Orlando, FL",FL,36740,"Orlando-Kissimmee-Sanford, FL",Metropolitan Statistical Area,,,422,"Orlando-Lakeland-Deltona, FL",Lake County,Florida,12,69
394943,"Orlando, FL",FL,36740,"Orlando-Kissimmee-Sanford, FL",Metropolitan Statistical Area,,,422,"Orlando-Lakeland-Deltona, FL",Orange County,Florida,12,95
394943,"Orlando, FL",FL,36740,"Orlando-Kissimmee-Sanford, FL",Metropolitan Statistical Area,,,422,"Orlando-Lakeland-Deltona, FL",Osceola County,Florida,12,97
394943,"Orlando, FL",FL,36740,"Orlando-Kissimmee-Sanford, FL",Metropolitan Statistical Area,,,422,"Orlando-Lakeland-Deltona, FL",Seminole County,Florida,12,117
394458,"Charlotte, NC",NC,16740,"Charlotte-Concord-Gastonia, NC-SC",Metropolitan Statistical Area,,,172,"Charlotte-Concord, NC-SC",Anson County,North Carolina,37,7
394458,"Charlotte, NC",NC,16740,"Charlotte-Concord-Gastonia, NC-SC",Metropolitan Statistical Area,,,172,"Charlotte-Concord, NC-SC",Cabarrus County,North Carolina,37,25
394458,"Charlotte, NC",NC,16740,"Charlotte-Concord-Gastonia, NC-SC",Metropolitan Statistical Area,,,172,"Charlotte-Concord, NC-SC",Gaston County,North Carolina,37,71
394458,"Charlotte, NC",NC,16740,"Charlotte-Concord-Gastonia, NC-SC",Metropolitan Statistical Area,,,172,"Charlotte-Concord, NC-SC",Iredell County,North Carolina,37,97
394458,"Charlotte, NC",NC,16740,"Charlotte-Concord-Gastonia, NC-SC",Metropolitan Statistical Area,,,172,"Charlotte-Concord, NC-SC",Lincoln County,North Carolina,37,109
394458,"Charlotte, NC",NC,16740,"Charlotte-Concord-Gastonia, NC-SC",Metropolitan Statistical Area,,,172,"Charlotte-Concord, NC-SC",Mecklenburg County,North Carolina,37,119
394458,"Charlotte, NC",NC,16740,"Charlotte-Concord-Gastonia, NC-SC",Metropolitan Statistical Area,,,172,"Charlotte-Concord, NC-SC",Rowan County,North Carolina,37,159
394458,"Charlotte, NC",NC,16740,"Charlotte-Concord-Gastonia, NC-SC",Metropolitan Statistical Area,,,172,"Charlotte-Concord, NC-SC",Union County,North Carolina,37,179
394458,"Charlotte, NC",NC,16740,"Charlotte-Concord-Gastonia, NC-SC",Metropolitan Statistical Area,,,172,"Charlotte-Concord, NC-SC",Chester County,South Carolina,45,23
394458,"Charlotte, NC",NC,16740,"Charlotte-Concord-Gastonia, NC-SC",Metropolitan Statistical Area,,,172,"Charlotte-Concord, NC-SC",Lancaster County,South Carolina,45,57
394458,"Charlotte, NC",NC,16740,"Charlotte-Concord-Gastonia, NC-SC",Metropolitan Statistical Area,,,172,"Charlotte-Concord, NC-SC",York County,South Carolina,45,91
395055,"San Antonio, TX",TX,41700,"San Antonio-New Braunfels, TX",Metropolitan Statistical Area,,,484,"San Antonio-New Braunfels-Kerrville, TX",Atascosa County,Texas,48,13
395055,"San Antonio, TX",TX,41700,"San Antonio-New Braunfels, TX",Metropolitan Statistical Area,,,484,"San Antonio-New Braunfels-Kerrville, TX",Bandera County,Texas,48,19
395055,"San Antonio, TX",TX,41700,"San Antonio-New Braunfels, TX",Metropolitan Statistical Area,,,484,"San Antonio-New Braunfels-Kerrville, TX",Bexar County,Texas,48,29
395055,"San Antonio, TX",TX,41700,"San Antonio-New Braunfels, TX",Metropolitan Statistical Area,,,484,"San Antonio-New Braunfels-Kerrville, TX",Comal County,Texas,48,91
395055,"San Antonio, TX",TX,41700,"San Antonio-New Braunfels, TX",Metropolitan Statistical Area,,,484,"San Antonio-New Braunfels-Kerrville, TX",Guadalupe County,Texas,48,187
395055,"San Antonio, TX",TX,41700,"San Antonio-New Braunfels, TX",Metropolitan Statistical Area,,,484,"San Antonio-New Braunfels-Kerrville, TX",Kendall County,Texas,48,259
395055,"San Antonio, TX",TX,41700,"San Antonio-New Braunfels, TX",Metropolitan Statistical Area,,,484,"San Antonio-New Braunfels-Kerrville, TX",Medina County,Texas,48,325
395055,"San Antonio, TX",TX,41700,"San Antonio-New Braunfels, TX",Metropolitan Statistical Area,,,484,"San Antonio-New Braunfels-Kerrville, TX",Wilson County,Texas,48,493
394998,"Portland, OR",OR,38900,"Portland-Vancouver-Hillsboro, OR-WA",Metropolitan Statistical Area,,,440,"Portland-Vancouver-Salem, OR-WA",Clackamas County,Oregon,41,5
394998,"Portland, OR",OR,38900,"Portland-Vancouver-Hillsboro, OR-WA",Metropolitan Statistical Area,,,440,"Portland-Vancouver-Salem, OR-WA",Columbia County,Oregon,41,9
394998,"Portland, OR",OR,38900,"Portland-Vancouver-Hillsboro, OR-WA",Metropolitan Statistical Area,,,440,"Portland-Vancouver-Salem, OR-WA",Multnomah County,Oregon,41,51
394998,"Portland, OR",OR,38900,"Portland-Vancouver-Hillsboro, OR-WA",Metropolitan Statistical Area,,,440,"Portland-Vancouver-Salem, OR-WA",Washington County,Oregon,41,67
394998,"Portland, OR",OR,38900,"Portland-Vancouver-Hillsboro, OR-WA",Metropolitan Statistical Area,,,440,"Portland-Vancouver-Salem, OR-WA",Yamhill County,Oregon,41,71
394998,"Portland, OR",OR,38900,"Portland-Vancouver-Hillsboro, OR-WA",Metropolitan Statistical Area,,,440,"Portland-Vancouver-Salem, OR-WA",Clark County,Washington,53,11
394998,"Portland, OR",OR,38900,"Portland-Vancouver-Hillsboro, OR-WA",Metropolitan Statistical Area,,,440,"Portland-Vancouver-Salem, OR-WA",Skamania County,Washington,53,59
395045,"Sacramento, CA",CA,40900,"Sacramento-Roseville-Folsom, CA",Metropolitan Statistical Area,,,472,"Sacramento-Roseville, CA",El Dorado County,California,6,17
395045,"Sacramento, CA",CA,40900,"Sacramento-Roseville-Folsom, CA",Metropolitan Statistical Area,,,472,"Sacramento-Roseville, CA",Placer County,California,6,61
395045,"Sacramento, CA",CA,40900,"Sacramento-Roseville-Folsom, CA",Metropolitan Statistical Area,,,472,"Sacramento-Roseville, CA",Sacramento County,California,6,67
395045,"Sacramento, CA",CA,40900,"Sacramento-Roseville-Folsom, CA",Metropolitan Statistical Area,,,472,"Sacramento-Roseville, CA",Yolo County,California,6,113
394982,"Pittsburgh, PA",PA,38300,"Pittsburgh, PA",Metropolitan Statistical Area,,,430,"Pittsburgh-Weirton-Steubenville, PA-OH-WV",Allegheny County,Pennsylvania,42,3
394982,"Pittsburgh, PA",PA,38300,"Pittsburgh, PA",Metropolitan Statistical Area,,,430,"Pittsburgh-Weirton-Steubenville, PA-OH-WV",Armstrong County,Pennsylvania,42,5
394982,"Pittsburgh, PA",PA,38300,"Pittsburgh, PA",Metropolitan Statistical Area,,,430,"Pittsburgh-Weirton-Steubenville, PA-OH-WV",Beaver County,Pennsylvania,42,7
394982,"Pittsburgh, PA",PA,38300,"Pittsburgh, PA",Metropolitan Statistical Area,,,430,"Pittsburgh-Weirton-Steubenville, PA-OH-WV",Butler County,Pennsylvania,42,19
394982,"Pittsburgh, PA",PA,38300,"Pittsburgh, PA",Metropolitan Statistical Area,,,430,"Pittsburgh-Weirton-Steubenville, PA-OH-WV",Fayette County,Pennsylvania,42,51
394982,"Pittsburgh, PA",PA,38300,"Pittsburgh, PA",Metropolitan Statistical Area,,,430,"Pittsburgh-Weirton-Steubenville, PA-OH-WV",Lawrence County,Pennsylvania,42,73
394982,"Pittsburgh, PA",PA,38300,"Pittsburgh, PA",Metropolitan Statistical Area,,,430,"Pittsburgh-Weirton-Steubenville, PA-OH-WV",Washington County,Pennsylvania,42,125
394982,"Pittsburgh, PA",PA,38300,"Pittsburgh, PA",Metropolitan Statistical Area,,,430,"Pittsburgh-Weirton-Steubenville, PA-OH-WV",Westmoreland County,Pennsylvania,42,129
394466,"Cincinnati, OH",OH,17140,"Cincinnati, OH-KY-IN",Metropolitan Statistical Area,,,178,"Cincinnati-Wilmington, OH-KY-IN",Dearborn County,Indiana,18,29
394466,"Cincinnati, OH",OH,17140,"Cincinnati, OH-KY-IN",Metropolitan Statistical Area,,,178,"Cincinnati-Wilmington, OH-KY-IN",Franklin County,Indiana,18,47
394466,"Cincinnati, OH",OH,17140,"Cincinnati, OH-KY-IN",Metropolitan Statistical Area,,,178,"Cincinnati-Wilmington, OH-KY-IN",Ohio County,Indiana,18,115
394466,"Cincinnati, OH",OH,17140,"Cincinnati, OH-KY-IN",Metropolitan Statistical Area,,,178,"Cincinnati-Wilmington, OH-KY-IN",Boone County,Kentucky,21,15
394466,"Cincinnati, OH",OH,17140,"Cincinnati, OH-KY-IN",Metropolitan Statistical Area,,,178,"Cincinnati-Wilmington, OH-KY-IN",Bracken County,Kentucky,21,23
394466,"Cincinnati, OH",OH,17140,"Cincinnati, OH-KY-IN",Metropolitan Statistical Area,,,178,"Cincinnati-Wilmington, OH-KY-IN",Campbell County,Kentucky,21,37
394466,"Cincinnati, OH",OH,17140,"Cincinnati, OH-KY-IN",Metropolitan Statistical Area,,,178,"Cincinnati-Wilmington, OH-KY-IN",Gallatin County,Kentucky,21,77
394466,"Cincinnati, OH",OH,17140,"Cincinnati, OH-KY-IN",Metropolitan Statistical Area,,,178,"Cincinnati-Wilmington, OH-KY-IN",Grant County,Kentucky,21,81
394466,"Cincinnati, OH",OH,17140,"Cincinnati, OH-KY-IN",Metropolitan Statistical Area,,,178,"Cincinnati-Wilmington, OH-KY-IN",Kenton County,Kentucky,21,117
394466,"Cincinnati, OH",OH,17140,"Cincinnati, OH-KY-IN",Metropolitan Statistical Area,,,178,"Cincinnati-Wilmington, OH-KY-IN",Pendleton County,Kentucky,21,191
394466,"Cincinnati, OH",OH,17140,"Cincinnati, OH-KY-IN",Metropolitan Statistical Area,,,178,"Cincinnati-Wilmington, OH-KY-IN",Brown County,Ohio,39,15
394466,"Cincinnati, OH",OH,17140,"Cincinnati, OH-KY-IN",Metropolitan Statistical Area,,,178,"Cincinnati-Wilmington, OH-KY-IN",Butler County,Ohio,39,17
394466,"Cincinnati, OH",OH,17140,"Cincinnati, OH-KY-IN",Metropolitan Statistical Area,,,178,"Cincinnati-Wilmington, OH-KY-IN",Clermont County,Ohio,39,25
394466,"Cincinnati, OH",OH,17140,"Cincinnati, OH-KY-IN",Metropolitan Statistical Area,,,178,"Cincinnati-Wilmington, OH-KY-IN",Hamilton County,Ohio,39,61
394466,"Cincinnati, OH",OH,17140,"Cincinnati, OH-KY-IN",Metropolitan Statistical Area,,,178,"Cincinnati-Wilmington, OH-KY-IN",Warren County,Ohio,39,165
394355,"Austin, TX",TX,12420,"Austin-Round Rock-San Marcos, TX",Metropolitan Statistical Area,,,,,Bastrop County,Texas,48,21
394355,"Austin, TX",TX,12420,"Austin-Round Rock-San Marcos, TX",Metropolitan Statistical Area,,,,,Caldwell County,Texas,48,55
394355,"Austin, TX",TX,12420,"Austin-Round Rock-San Marcos, TX",Metropolitan Statistical Area,,,,,Hays County,Texas,48,209
394355,"Austin, TX",TX,12420,"Austin-Round Rock-San Marcos, TX",Metropolitan Statistical Area,,,,,Travis County,Texas,48,453
394355,"Austin, TX",TX,12420,"Austin-Round Rock-San Marcos, TX",Metropolitan Statistical Area,,,,,Williamson County,Texas,48,491
394775,"Las Vegas, NV",NV,29820,"Las Vegas-Henderson-North Las Vegas, NV",Metropolitan Statistical Area,,,332,"Las Vegas-Henderson, NV",Clark County,Nevada,32,3
394735,"Kansas City, MO",MO,28140,"Kansas City, MO-KS",Metropolitan Statistical Area,,,312,"Kansas City-Overland Park-Kansas City, MO-KS",Johnson County,Kansas,20,91
394735,"Kansas City, MO",MO,28140,"Kansas City, MO-KS",Metropolitan Statistical Area,,,312,"Kansas City-Overland Park-Kansas City, MO-KS",Leavenworth County,Kansas,20,103
394735,"Kansas City, MO",MO,28140,"Kansas City, MO-KS",Metropolitan Statistical Area,,,312,"Kansas City-Overland Park-Kansas City, MO-KS",Linn County,Kansas,20,107
394735,"Kansas City, MO",MO,28140,"Kansas City, MO-KS",Metropolitan Statistical Area,,,312,"Kansas City-Overland Park-Kansas City, MO-KS",Miami County,Kansas,20,121
394735,"Kansas City, MO",MO,28140,"Kansas City, MO-KS",Metropolitan Statistical Area,,,312,"Kansas City-Overland Park-Kansas City, MO-KS",Wyandotte County,Kansas,20,209
394735,"Kansas City, MO",MO,28140,"Kansas City, MO-KS",Metropolitan Statistical Area,,,312,"Kansas City-Overland Park-Kansas City, MO-KS",Bates County,Missouri,29,13
394735,"Kansas City, MO",MO,28140,"Kansas City, MO-KS",Metropolitan Statistical Area,,,312,"Kansas City-Overland Park-Kansas City, MO-KS",Caldwell County,Missouri,29,25
394735,"Kansas City, MO",MO,28140,"Kansas City, MO-KS",Metropolitan Statistical Area,,,312,"Kansas City-Overland Park-Kansas City, MO-KS",Cass County,Missouri,29,37
394735,"Kansas City, MO",MO,28140,"Kansas City, MO-KS",Metropolitan Statistical Area,,,312,"Kansas City-Overland Park-Kansas City, MO-KS",Clay County,Missouri,29,47
394735,"Kansas City, MO",MO,28140,"Kansas City, MO-KS",Metropolitan Statistical Area,,,312,"Kansas City-Overland Park-Kansas City, MO-KS",Clinton County,Missouri,29,49
394735,"Kansas City, MO",MO,28140,"Kansas City, MO-KS",Metropolitan Statistical Area,,,312,"Kansas City-Overland Park-Kansas City, MO-KS",Jackson County,Missouri,29,95
394735,"Kansas City, MO",MO,28140,"Kansas City, MO-KS",Metropolitan Statistical Area,,,312,"Kansas City-Overland Park-Kansas City, MO-KS",Lafayette County,Missouri,29,107
394735,"Kansas City, MO",MO,28140,"Kansas City, MO-KS",Metropolitan Statistical Area,,,312,"Kansas City-Overland Park-Kansas City, MO-KS",Platte County,Missouri,29,165
394735,"Kansas City, MO",MO,28140,"Kansas City, MO-KS",Metropolitan Statistical Area,,,312,"Kansas City-Overland Park-Kansas City, MO-KS",Ray County,Missouri,29,177
394492,"Columbus, OH",OH,18140,"Columbus, OH",Metropolitan Statistical Area,,,198,"Columbus-Marion-Zanesville, OH",Delaware County,Ohio,39,41
394492,"Columbus, OH",OH,18140,"Columbus, OH",Metropolitan Statistical Area,,,198,"Columbus-Marion-Zanesville, OH",Fairfield County,Ohio,39,45
394492,"Columbus, OH",OH,18140,"Columbus, OH",Metropolitan Statistical Area,,,198,"Columbus-Marion-Zanesville, OH",Franklin County,Ohio,39,49
394492,"Columbus, OH",OH,18140,"Columbus, OH",Metropolitan Statistical Area,,,198,"Columbus-Marion-Zanesville, OH",Hocking County,Ohio,39,73
394492,"Columbus, OH",OH,18140,"Columbus, OH",Metropolitan Statistical Area,,,198,"Columbus-Marion-Zanesville, OH",Licking County,Ohio,39,89
394492,"Columbus, OH",OH,18140,"Columbus, OH",Metropolitan Statistical Area,,,198,"Columbus-Marion-Zanesville, OH",Madison County,Ohio,39,97
394492,"Columbus, OH",OH,18140,"Columbus, OH",Metropolitan Statistical Area,,,198,"Columbus-Marion-Zanesville, OH",Morrow County,Ohio,39,117
394492,"Columbus, OH",OH,18140,"Columbus, OH",Metropolitan Statistical Area,,,198,"Columbus-Marion-Zanesville, OH",Perry County,Ohio,39,127
394492,"Columbus, OH",OH,18140,"Columbus, OH",Metropolitan Statistical Area,,,198,"Columbus-Marion-Zanesville, OH",Pickaway County,Ohio,39,129
394492,"Columbus, OH",OH,18140,"Columbus, OH",Metropolitan Statistical Area,,,198,"Columbus-Marion-Zanesville, OH",Union County,Ohio,39,159
394705,"Indianapolis, IN",IN,26900,"Indianapolis-Carmel-Greenwood, IN",Metropolitan Statistical Area,,,294,"Indianapolis-Carmel-Muncie, IN",Boone County,Indiana,18,11
394705,"Indianapolis, IN",IN,26900,"Indianapolis-Carmel-Greenwood, IN",Metropolitan Statistical Area,,,294,"Indianapolis-Carmel-Muncie, IN",Brown County,Indiana,18,13
394705,"Indianapolis, IN",IN,26900,"Indianapolis-Carmel-Greenwood, IN",Metropolitan Statistical Area,,,294,"Indianapolis-Carmel-Muncie, IN",Hamilton County,Indiana,18,57
394705,"Indianapolis, IN",IN,26900,"Indianapolis-Carmel-Greenwood, IN",Metropolitan Statistical Area,,,294,"Indianapolis-Carmel-Muncie, IN",Hancock County,Indiana,18,59
394705,"Indianapolis, IN",IN,26900,"Indianapolis-Carmel-Greenwood, IN",Metropolitan Statistical Area,,,294,"Indianapolis-Carmel-Muncie, IN",Hendricks County,Indiana,18,63
394705,"Indianapolis, IN",IN,26900,"Indianapolis-Carmel-Greenwood, IN",Metropolitan Statistical Area,,,294,"Indianapolis-Carmel-Muncie, IN",Johnson County,Indiana,18,81
394705,"Indianapolis, IN",IN,26900,"Indianapolis-Carmel-Greenwood, IN",Metropolitan Statistical Area,,,294,"Indianapolis-Carmel-Muncie, IN",Madison County,Indiana,18,95
394705,"Indianapolis, IN",IN,26900,"Indianapolis-Carmel-Greenwood, IN",Metropolitan Statistical Area,,,294,"Indianapolis-Carmel-Muncie, IN",Marion County,Indiana,18,97
394705,"Indianapolis, IN",IN,26900,"Indianapolis-Carmel-Greenwood, IN",Metropolitan Statistical Area,,,294,"Indianapolis-Carmel-Muncie, IN",Morgan County,Indiana,18,109
394705,"Indianapolis, IN",IN,26900,"Indianapolis-Carmel-Greenwood, IN",Metropolitan Statistical Area,,,294,"Indianapolis-Carmel-Muncie, IN",Shelby County,Indiana,18,145
394705,"Indianapolis, IN",IN,26900,"Indianapolis-Carmel-Greenwood, IN",Metropolitan Statistical Area,,,294,"Indianapolis-Carmel-Muncie, IN",Tipton County,Indiana,18,159
394475,"Cleveland, OH",OH,17410,"Cleveland, OH",Metropolitan Statistical Area,,,184,"Cleveland-Akron-Canton, OH",Ashtabula County,Ohio,39,7
394475,"Cleveland, OH",OH,17410,"Cleveland, OH",Metropolitan Statistical Area,,,184,"Cleveland-Akron-Canton, OH",Cuyahoga County,Ohio,39,35
394475,"Cleveland, OH",OH,17410,"Cleveland, OH",Metropolitan Statistical Area,,,184,"Cleveland-Akron-Canton, OH",Geauga County,Ohio,39,55
394475,"Cleveland, OH",OH,17410,"Cleveland, OH",Metropolitan Statistical Area,,,184,"Cleveland-Akron-Canton, OH",Lake County,Ohio,39,85
394475,"Cleveland, OH",OH,17410,"Cleveland, OH",Metropolitan Statistical Area,,,184,"Cleveland-Akron-Canton, OH",Lorain County,Ohio,39,93
394475,"Cleveland, OH",OH,17410,"Cleveland, OH",Metropolitan Statistical Area,,,184,"Cleveland-Akron-Canton, OH",Medina County,Ohio,39,103
395059,"San Jose, CA",CA,41940,"San Jose-Sunnyvale-Santa Clara, CA",Metropolitan Statistical Area,,,488,"San Jose-San Francisco-Oakland, CA",San Benito County,California,6,69
395059,"San Jose, CA",CA,41940,"San Jose-Sunnyvale-Santa Clara, CA",Metropolitan Statistical Area,,,488,"San Jose-San Francisco-Oakland, CA",Santa Clara County,California,6,85
394902,"Nashville, TN",TN,34980,"Nashville-Davidson--Murfreesboro--Franklin, TN",Metropolitan Statistical Area,,,400,"Nashville-Davidson--Murfreesboro, TN",Cannon County,Tennessee,47,15
394902,"Nashville, TN",TN,34980,"Nashville-Davidson--Murfreesboro--Franklin, TN",Metropolitan Statistical Area,,,400,"Nashville-Davidson--Murfreesboro, TN",Cheatham County,Tennessee,47,21
394902,"Nashville, TN",TN,34980,"Nashville-Davidson--Murfreesboro--Franklin, TN",Metropolitan Statistical Area,,,400,"Nashville-Davidson--Murfreesboro, TN",Davidson County,Tennessee,47,37
394902,"Nashville, TN",TN,34980,"Nashville-Davidson--Murfreesboro--Franklin, TN",Metropolitan Statistical Area,,,400,"Nashville-Davidson--Murfreesboro, TN",Dickson County,Tennessee,47,43
394902,"Nashville, TN",TN,34980,"Nashville-Davidson--Murfreesboro--Franklin, TN",Metropolitan Statistical Area,,,400,"Nashville-Davidson--Murfreesboro, TN",Hickman County,Tennessee,47,81
394902,"Nashville, TN",TN,34980,"Nashville-Davidson--Murfreesboro--Franklin, TN",Metropolitan Statistical Area,,,400,"Nashville-Davidson--Murfreesboro, TN",Macon County,Tennessee,47,111
394902,"Nashville, TN",TN,34980,"Nashville-Davidson--Murfreesboro--Franklin, TN",Metropolitan Statistical Area,,,400,"Nashville-Davidson--Murfreesboro, TN",Maury County,Tennessee,47,119
394902,"Nashville, TN",TN,34980,"Nashville-Davidson--Murfreesboro--Franklin, TN",Metropolitan Statistical Area,,,400,"Nashville-Davidson--Murfreesboro, TN",Robertson County,Tennessee,47,147
394902,"Nashville, TN",TN,34980,"Nashville-Davidson--Murfreesboro--Franklin, TN",Metropolitan Statistical Area,,,400,"Nashville-Davidson--Murfreesboro, TN",Rutherford County,Tennessee,47,149
394902,"Nashville, TN",TN,34980,"Nashville-Davidson--Murfreesboro--Franklin, TN",Metropolitan Statistical Area,,,400,"Nashville-Davidson--Murfreesboro, TN",Smith County,Tennessee,47,159
394902,"Nashville, TN",TN,34980,"Nashville-Davidson--Murfreesboro--Franklin, TN",Metropolitan Statistical Area,,,400,"Nashville-Davidson--Murfreesboro, TN",Sumner County,Tennessee,47,165
394902,"Nashville, TN",TN,34980,"Nashville-Davidson--Murfreesboro--Franklin, TN",Metropolitan Statistical Area,,,400,"Nashville-Davidson--Murfreesboro, TN",Trousdale County,Tennessee,47,169
394902,"Nashville, TN",TN,34980,"Nashville-Davidson--Murfreesboro--Franklin, TN",Metropolitan Statistical Area,,,400,"Nashville-Davidson--Murfreesboro, TN",Williamson County,Tennessee,47,187
394902,"Nashville, TN",TN,34980,"Nashville-Davidson--Murfreesboro--Franklin, TN",Metropolitan Statistical Area,,,400,"Nashville-Davidson--Murfreesboro, TN",Wilson County,Tennessee,47,189
395194,"Virginia Beach, VA",VA,47260,"Virginia Beach-Chesapeake-Norfolk, VA-NC",Metropolitan Statistical Area,,,545,"Virginia Beach-Chesapeake, VA-NC",Camden County,North Carolina,37,29
395194,"Virginia Beach, VA",VA,47260,"Virginia Beach-Chesapeake-Norfolk, VA-NC",Metropolitan Statistical Area,,,545,"Virginia Beach-Chesapeake, VA-NC",Currituck County,North Carolina,37,53
395194,"Virginia Beach, VA",VA,47260,"Virginia Beach-Chesapeake-Norfolk, VA-NC",Metropolitan Statistical Area,,,545,"Virginia Beach-Chesapeake, VA-NC",Gates County,North Carolina,37,73
395194,"Virginia Beach, VA",VA,47260,"Virginia Beach-Chesapeake-Norfolk, VA-NC",Metropolitan Statistical Area,,,545,"Virginia Beach-Chesapeake, VA-NC",Gloucester County,Virginia,51,73
395194,"Virginia Beach, VA",VA,47260,"Virginia Beach-Chesapeake-Norfolk, VA-NC",Metropolitan Statistical Area,,,545,"Virginia Beach-Chesapeake, VA-NC",Isle of Wight County,Virginia,51,93
395194,"Virginia Beach, VA",VA,47260,"Virginia Beach-Chesapeake-Norfolk, VA-NC",Metropolitan Statistical Area,,,545,"Virginia Beach-Chesapeake, VA-NC",James City County,Virginia,51,95
395194,"Virginia Beach, VA",VA,47260,"Virginia Beach-Chesapeake-Norfolk, VA-NC",Metropolitan Statistical Area,,,545,"Virginia Beach-Chesapeake, VA-NC",Mathews County,Virginia,51,115
395194,"Virginia Beach, VA",VA,47260,"Virginia Beach-Chesapeake-Norfolk, VA-NC",Metropolitan Statistical Area,,,545,"Virginia Beach-Chesapeake, VA-NC",Surry County,Virginia,51,181
395194,"Virginia Beach, VA",VA,47260,"Virginia Beach-Chesapeake-Norfolk, VA-NC",Metropolitan Statistical Area,,,545,"Virginia Beach-Chesapeake, VA-NC",York County,Virginia,51,199
395194,"Virginia Beach, VA",VA,47260,"Virginia Beach-Chesapeake-Norfolk, VA-NC",Metropolitan Statistical Area,,,545,"Virginia Beach-Chesapeake, VA-NC",Chesapeake city,Virginia,51,550
395194,"Virginia Beach, VA",VA,47260,"Virginia Beach-Chesapeake-Norfolk, VA-NC",Metropolitan Statistical Area,,,545,"Virginia Beach-Chesapeake, VA-NC",Hampton city,Virginia,51,650
395194,"Virginia Beach, VA",VA,47260,"Virginia Beach-Chesapeake-Norfolk, VA-NC",Metropolitan Statistical Area,,,545,"Virginia Beach-Chesapeake, VA-NC",Newport News city,Virginia,51,700
395194,"Virginia Beach, VA",VA,47260,"Virginia Beach-Chesapeake-Norfolk, VA-NC",Metropolitan Statistical Area,,,545,"Virginia Beach-Chesapeake, VA-NC",Norfolk city,Virginia,51,710
395194,"Virginia Beach, VA",VA,47260,"Virginia Beach-Chesapeake-Norfolk, VA-NC",Metropolitan Statistical Area,,,545,"Virginia Beach-Chesapeake, VA-NC",Poquoson city,Virginia,51,735
395194,"Virginia Beach, VA",VA,47260,"Virginia Beach-Chesapeake-Norfolk, VA-NC",Metropolitan Statistical Area,,,545,"Virginia Beach-Chesapeake, VA-NC",Portsmouth city,Virginia,51,740
395194,"Virginia Beach, VA",VA,47260,"Virginia Beach-Chesapeake-Norfolk, VA-NC",Metropolitan Statistical Area,,,545,"Virginia Beach-Chesapeake, VA-NC",Suffolk city,Virginia,51,800
395194,"Virginia Beach, VA",VA,47260,"Virginia Beach-Chesapeake-Norfolk, VA-NC",Metropolitan Statistical Area,,,545,"Virginia Beach-Chesapeake, VA-NC",Virginia Beach city,Virginia,51,810
395194,"Virginia Beach, VA",VA,47260,"Virginia Beach-Chesapeake-Norfolk, VA-NC",Metropolitan Statistical Area,,,545,"Virginia Beach-Chesapeake, VA-NC",Williamsburg city,Virginia,51,830
395005,"Providence, RI",RI,39300,"Providence-Warwick, RI-MA",Metropolitan Statistical Area,,,148,"Boston-Worcester-Providence, MA-RI-NH",Bristol County,Massachusetts,25,5
395005,"Providence, RI",RI,39300,"Providence-Warwick, RI-MA",Metropolitan Statistical Area,,,148,"Boston-Worcester-Providence, MA-RI-NH",Bristol County,Rhode Island,44,1
395005,"Providence, RI",RI,39300,"Providence-Warwick, RI-MA",Metropolitan Statistical Area,,,148,"Boston-Worcester-Providence, MA-RI-NH",Kent County,Rhode Island,44,3
395005,"Providence, RI",RI,39300,"Providence-Warwick, RI-MA",Metropolitan Statistical Area,,,148,"Boston-Worcester-Providence, MA-RI-NH",Newport County,Rhode Island,44,5
395005,"Providence, RI",RI,39300,"Providence-Warwick, RI-MA",Metropolitan Statistical Area,,,148,"Boston-Worcester-Providence, MA-RI-NH",Providence County,Rhode Island,44,7
395005,"Providence, RI",RI,39300,"Providence-Warwick, RI-MA",Metropolitan Statistical Area,,,148,"Boston-Worcester-Providence, MA-RI-NH",Washington County,Rhode Island,44,9
394714,"Jacksonville, FL",FL,27260,"Jacksonville, FL",Metropolitan Statistical Area,,,300,"Jacksonville-Kingsland-Palatka, FL-GA",Baker County,Florida,12,3
394714,"Jacksonville, FL",FL,27260,"Jacksonville, FL",Metropolitan Statistical Area,,,300,"Jacksonville-Kingsland-Palatka, FL-GA",Clay County,Florida,12,19
394714,"Jacksonville, FL",FL,27260,"Jacksonville, FL",Metropolitan Statistical Area,,,300,"Jacksonville-Kingsland-Palatka, FL-GA",Duval County,Florida,12,31
394714,"Jacksonville, FL",FL,27260,"Jacksonville, FL",Metropolitan Statistical Area,,,300,"Jacksonville-Kingsland-Palatka, FL-GA",Nassau County,Florida,12,89
394714,"Jacksonville, FL",FL,27260,"Jacksonville, FL",Metropolitan Statistical Area,,,300,"Jacksonville-Kingsland-Palatka, FL-GA",St. Johns County,Florida,12,109
394862,"Milwaukee, WI",WI,33340,"Milwaukee-Waukesha, WI",Metropolitan Statistical Area,,,376,"Milwaukee-Racine-Waukesha, WI",Milwaukee County,Wisconsin,55,79
394862,"Milwaukee, WI",WI,33340,"Milwaukee-Waukesha, WI",Metropolitan Statistical Area,,,376,"Milwaukee-Racine-Waukesha, WI",Ozaukee County,Wisconsin,55,89
394862,"Milwaukee, WI",WI,33340,"Milwaukee-Waukesha, WI",Metropolitan Statistical Area,,,376,"Milwaukee-Racine-Waukesha, WI",Washington County,Wisconsin,55,131
394862,"Milwaukee, WI",WI,33340,"Milwaukee-Waukesha, WI",Metropolitan Statistical Area,,,376,"Milwaukee-Racine-Waukesha, WI",Waukesha County,Wisconsin,55,133
394935,"Oklahoma City, OK",OK,36420,"Oklahoma City, OK",Metropolitan Statistical Area,,,416,"Oklahoma City-Shawnee, OK",Canadian County,Oklahoma,40,17
394935,"Oklahoma City, OK",OK,36420,"Oklahoma City, OK",Metropolitan Statistical Area,,,416,"Oklahoma City-Shawnee, OK",Cleveland County,Oklahoma,40,27
394935,"Oklahoma City, OK",OK,36420,"Oklahoma City, OK",Metropolitan Statistical Area,,,416,"Oklahoma City-Shawnee, OK",Grady County,Oklahoma,40,51
394935,"Oklahoma City, OK",OK,36420,"Oklahoma City, OK",Metropolitan Statistical Area,,,416,"Oklahoma City-Shawnee, OK",Lincoln County,Oklahoma,40,81
394935,"Oklahoma City, OK",OK,36420,"Oklahoma City, OK",Metropolitan Statistical Area,,,416,"Oklahoma City-Shawnee, OK",Logan County,Oklahoma,40,83
394935,"Oklahoma City, OK",OK,36420,"Oklahoma City, OK",Metropolitan Statistical Area,,,416,"Oklahoma City-Shawnee, OK",McClain County,Oklahoma,40,87
394935,"Oklahoma City, OK",OK,36420,"Oklahoma City, OK",Metropolitan Statistical Area,,,416,"Oklahoma City-Shawnee, OK",Oklahoma County,Oklahoma,40,109
395012,"Raleigh, NC",NC,39580,"Raleigh-Cary, NC",Metropolitan Statistical Area,,,450,"Raleigh-Durham-Cary, NC",Franklin County,North Carolina,37,69
395012,"Raleigh, NC",NC,39580,"Raleigh-Cary, NC",Metropolitan Statistical Area,,,450,"Raleigh-Durham-Cary, NC",Johnston County,North Carolina,37,101
395012,"Raleigh, NC",NC,39580,"Raleigh-Cary, NC",Metropolitan Statistical Area,,,450,"Raleigh-Durham-Cary, NC",Wake County,North Carolina,37,183
394849,"Memphis, TN",TN,32820,"Memphis, TN-MS-AR",Metropolitan Statistical Area,,,368,"Memphis-Clarksdale-Forrest City, TN-MS-AR",Crittenden County,Arkansas,5,35
394849,"Memphis, TN",TN,32820,"Memphis, TN-MS-AR",Metropolitan Statistical Area,,,368,"Memphis-Clarksdale-Forrest City, TN-MS-AR",Benton County,Mississippi,28,9
394849,"Memphis, TN",TN,32820,"Memphis, TN-MS-AR",Metropolitan Statistical Area,,,368,"Memphis-Clarksdale-Forrest City, TN-MS-AR",DeSoto County,Mississippi,28,33
394849,"Memphis, TN",TN,32820,"Memphis, TN-MS-AR",Metropolitan Statistical Area,,,368,"Memphis-Clarksdale-Forrest City, TN-MS-AR",Marshall County,Mississippi,28,93
394849,"Memphis, TN",TN,32820,"Memphis, TN-MS-AR",Metropolitan Statistical Area,,,368,"Memphis-Clarksdale-Forrest City, TN-MS-AR",Tate County,Mississippi,28,137
394849,"Memphis, TN",TN,32820,"Memphis, TN-MS-AR",Metropolitan Statistical Area,,,368,"Memphis-Clarksdale-Forrest City, TN-MS-AR",Tunica County,Mississippi,28,143
394849,"Memphis, TN",TN,32820,"Memphis, TN-MS-AR",Metropolitan Statistical Area,,,368,"Memphis-Clarksdale-Forrest City, TN-MS-AR",Fayette County,Tennessee,47,47
394849,"Memphis, TN",TN,32820,"Memphis, TN-MS-AR",Metropolitan Statistical Area,,,368,"Memphis-Clarksdale-Forrest City, TN-MS-AR",Shelby County,Tennessee,47,157
394849,"Memphis, TN",TN,32820,"Memphis, TN-MS-AR",Metropolitan Statistical Area,,,368,"Memphis-Clarksdale-Forrest City, TN-MS-AR",Tipton County,Tennessee,47,167
395022,"Richmond, VA",VA,40060,"Richmond, VA",Metropolitan Statistical Area,,,,,Amelia County,Virginia,51,7
395022,"Richmond, VA",VA,40060,"Richmond, VA",Metropolitan Statistical Area,,,,,Charles City County,Virginia,51,36
395022,"Richmond, VA",VA,40060,"Richmond, VA",Metropolitan Statistical Area,,,,,Chesterfield County,Virginia,51,41
395022,"Richmond, VA",VA,40060,"Richmond, VA",Metropolitan Statistical Area,,,,,Dinwiddie County,Virginia,51,53
395022,"Richmond, VA",VA,40060,"Richmond, VA",Metropolitan Statistical Area,,,,,Goochland County,Virginia,51,75
395022,"Richmond, VA",VA,40060,"Richmond, VA",Metropolitan Statistical Area,,,,,Hanover County,Virginia,51,85
395022,"Richmond, VA",VA,40060,"Richmond, VA",Metropolitan Statistical Area,,,,,Henrico County,Virginia,51,87
395022,"Richmond, VA",VA,40060,"Richmond, VA",Metropolitan Statistical Area,,,,,King and Queen County,Virginia,51,97
395022,"Richmond, VA",VA,40060,"Richmond, VA",Metropolitan Statistical Area,,,,,King William County,Virginia,51,101
395022,"Richmond, VA",VA,40060,"Richmond, VA",Metropolitan Statistical Area,,,,,New Kent County,Virginia,51,127
395022,"Richmond, VA",VA,40060,"Richmond, VA",Metropolitan Statistical Area,,,,,Powhatan County,Virginia,51,145
395022,"Richmond, VA",VA,40060,"Richmond, VA",Metropolitan Statistical Area,,,,,Prince George County,Virginia,51,149
395022,"Richmond, VA",VA,40060,"Richmond, VA",Metropolitan Statistical Area,,,,,Sussex County,Virginia,51,183
395022,"Richmond, VA",VA,40060,"Richmond, VA",Metropolitan Statistical Area,,,,,Colonial Heights city,Virginia,51,570
395022,"Richmond, VA",VA,40060,"Richmond, VA",Metropolitan Statistical Area,,,,,Hopewell city,Virginia,51,670
395022,"Richmond, VA",VA,40060,"Richmond, VA",Metropolitan Statistical Area,,,,,Petersburg city,Virginia,51,730
395022,"Richmond, VA",VA,40060,"Richmond, VA",Metropolitan Statistical Area,,,,,Richmond city,Virginia,51,760
394807,"Louisville, KY",KY,31140,"Louisville/Jefferson County, KY-IN",Metropolitan Statistical Area,,,350,"Louisville/Jefferson County--Elizabethtown, KY-IN",Clark County,Indiana,18,19
394807,"Louisville, KY",KY,31140,"Louisville/Jefferson County, KY-IN",Metropolitan Statistical Area,,,350,"Louisville/Jefferson County--Elizabethtown, KY-IN",Floyd County,Indiana,18,43
394807,"Louisville, KY",KY,31140,"Louisville/Jefferson County, KY-IN",Metropolitan Statistical Area,,,350,"Louisville/Jefferson County--Elizabethtown, KY-IN",Harrison County,Indiana,18,61
394807,"Louisville, KY",KY,31140,"Louisville/Jefferson County, KY-IN",Metropolitan Statistical Area,,,350,"Louisville/Jefferson County--Elizabethtown, KY-IN",Washington County,Indiana,18,175
394807,"Louisville, KY",KY,31140,"Louisville/Jefferson County, KY-IN",Metropolitan Statistical Area,,,350,"Louisville/Jefferson County--Elizabethtown, KY-IN",Bullitt County,Kentucky,21,29
394807,"Louisville, KY",KY,31140,"Louisville/Jefferson County, KY-IN",Metropolitan Statistical Area,,,350,"Louisville/Jefferson County--Elizabethtown, KY-IN",Henry County,Kentucky,21,103
394807,"Louisville, KY",KY,31140,"Louisville/Jefferson County, KY-IN",Metropolitan Statistical Area,,,350,"Louisville/Jefferson County--Elizabethtown, KY-IN",Jefferson County,Kentucky,21,111
394807,"Louisville, KY",KY,31140,"Louisville/Jefferson County, KY-IN",Metropolitan Statistical Area,,,350,"Louisville/Jefferson County--Elizabethtown, KY-IN",Meade County,Kentucky,21,163
394807,"Louisville, KY",KY,31140,"Louisville/Jefferson County, KY-IN",Metropolitan Statistical Area,,,350,"Louisville/Jefferson County--Elizabethtown, KY-IN",Nelson County,Kentucky,21,179
394807,"Louisville, KY",KY,31140,"Louisville/Jefferson County, KY-IN",Metropolitan Statistical Area,,,350,"Louisville/Jefferson County--Elizabethtown, KY-IN",Oldham County,Kentucky,21,185
394807,"Louisville, KY",KY,31140,"Louisville/Jefferson County, KY-IN",Metropolitan Statistical Area,,,350,"Louisville/Jefferson County--Elizabethtown, KY-IN",Shelby County,Kentucky,21,211
394807,"Louisville, KY",KY,31140,"Louisville/Jefferson County, KY-IN",Metropolitan Statistical Area,,,350,"Louisville/Jefferson County--Elizabethtown, KY-IN",Spencer County,Kentucky,21,215
394910,"New Orleans, LA",LA,35380,"New Orleans-Metairie, LA",Metropolitan Statistical Area,,,406,"New Orleans-Metairie-Slidell, LA-MS",Jefferson Parish,Louisiana,22,51
394910,"New Orleans, LA",LA,35380,"New Orleans-Metairie, LA",Metropolitan Statistical Area,,,406,"New Orleans-Metairie-Slidell, LA-MS",Orleans Parish,Louisiana,22,71
394910,"New Orleans, LA",LA,35380,"New Orleans-Metairie, LA",Metropolitan Statistical Area,,,406,"New Orleans-Metairie-Slidell, LA-MS",Plaquemines Parish,Louisiana,22,75
394910,"New Orleans, LA",LA,35380,"New Orleans-Metairie, LA",Metropolitan Statistical Area,,,406,"New Orleans-Metairie-Slidell, LA-MS",St. Bernard Parish,Louisiana,22,87
394910,"New Orleans, LA",LA,35380,"New Orleans-Metairie, LA",Metropolitan Statistical Area,,,406,"New Orleans-Metairie-Slidell, LA-MS",St. Charles Parish,Louisiana,22,89
394910,"New Orleans, LA",LA,35380,"New Orleans-Metairie, LA",Metropolitan Statistical Area,,,406,"New Orleans-Metairie-Slidell, LA-MS",St. James Parish,Louisiana,22,93
394910,"New Orleans, LA",LA,35380,"New Orleans-Metairie, LA",Metropolitan Statistical Area,,,406,"New Orleans-Metairie-Slidell, LA-MS",St. John the Baptist Parish,Louisiana,22,95
395053,"Salt Lake City, UT",UT,41620,"Salt Lake City-Murray, UT",Metropolitan Statistical Area,,,482,"Salt Lake City-Provo-Orem, UT-ID",Salt Lake County,Utah,49,35
395053,"Salt Lake City, UT",UT,41620,"Salt Lake City-Murray, UT",Metropolitan Statistical Area,,,482,"Salt Lake City-Provo-Orem, UT-ID",Tooele County,Utah,49,45
394669,"Hartford, CT",CT,25540,"Hartford-West Hartford-East Hartford, CT",Metropolitan Statistical Area,,,405,"New Haven-Hartford-Waterbury, CT",Capitol Planning Region,Connecticut,9,110
394669,"Hartford, CT",CT,25540,"Hartford-West Hartford-East Hartford, CT",Metropolitan Statistical Area,,,405,"New Haven-Hartford-Waterbury, CT",Lower Connecticut River Valley Planning Region,Connecticut,9,130
394425,"Buffalo, NY",NY,15380,"Buffalo-Cheektowaga, NY",Metropolitan Statistical Area,,,160,"Buffalo-Cheektowaga-Olean, NY",Erie County,New York,36,29
394425,"Buffalo, NY",NY,15380,"Buffalo-Cheektowaga, NY",Metropolitan Statistical Area,,,160,"Buffalo-Cheektowaga-Olean, NY",Niagara County,New York,36,63
394388,"Birmingham, AL",AL,13820,"Birmingham, AL",Metropolitan Statistical Area,,,142,"Birmingham-Cullman-Talladega, AL",Bibb County,Alabama,1,7
394388,"Birmingham, AL",AL,13820,"Birmingham, AL",Metropolitan Statistical Area,,,142,"Birmingham-Cullman-Talladega, AL",Blount County,Alabama,1,9
394388,"Birmingham, AL",AL,13820,"Birmingham, AL",Metropolitan Statistical Area,,,142,"Birmingham-Cullman-Talladega, AL",Chilton County,Alabama,1,21
394388,"Birmingham, AL",AL,13820,"Birmingham, AL",Metropolitan Statistical Area,,,142,"Birmingham-Cullman-Talladega, AL",Jefferson County,Alabama,1,73
394388,"Birmingham, AL",AL,13820,"Birmingham, AL",Metropolitan Statistical Area,,,142,"Birmingham-Cullman-Talladega, AL",St. Clair County,Alabama,1,115
394388,"Birmingham, AL",AL,13820,"Birmingham, AL",Metropolitan Statistical Area,,,142,"Birmingham-Cullman-Talladega, AL",Shelby County,Alabama,1,117
394388,"Birmingham, AL",AL,13820,"Birmingham, AL",Metropolitan Statistical Area,,,142,"Birmingham-Cullman-Talladega, AL",Walker County,Alabama,1,127
395031,"Rochester, NY",NY,40380,"Rochester, NY",Metropolitan Statistical Area,,,464,"Rochester-Batavia-Seneca Falls, NY",Livingston County,New York,36,51
395031,"Rochester, NY",NY,40380,"Rochester, NY",Metropolitan Statistical Area,,,464,"Rochester-Batavia-Seneca Falls, NY",Monroe County,New York,36,55
395031,"Rochester, NY",NY,40380,"Rochester, NY",Metropolitan Statistical Area,,,464,"Rochester-Batavia-Seneca Falls, NY",Ontario County,New York,36,69
395031,"Rochester, NY",NY,40380,"Rochester, NY",Metropolitan Statistical Area,,,464,"Rochester-Batavia-Seneca Falls, NY",Orleans County,New York,36,73
395031,"Rochester, NY",NY,40380,"Rochester, NY",Metropolitan Statistical Area,,,464,"Rochester-Batavia-Seneca Falls, NY",Wayne County,New York,36,117
394640,"Grand Rapids, MI",MI,24340,"Grand Rapids-Wyoming-Kentwood, MI",Metropolitan Statistical Area,,,266,"Grand Rapids-Wyoming, MI",Barry County,Michigan,26,15
394640,"Grand Rapids, MI",MI,24340,"Grand Rapids-Wyoming-Kentwood, MI",Metropolitan Statistical Area,,,266,"Grand Rapids-Wyoming, MI",Ionia County,Michigan,26,67
394640,"Grand Rapids, MI",MI,24340,"Grand Rapids-Wyoming-Kentwood, MI",Metropolitan Statistical Area,,,266,"Grand Rapids-Wyoming, MI",Kent County,Michigan,26,81
394640,"Grand Rapids, MI",MI,24340,"Grand Rapids-Wyoming-Kentwood, MI",Metropolitan Statistical Area,,,266,"Grand Rapids-Wyoming, MI",Montcalm County,Michigan,26,117
394640,"Grand Rapids, MI",MI,24340,"Grand Rapids-Wyoming-Kentwood, MI",Metropolitan Statistical Area,,,266,"Grand Rapids-Wyoming, MI",Ottawa County,Michigan,26,139
395167,"Tucson, AZ",AZ,46060,"Tucson, AZ",Metropolitan Statistical Area,,,536,"Tucson-Nogales, AZ",Pima County,Arizona,4,19
753924,"Urban Honolulu, HI",HI,46520,"Urban Honolulu, HI",Metropolitan Statistical Area,,,,,Honolulu County,Hawaii,15,3
395169,"Tulsa, OK",OK,46140,"Tulsa, OK",Metropolitan Statistical Area,,,538,"Tulsa-Bartlesville-Muskogee, OK",Creek County,Oklahoma,40,37
395169,"Tulsa, OK",OK,46140,"Tulsa, OK",Metropolitan Statistical Area,,,538,"Tulsa-Bartlesville-Muskogee, OK",Okmulgee County,Oklahoma,40,111
395169,"Tulsa, OK",OK,46140,"Tulsa, OK",Metropolitan Statistical Area,,,538,"Tulsa-Bartlesville-Muskogee, OK",Osage County,Oklahoma,40,113
395169,"Tulsa, OK",OK,46140,"Tulsa, OK",Metropolitan Statistical Area,,,538,"Tulsa-Bartlesville-Muskogee, OK",Pawnee County,Oklahoma,40,117
395169,"Tulsa, OK",OK,46140,"Tulsa, OK",Metropolitan Statistical Area,,,538,"Tulsa-Bartlesville-Muskogee, OK",Rogers County,Oklahoma,40,131
395169,"Tulsa, OK",OK,46140,"Tulsa, OK",Metropolitan Statistical Area,,,538,"Tulsa-Bartlesville-Muskogee, OK",Tulsa County,Oklahoma,40,143
395169,"Tulsa, OK",OK,46140,"Tulsa, OK",Metropolitan Statistical Area,,,538,"Tulsa-Bartlesville-Muskogee, OK",Wagoner County,Oklahoma,40,145
394619,"Fresno, CA",CA,23420,"Fresno, CA",Metropolitan Statistical Area,,,260,"Fresno-Hanford-Corcoran, CA",Fresno County,California,6,19
394619,"Fresno, CA",CA,23420,"Fresno, CA",Metropolitan Statistical Area,,,260,"Fresno-Hanford-Corcoran, CA",Madera County,California,6,39
395238,"Worcester, MA",MA,49340,"Worcester, MA",Metropolitan Statistical Area,,,148,"Boston-Worcester-Providence, MA-RI-NH",Worcester County,Massachusetts,25,27
394938,"Omaha, NE",NE,36540,"Omaha, NE-IA",Metropolitan Statistical Area,,,420,"Omaha-Fremont, NE-IA",Harrison County,Iowa,19,85
394938,"Omaha, NE",NE,36540,"Omaha, NE-IA",Metropolitan Statistical Area,,,420,"Omaha-Fremont, NE-IA",Mills County,Iowa,19,129
394938,"Omaha, NE",NE,36540,"Omaha, NE-IA",Metropolitan Statistical Area,,,420,"Omaha-Fremont, NE-IA",Pottawattamie County,Iowa,19,155
394938,"Omaha, NE",NE,36540,"Omaha, NE-IA",Metropolitan Statistical Area,,,420,"Omaha-Fremont, NE-IA",Cass County,Nebraska,31,25
394938,"Omaha, NE",NE,36540,"Omaha, NE-IA",Metropolitan Statistical Area,,,420,"Omaha-Fremont, NE-IA",Douglas County,Nebraska,31,55
394938,"Omaha, NE",NE,36540,"Omaha, NE-IA",Metropolitan Statistical Area,,,420,"Omaha-Fremont, NE-IA",Sarpy County,Nebraska,31,153
394938,"Omaha, NE",NE,36540,"Omaha, NE-IA",Metropolitan Statistical Area,,,420,"Omaha-Fremont, NE-IA",Saunders County,Nebraska,31,155
394938,"Omaha, NE",NE,36540,"Omaha, NE-IA",Metropolitan Statistical Area,,,420,"Omaha-Fremont, NE-IA",Washington County,Nebraska,31,177
394415,"Bridgeport, CT",CT,14860,"Bridgeport-Stamford-Danbury, CT",Metropolitan Statistical Area,,,408,"New York-Newark, NY-NJ-CT-PA",Greater Bridgeport Planning Region,Connecticut,9,120
394415,"Bridgeport, CT",CT,14860,"Bridgeport-Stamford-Danbury, CT",Metropolitan Statistical Area,,,408,"New York-Newark, NY-NJ-CT-PA",Western Connecticut Planning Region,Connecticut,9,190
394653,"Greenville, SC",SC,24860,"Greenville-Anderson-Greer, SC",Metropolitan Statistical Area,,,273,"Greenville-Spartanburg-Anderson, SC",Anderson County,South Carolina,45,7
394653,"Greenville, SC",SC,24860,"Greenville-Anderson-Greer, SC",Metropolitan Statistical Area,,,273,"Greenville-Spartanburg-Anderson, SC",Greenville County,South Carolina,45,45
394653,"Greenville, SC",SC,24860,"Greenville-Anderson-Greer, SC",Metropolitan Statistical Area,,,273,"Greenville-Spartanburg-Anderson, SC",Laurens County,South Carolina,45,59
394653,"Greenville, SC",SC,24860,"Greenville-Anderson-Greer, SC",Metropolitan Statistical Area,,,273,"Greenville-Spartanburg-Anderson, SC",Pickens County,South Carolina,45,77
394312,"Albuquerque, NM",NM,10740,"Albuquerque, NM",Metropolitan Statistical Area,,,105,"Albuquerque-Santa Fe-Los Alamos, NM",Bernalillo County,New Mexico,35,1
394312,"Albuquerque, NM",NM,10740,"Albuquerque, NM",Metropolitan Statistical Area,,,105,"Albuquerque-Santa Fe-Los Alamos, NM",Sandoval County,New Mexico,35,43
394312,"Albuquerque, NM",NM,10740,"Albuquerque, NM",Metropolitan Statistical Area,,,105,"Albuquerque-Santa Fe-Los Alamos, NM",Torrance County,New Mexico,35,57
394312,"Albuquerque, NM",NM,10740,"Albuquerque, NM",Metropolitan Statistical Area,,,105,"Albuquerque-Santa Fe-Los Alamos, NM",Valencia County,New Mexico,35,61
394357,"Bakersfield, CA",CA,12540,"Bakersfield-Delano, CA",Metropolitan Statistical Area,,,,,Kern County,California,6,29
394308,"Albany, NY",NY,10580,"Albany-Schenectady-Troy, NY",Metropolitan Statistical Area,,,104,"Albany-Schenectady, NY",Albany County,New York,36,1
394308,"Albany, NY",NY,10580,"Albany-Schenectady-Troy, NY",Metropolitan Statistical Area,,,104,"Albany-Schenectady, NY",Rensselaer County,New York,36,83
394308,"Albany, NY",NY,10580,"Albany-Schenectady-Troy, NY",Metropolitan Statistical Area,,,104,"Albany-Schenectady, NY",Saratoga County,New York,36,91
394308,"Albany, NY",NY,10580,"Albany-Schenectady-Troy, NY",Metropolitan Statistical Area,,,104,"Albany-Schenectady, NY",Schenectady County,New York,36,93
394308,"Albany, NY",NY,10580,"Albany-Schenectady-Troy, NY",Metropolitan Statistical Area,,,104,"Albany-Schenectady, NY",Schoharie County,New York,36,95
394753,"Knoxville, TN",TN,28940,"Knoxville, TN",Metropolitan Statistical Area,,,315,"Knoxville-Morristown-Sevierville, TN",Anderson County,Tennessee,47,1
394753,"Knoxville, TN",TN,28940,"Knoxville, TN",Metropolitan Statistical Area,,,315,"Knoxville-Morristown-Sevierville, TN",Blount County,Tennessee,47,9
394753,"Knoxville, TN",TN,28940,"Knoxville, TN",Metropolitan Statistical Area,,,315,"Knoxville-Morristown-Sevierville, TN",Campbell County,Tennessee,47,13
394753,"Knoxville, TN",TN,28940,"Knoxville, TN",Metropolitan Statistical Area,,,315,"Knoxville-Morristown-Sevierville, TN",Grainger County,Tennessee,47,57
394753,"Knoxville, TN",TN,28940,"Knoxville, TN",Metropolitan Statistical Area,,,315,"Knoxville-Morristown-Sevierville, TN",Knox County,Tennessee,47,93
394753,"Knoxville, TN",TN,28940,"Knoxville, TN",Metropolitan Statistical Area,,,315,"Knoxville-Morristown-Sevierville, TN",Loudon County,Tennessee,47,105
394753,"Knoxville, TN",TN,28940,"Knoxville, TN",Metropolitan Statistical Area,,,315,"Knoxville-Morristown-Sevierville, TN",Morgan County,Tennessee,47,129
394753,"Knoxville, TN",TN,28940,"Knoxville, TN",Metropolitan Statistical Area,,,315,"Knoxville-Morristown-Sevierville, TN",Roane County,Tennessee,47,145
394753,"Knoxville, TN",TN,28940,"Knoxville, TN",Metropolitan Statistical Area,,,315,"Knoxville-Morristown-Sevierville, TN",Union County,Tennessee,47,173
394367,"Baton Rouge, LA",LA,12940,"Baton Rouge, LA",Metropolitan Statistical Area,,,132,"Baton Rouge-Hammond, LA",Ascension Parish,Louisiana,22,5
394367,"Baton Rouge, LA",LA,12940,"Baton Rouge, LA",Metropolitan Statistical Area,,,132,"Baton Rouge-Hammond, LA",Assumption Parish,Louisiana,22,7
394367,"Baton Rouge, LA",LA,12940,"Baton Rouge, LA",Metropolitan Statistical Area,,,132,"Baton Rouge-Hammond, LA",East Baton Rouge Parish,Louisiana,22,33
394367,"Baton Rouge, LA",LA,12940,"Baton Rouge, LA",Metropolitan Statistical Area,,,132,"Baton Rouge-Hammond, LA",East Feliciana Parish,Louisiana,22,37
394367,"Baton Rouge, LA",LA,12940,"Baton Rouge, LA",Metropolitan Statistical Area,,,132,"Baton Rouge-Hammond, LA",Iberville Parish,Louisiana,22,47
394367,"Baton Rouge, LA",LA,12940,"Baton Rouge, LA",Metropolitan Statistical Area,,,132,"Baton Rouge-Hammond, LA",Livingston Parish,Louisiana,22,63
394367,"Baton Rouge, LA",LA,12940,"Baton Rouge, LA",Metropolitan Statistical Area,,,132,"Baton Rouge-Hammond, LA",Pointe Coupee Parish,Louisiana,22,77
394367,"Baton Rouge, LA",LA,12940,"Baton Rouge, LA",Metropolitan Statistical Area,,,132,"Baton Rouge-Hammond, LA",St. Helena Parish,Louisiana,22,91
394367,"Baton Rouge, LA",LA,12940,"Baton Rouge, LA",Metropolitan Statistical Area,,,132,"Baton Rouge-Hammond, LA",West Baton Rouge Parish,Louisiana,22,121
394367,"Baton Rouge, LA",LA,12940,"Baton Rouge, LA",Metropolitan Statistical Area,,,132,"Baton Rouge-Hammond, LA",West Feliciana Parish,Louisiana,22,125
394843,"McAllen, TX",TX,32580,"McAllen-Edinburg-Mission, TX",Metropolitan Statistical Area,,,365,"McAllen-Edinburg, TX",Hidalgo County,Texas,48,215
394908,"New Haven, CT",CT,35300,"New Haven, CT",Metropolitan Statistical Area,,,405,"New Haven-Hartford-Waterbury, CT",South Central Connecticut Planning Region,Connecticut,9,170
394561,"El Paso, TX",TX,21340,"El Paso, TX",Metropolitan Statistical Area,,,238,"El Paso-Las Cruces, TX-NM",El Paso County,Texas,48,141
394561,"El Paso, TX",TX,21340,"El Paso, TX",Metropolitan Statistical Area,,,238,"El Paso-Las Cruces, TX-NM",Hudspeth County,Texas,48,229
394318,"Allentown, PA",PA,10900,"Allentown-Bethlehem-Easton, PA-NJ",Metropolitan Statistical Area,,,106,"Allentown-Bethlehem-East Stroudsburg, PA-NJ",Warren County,New Jersey,34,41
394318,"Allentown, PA",PA,10900,"Allentown-Bethlehem-Easton, PA-NJ",Metropolitan Statistical Area,,,106,"Allentown-Bethlehem-East Stroudsburg, PA-NJ",Carbon County,Pennsylvania,42,25
394318,"Allentown, PA",PA,10900,"Allentown-Bethlehem-Easton, PA-NJ",Metropolitan Statistical Area,,,106,"Allentown-Bethlehem-East Stroudsburg, PA-NJ",Lehigh County,Pennsylvania,42,77
394318,"Allentown, PA",PA,10900,"Allentown-Bethlehem-Easton, PA-NJ",Metropolitan Statistical Area,,,106,"Allentown-Bethlehem-East Stroudsburg, PA-NJ",Northampton County,Pennsylvania,42,95
394952,"Oxnard, CA",CA,37100,"Oxnard-Thousand Oaks-Ventura, CA",Metropolitan Statistical Area,,,348,"Los Angeles-Long Beach, CA",Ventura County,California,6,111
394486,"Columbia, SC",SC,17900,"Columbia, SC",Metropolitan Statistical Area,,,192,"Columbia-Sumter-Orangeburg, SC",Calhoun County,South Carolina,45,17
394486,"Columbia, SC",SC,17900,"Columbia, SC",Metropolitan Statistical Area,,,192,"Columbia-Sumter-Orangeburg, SC",Fairfield County,South Carolina,45,39
394486,"Columbia, SC",SC,17900,"Columbia, SC",Metropolitan Statistical Area,,,192,"Columbia-Sumter-Orangeburg, SC",Kershaw County,South Carolina,45,55
394486,"Columbia, SC",SC,17900,"Columbia, SC",Metropolitan Statistical Area,,,192,"Columbia-Sumter-Orangeburg, SC",Lexington County,South Carolina,45,63
394486,"Columbia, SC",SC,17900,"Columbia, SC",Metropolitan Statistical Area,,,192,"Columbia-Sumter-Orangeburg, SC",Richland County,South Carolina,45,79
394486,"Columbia, SC",SC,17900,"Columbia, SC",Metropolitan Statistical Area,,,192,"Columbia-Sumter-Orangeburg, SC",Saluda County,South Carolina,45,81
753906,"North Port, FL",FL,35840,"North Port-Bradenton-Sarasota, FL",Metropolitan Statistical Area,,,412,"North Port-Bradenton, FL",Manatee County,Florida,12,81
753906,"North Port, FL",FL,35840,"North Port-Bradenton-Sarasota, FL",Metropolitan Statistical Area,,,412,"North Port-Bradenton, FL",Sarasota County,Florida,12,115
394457,"Charleston, SC",SC,16700,"Charleston-North Charleston, SC",Metropolitan Statistical Area,,,,,Berkeley County,South Carolina,45,15
394457,"Charleston, SC",SC,16700,"Charleston-North Charleston, SC",Metropolitan Statistical Area,,,,,Charleston County,South Carolina,45,19
394457,"Charleston, SC",SC,16700,"Charleston-North Charleston, SC",Metropolitan Statistical Area,,,,,Dorchester County,South Carolina,45,35
394648,"Greensboro, NC",NC,24660,"Greensboro-High Point, NC",Metropolitan Statistical Area,,,268,"Greensboro--Winston-Salem--High Point, NC",Guilford County,North Carolina,37,81
394648,"Greensboro, NC",NC,24660,"Greensboro-High Point, NC",Metropolitan Statistical Area,,,268,"Greensboro--Winston-Salem--High Point, NC",Randolph County,North Carolina,37,151
394648,"Greensboro, NC",NC,24660,"Greensboro-High Point, NC",Metropolitan Statistical Area,,,268,"Greensboro--Winston-Salem--High Point, NC",Rockingham County,North Carolina,37,157
395134,"Stockton, CA",CA,44700,"Stockton-Lodi, CA",Metropolitan Statistical Area,,,488,"San Jose-San Francisco-Oakland, CA",San Joaquin County,California,6,77
394440,"Cape Coral, FL",FL,15980,"Cape Coral-Fort Myers, FL",Metropolitan Statistical Area,,,163,"Cape Coral-Fort Myers-Naples, FL",Lee County,Florida,12,71
394399,"Boise City, ID",ID,14260,"Boise City, ID",Metropolitan Statistical Area,,,147,"Boise City-Mountain Home-Ontario, ID-OR",Ada County,Idaho,16,1
394399,"Boise City, ID",ID,14260,"Boise City, ID",Metropolitan Statistical Area,,,147,"Boise City-Mountain Home-Ontario, ID-OR",Boise County,Idaho,16,15
394399,"Boise City, ID",ID,14260,"Boise City, ID",Metropolitan Statistical Area,,,147,"Boise City-Mountain Home-Ontario, ID-OR",Canyon County,Idaho,16,27
394399,"Boise City, ID",ID,14260,"Boise City, ID",Metropolitan Statistical Area,,,147,"Boise City-Mountain Home-Ontario, ID-OR",Gem County,Idaho,16,45
394399,"Boise City, ID",ID,14260,"Boise City, ID",Metropolitan Statistical Area,,,147,"Boise City-Mountain Home-Ontario, ID-OR",Owyhee County,Idaho,16,73
394484,"Colorado Springs, CO",CO,17820,"Colorado Springs, CO",Metropolitan Statistical Area,,,,,El Paso County,Colorado,8,41
394484,"Colorado Springs, CO",CO,17820,"Colorado Springs, CO",Metropolitan Statistical Area,,,,,Teller County,Colorado,8,119
394798,"Little Rock, AR",AR,30780,"Little Rock-North Little Rock-Conway, AR",Metropolitan Statistical Area,,,340,"Little Rock-North Little Rock, AR",Faulkner County,Arkansas,5,45
394798,"Little Rock, AR",AR,30780,"Little Rock-North Little Rock-Conway, AR",Metropolitan Statistical Area,,,340,"Little Rock-North Little Rock, AR",Grant County,Arkansas,5,53
394798,"Little Rock, AR",AR,30780,"Little Rock-North Little Rock-Conway, AR",Metropolitan Statistical Area,,,340,"Little Rock-North Little Rock, AR",Lonoke County,Arkansas,5,85
394798,"Little Rock, AR",AR,30780,"Little Rock-North Little Rock-Conway, AR",Metropolitan Statistical Area,,,340,"Little Rock-North Little Rock, AR",Perry County,Arkansas,5,105
394798,"Little Rock, AR",AR,30780,"Little Rock-North Little Rock-Conway, AR",Metropolitan Statistical Area,,,340,"Little Rock-North Little Rock, AR",Pulaski County,Arkansas,5,119
394798,"Little Rock, AR",AR,30780,"Little Rock-North Little Rock-Conway, AR",Metropolitan Statistical Area,,,340,"Little Rock-North Little Rock, AR",Saline County,Arkansas,5,125
394766,"Lakeland, FL",FL,29460,"Lakeland-Winter Haven, FL",Metropolitan Statistical Area,,,422,"Orlando-Lakeland-Deltona, FL",Polk County,Florida,12,105
394304,"Akron, OH",OH,10420,"Akron, OH",Metropolitan Statistical Area,,,184,"Cleveland-Akron-Canton, OH",Portage County,Ohio,39,133
394304,"Akron, OH",OH,10420,"Akron, OH",Metropolitan Statistical Area,,,184,"Cleveland-Akron-Canton, OH",Summit County,Ohio,39,153
394531,"Des Moines, IA",IA,19780,"Des Moines-West Des Moines, IA",Metropolitan Statistical Area,,,218,"Des Moines-West Des Moines-Ames, IA",Dallas County,Iowa,19,49
394531,"Des Moines, IA",IA,19780,"Des Moines-West Des Moines, IA",Metropolitan Statistical Area,,,218,"Des Moines-West Des Moines-Ames, IA",Guthrie County,Iowa,19,77
394531,"Des Moines, IA",IA,19780,"Des Moines-West Des Moines, IA",Metropolitan Statistical Area,,,218,"Des Moines-West Des Moines-Ames, IA",Jasper County,Iowa,19,99
394531,"Des Moines, IA",IA,19780,"Des Moines-West Des Moines, IA",Metropolitan Statistical Area,,,218,"Des Moines-West Des Moines-Ames, IA",Madison County,Iowa,19,121
394531,"Des Moines, IA",IA,19780,"Des Moines-West Des Moines, IA",Metropolitan Statistical Area,,,218,"Des Moines-West Des Moines-Ames, IA",Polk County,Iowa,19,153
394531,"Des Moines, IA",IA,19780,"Des Moines-West Des Moines, IA",Metropolitan Statistical Area,,,218,"Des Moines-West Des Moines-Ames, IA",Warren County,Iowa,19,181
395115,"Springfield, MA",MA,44140,"Springfield, MA",Metropolitan Statistical Area,,,521,"Springfield-Amherst Town-Northampton, MA",Hampden County,Massachusetts,25,13
394931,"Ogden, UT",UT,36260,"Ogden, UT",Metropolitan Statistical Area,,,482,"Salt Lake City-Provo-Orem, UT-ID",Davis County,Utah,49,11
394931,"Ogden, UT",UT,36260,"Ogden, UT",Metropolitan Statistical Area,,,482,"Salt Lake City-Provo-Orem, UT-ID",Morgan County,Utah,49,29
394931,"Ogden, UT",UT,36260,"Ogden, UT",Metropolitan Statistical Area,,,482,"Salt Lake City-Provo-Orem, UT-ID",Weber County,Utah,49,57
394816,"Madison, WI",WI,31540,"Madison, WI",Metropolitan Statistical Area,,,357,"Madison-Janesville-Beloit, WI",Columbia County,Wisconsin,55,21
394816,"Madison, WI",WI,31540,"Madison, WI",Metropolitan Statistical Area,,,357,"Madison-Janesville-Beloit, WI",Dane County,Wisconsin,55,25
394816,"Madison, WI",WI,31540,"Madison, WI",Metropolitan Statistical Area,,,357,"Madison-Janesville-Beloit, WI",Green County,Wisconsin,55,45
394816,"Madison, WI",WI,31540,"Madison, WI",Metropolitan Statistical Area,,,357,"Madison-Janesville-Beloit, WI",Iowa County,Wisconsin,55,49
395235,"Winston, NC",NC,49180,"Winston-Salem, NC",Metropolitan Statistical Area,,,268,"Greensboro--Winston-Salem--High Point, NC",Davidson County,North Carolina,37,57
395235,"Winston, NC",NC,49180,"Winston-Salem, NC",Metropolitan Statistical Area,,,268,"Greensboro--Winston-Salem--High Point, NC",Davie County,North Carolina,37,59
395235,"Winston, NC",NC,49180,"Winston-Salem, NC",Metropolitan Statistical Area,,,268,"Greensboro--Winston-Salem--High Point, NC",Forsyth County,North Carolina,37,67
395235,"Winston, NC",NC,49180,"Winston-Salem, NC",Metropolitan Statistical Area,,,268,"Greensboro--Winston-Salem--High Point, NC",Stokes County,North Carolina,37,169
395235,"Winston, NC",NC,49180,"Winston-Salem, NC",Metropolitan Statistical Area,,,268,"Greensboro--Winston-Salem--High Point, NC",Yadkin County,North Carolina,37,197
394528,"Deltona, FL",FL,19660,"Deltona-Daytona Beach-Ormond Beach, FL",Metropolitan Statistical Area,,,422,"Orlando-Lakeland-Deltona, FL",Flagler County,Florida,12,35
394528,"Deltona, FL",FL,19660,"Deltona-Daytona Beach-Ormond Beach, FL",Metropolitan Statistical Area,,,422,"Orlando-Lakeland-Deltona, FL",Volusia County,Florida,12,127
395143,"Syracuse, NY",NY,45060,"Syracuse, NY",Metropolitan Statistical Area,,,532,"Syracuse-Auburn, NY",Madison County,New York,36,53
395143,"Syracuse, NY",NY,45060,"Syracuse, NY",Metropolitan Statistical Area,,,532,"Syracuse-Auburn, NY",Onondaga County,New York,36,67
395143,"Syracuse, NY",NY,45060,"Syracuse, NY",Metropolitan Statistical Area,,,532,"Syracuse-Auburn, NY",Oswego County,New York,36,75
395006,"Provo, UT",UT,39340,"Provo-Orem-Lehi, UT",Metropolitan Statistical Area,,,482,"Salt Lake City-Provo-Orem, UT-ID",Juab County,Utah,49,23
395006,"Provo, UT",UT,39340,"Provo-Orem-Lehi, UT",Metropolitan Statistical Area,,,482,"Salt Lake City-Provo-Orem, UT-ID",Utah County,Utah,49,49
395160,"Toledo, OH",OH,45780,"Toledo, OH",Metropolitan Statistical Area,,,,,Fulton County,Ohio,39,51
395160,"Toledo, OH",OH,45780,"Toledo, OH",Metropolitan Statistical Area,,,,,Lucas County,Ohio,39,95
395160,"Toledo, OH",OH,45780,"Toledo, OH",Metropolitan Statistical Area,,,,,Wood County,Ohio,39,173
395224,"Wichita, KS",KS,48620,"Wichita, KS",Metropolitan Statistical Area,,,556,"Wichita-Arkansas City-Winfield, KS",Butler County,Kansas,20,15
395224,"Wichita, KS",KS,48620,"Wichita, KS",Metropolitan Statistical Area,,,556,"Wichita-Arkansas City-Winfield, KS",Harvey County,Kansas,20,79
395224,"Wichita, KS",KS,48620,"Wichita, KS",Metropolitan Statistical Area,,,556,"Wichita-Arkansas City-Winfield, KS",Sedgwick County,Kansas,20,173
395224,"Wichita, KS",KS,48620,"Wichita, KS",Metropolitan Statistical Area,,,556,"Wichita-Arkansas City-Winfield, KS",Sumner County,Kansas,20,191
394549,"Durham, NC",NC,20500,"Durham-Chapel Hill, NC",Metropolitan Statistical Area,,,450,"Raleigh-Durham-Cary, NC",Chatham County,North Carolina,37,37
394549,"Durham, NC",NC,20500,"Durham-Chapel Hill, NC",Metropolitan Statistical Area,,,450,"Raleigh-Durham-Cary, NC",Durham County,North Carolina,37,63
394549,"Durham, NC",NC,20500,"Durham-Chapel Hill, NC",Metropolitan Statistical Area,,,450,"Raleigh-Durham-Cary, NC",Orange County,North Carolina,37,135
394549,"Durham, NC",NC,20500,"Durham-Chapel Hill, NC",Metropolitan Statistical Area,,,450,"Raleigh-Durham-Cary, NC",Person County,North Carolina,37,145
394352,"Augusta, GA",GA,12260,"Augusta-Richmond County, GA-SC",Metropolitan Statistical Area,,,,,Burke County,Georgia,13,33
394352,"Augusta, GA",GA,12260,"Augusta-Richmond County, GA-SC",Metropolitan Statistical Area,,,,,Columbia County,Georgia,13,73
394352,"Augusta, GA",GA,12260,"Augusta-Richmond County, GA-SC",Metropolitan Statistical Area,,,,,Lincoln County,Georgia,13,181
394352,"Augusta, GA",GA,12260,"Augusta-Richmond County, GA-SC",Metropolitan Statistical Area,,,,,McDuffie County,Georgia,13,189
394352,"Augusta, GA",GA,12260,"Augusta-Richmond County, GA-SC",Metropolitan Statistical Area,,,,,Richmond County,Georgia,13,245
394352,"Augusta, GA",GA,12260,"Augusta-Richmond County, GA-SC",Metropolitan Statistical Area,,,,,Aiken County,South Carolina,45,3
394352,"Augusta, GA",GA,12260,"Augusta-Richmond County, GA-SC",Metropolitan Statistical Area,,,,,Edgefield County,South Carolina,45,37
394957,"Palm Bay, FL",FL,37340,"Palm Bay-Melbourne-Titusville, FL",Metropolitan Statistical Area,,,,,Brevard County,Florida,12,9
394711,"Jackson, MS",MS,27140,"Jackson, MS",Metropolitan Statistical Area,,,298,"Jackson-Vicksburg-Brookhaven, MS",Copiah County,Mississippi,28,29
394711,"Jackson, MS",MS,27140,"Jackson, MS",Metropolitan Statistical Area,,,298,"Jackson-Vicksburg-Brookhaven, MS",Hinds County,Mississippi,28,49
394711,"Jackson, MS",MS,27140,"Jackson, MS",Metropolitan Statistical Area,,,298,"Jackson-Vicksburg-Brookhaven, MS",Holmes County,Mississippi,28,51
394711,"Jackson, MS",MS,27140,"Jackson, MS",Metropolitan Statistical Area,,,298,"Jackson-Vicksburg-Brookhaven, MS",Madison County,Mississippi,28,89
394711,"Jackson, MS",MS,27140,"Jackson, MS",Metropolitan Statistical Area,,,298,"Jackson-Vicksburg-Brookhaven, MS",Rankin County,Mississippi,28,121
394711,"Jackson, MS",MS,27140,"Jackson, MS",Metropolitan Statistical Area,,,298,"Jackson-Vicksburg-Brookhaven, MS",Scott County,Mississippi,28,123
394711,"Jackson, MS",MS,27140,"Jackson, MS",Metropolitan Statistical Area,,,298,"Jackson-Vicksburg-Brookhaven, MS",Simpson County,Mississippi,28,127
394711,"Jackson, MS",MS,27140,"Jackson, MS",Metropolitan Statistical Area,,,298,"Jackson-Vicksburg-Brookhaven, MS",Yazoo County,Mississippi,28,163
394666,"Harrisburg, PA",PA,25420,"Harrisburg-Carlisle, PA",Metropolitan Statistical Area,,,276,"Harrisburg-York-Lebanon, PA",Cumberland County,Pennsylvania,42,41
394666,"Harrisburg, PA",PA,25420,"Harrisburg-Carlisle, PA",Metropolitan Statistical Area,,,276,"Harrisburg-York-Lebanon, PA",Dauphin County,Pennsylvania,42,43
394666,"Harrisburg, PA",PA,25420,"Harrisburg-Carlisle, PA",Metropolitan Statistical Area,,,276,"Harrisburg-York-Lebanon, PA",Perry County,Pennsylvania,42,99
395113,"Spokane, WA",WA,44060,"Spokane-Spokane Valley, WA",Metropolitan Statistical Area,,,518,"Spokane-Spokane Valley-Coeur d'Alene, WA-ID",Spokane County,Washington,53,63
395113,"Spokane, WA",WA,44060,"Spokane-Spokane Valley, WA",Metropolitan Statistical Area,,,518,"Spokane-Spokane Valley-Coeur d'Alene, WA-ID",Stevens County,Washington,53,65
395075,"Scranton, PA",PA,42540,"Scranton--Wilkes-Barre, PA",Metropolitan Statistical Area,,,,,Lackawanna County,Pennsylvania,42,69
395075,"Scranton, PA",PA,42540,"Scranton--Wilkes-Barre, PA",Metropolitan Statistical Area,,,,,Luzerne County,Pennsylvania,42,79
395075,"Scranton, PA",PA,42540,"Scranton--Wilkes-Barre, PA",Metropolitan Statistical Area,,,,,Wyoming County,Pennsylvania,42,131
394460,"Chattanooga, TN",TN,16860,"Chattanooga, TN-GA",Metropolitan Statistical Area,,,174,"Chattanooga-Cleveland-Dalton, TN-GA-AL",Catoosa County,Georgia,13,47
394460,"Chattanooga, TN",TN,16860,"Chattanooga, TN-GA",Metropolitan Statistical Area,,,174,"Chattanooga-Cleveland-Dalton, TN-GA-AL",Dade County,Georgia,13,83
394460,"Chattanooga, TN",TN,16860,"Chattanooga, TN-GA",Metropolitan Statistical Area,,,174,"Chattanooga-Cleveland-Dalton, TN-GA-AL",Walker County,Georgia,13,295
394460,"Chattanooga, TN",TN,16860,"Chattanooga, TN-GA",Metropolitan Statistical Area,,,174,"Chattanooga-Cleveland-Dalton, TN-GA-AL",Hamilton County,Tennessee,47,65
394460,"Chattanooga, TN",TN,16860,"Chattanooga, TN-GA",Metropolitan Statistical Area,,,174,"Chattanooga-Cleveland-Dalton, TN-GA-AL",Marion County,Tennessee,47,115
394460,"Chattanooga, TN",TN,16860,"Chattanooga, TN-GA",Metropolitan Statistical Area,,,174,"Chattanooga-Cleveland-Dalton, TN-GA-AL",Sequatchie County,Tennessee,47,153
394871,"Modesto, CA",CA,33700,"Modesto, CA",Metropolitan Statistical Area,,,488,"San Jose-San Francisco-Oakland, CA",Stanislaus County,California,6,99
394768,"Lancaster, PA",PA,29540,"Lancaster, PA",Metropolitan Statistical Area,,,,,Lancaster County,Pennsylvania,42,71
394997,"Portland, ME",ME,38860,"Portland-South Portland, ME",Metropolitan Statistical Area,,,438,"Portland-Lewiston-South Portland, ME",Cumberland County,Maine,23,5
394997,"Portland, ME",ME,38860,"Portland-South Portland, ME",Metropolitan Statistical Area,,,438,"Portland-Lewiston-South Portland, ME",Sagadahoc County,Maine,23,23
394997,"Portland, ME",ME,38860,"Portland-South Portland, ME",Metropolitan Statistical Area,,,438,"Portland-Lewiston-South Portland, ME",York County,Maine,23,31
395245,"Youngstown, OH",OH,49660,"Youngstown-Warren, OH",Metropolitan Statistical Area,,,566,"Youngstown-Warren-Salem, OH",Mahoning County,Ohio,39,99
395245,"Youngstown, OH",OH,49660,"Youngstown-Warren, OH",Metropolitan Statistical Area,,,566,"Youngstown-Warren-Salem, OH",Trumbull County,Ohio,39,155
394770,"Lansing, MI",MI,29620,"Lansing-East Lansing, MI",Metropolitan Statistical Area,,,330,"Lansing-East Lansing-Owosso, MI",Clinton County,Michigan,26,37
394770,"Lansing, MI",MI,29620,"Lansing-East Lansing, MI",Metropolitan Statistical Area,,,330,"Lansing-East Lansing-Owosso, MI",Eaton County,Michigan,26,45
394770,"Lansing, MI",MI,29620,"Lansing-East Lansing, MI",Metropolitan Statistical Area,,,330,"Lansing-East Lansing-Owosso, MI",Ingham County,Michigan,26,65
394590,"Fayetteville, AR",AR,22220,"Fayetteville-Springdale-Rogers, AR",Metropolitan Statistical Area,,,,,Benton County,Arkansas,5,7
394590,"Fayetteville, AR",AR,22220,"Fayetteville-Springdale-Rogers, AR",Metropolitan Statistical Area,,,,,Madison County,Arkansas,5,87
394590,"Fayetteville, AR",AR,22220,"Fayetteville-Springdale-Rogers, AR",Metropolitan Statistical Area,,,,,Washington County,Arkansas,5,143
394589,"Fayetteville, NC",NC,22180,"Fayetteville, NC",Metropolitan Statistical Area,,,246,"Fayetteville-Lumberton-Pinehurst, NC",Cumberland County,North Carolina,37,51
394589,"Fayetteville, NC",NC,22180,"Fayetteville, NC",Metropolitan Statistical Area,,,246,"Fayetteville-Lumberton-Pinehurst, NC",Hoke County,North Carolina,37,93
394792,"Lexington, KY",KY,30460,"Lexington-Fayette, KY",Metropolitan Statistical Area,,,336,"Lexington-Fayette--Richmond--Frankfort, KY",Bourbon County,Kentucky,21,17
394792,"Lexington, KY",KY,30460,"Lexington-Fayette, KY",Metropolitan Statistical Area,,,336,"Lexington-Fayette--Richmond--Frankfort, KY",Clark County,Kentucky,21,49
394792,"Lexington, KY",KY,30460,"Lexington-Fayette, KY",Metropolitan Statistical Area,,,336,"Lexington-Fayette--Richmond--Frankfort, KY",Fayette County,Kentucky,21,67
394792,"Lexington, KY",KY,30460,"Lexington-Fayette, KY",Metropolitan Statistical Area,,,336,"Lexington-Fayette--Richmond--Frankfort, KY",Jessamine County,Kentucky,21,113
394792,"Lexington, KY",KY,30460,"Lexington-Fayette, KY",Metropolitan Statistical Area,,,336,"Lexington-Fayette--Richmond--Frankfort, KY",Scott County,Kentucky,21,209
394792,"Lexington, KY",KY,30460,"Lexington-Fayette, KY",Metropolitan Statistical Area,,,336,"Lexington-Fayette--Richmond--Frankfort, KY",Woodford County,Kentucky,21,239
394971,"Pensacola, FL",FL,37860,"Pensacola-Ferry Pass-Brent, FL",Metropolitan Statistical Area,,,,,Escambia County,Florida,12,33
394971,"Pensacola, FL",FL,37860,"Pensacola-Ferry Pass-Brent, FL",Metropolitan Statistical Area,,,,,Santa Rosa County,Florida,12,113
395068,"Santa Rosa, CA",CA,42220,"Santa Rosa-Petaluma, CA",Metropolitan Statistical Area,,,,,Sonoma County,California,6,97
395019,"Reno, NV",NV,39900,"Reno, NV",Metropolitan Statistical Area,,,456,"Reno-Carson City-Gardnerville Ranchos, NV-CA",Lyon County,Nevada,32,19
395019,"Reno, NV",NV,39900,"Reno, NV",Metropolitan Statistical Area,,,456,"Reno-Carson City-Gardnerville Ranchos, NV-CA",Storey County,Nevada,32,29
395019,"Reno, NV",NV,39900,"Reno, NV",Metropolitan Statistical Area,,,456,"Reno-Carson City-Gardnerville Ranchos, NV-CA",Washoe County,Nevada,32,31
394698,"Huntsville, AL",AL,26620,"Huntsville, AL",Metropolitan Statistical Area,,,290,"Huntsville-Decatur-Albertville, AL-TN",Limestone County,Alabama,1,83
394698,"Huntsville, AL",AL,26620,"Huntsville, AL",Metropolitan Statistical Area,,,290,"Huntsville-Decatur-Albertville, AL-TN",Madison County,Alabama,1,89
394995,"Port St. Lucie, FL",FL,38940,"Port St. Lucie, FL",Metropolitan Statistical Area,,,370,"Miami-Port St. Lucie-Fort Lauderdale, FL",Martin County,Florida,12,85
394995,"Port St. Lucie, FL",FL,38940,"Port St. Lucie, FL",Metropolitan Statistical Area,,,370,"Miami-Port St. Lucie-Fort Lauderdale, FL",St. Lucie County,Florida,12,111
394761,"Lafayette, LA",LA,29180,"Lafayette, LA",Metropolitan Statistical Area,,,318,"Lafayette-New Iberia-Opelousas, LA",Acadia Parish,Louisiana,22,1
394761,"Lafayette, LA",LA,29180,"Lafayette, LA",Metropolitan Statistical Area,,,318,"Lafayette-New Iberia-Opelousas, LA",Lafayette Parish,Louisiana,22,55
394761,"Lafayette, LA",LA,29180,"Lafayette, LA",Metropolitan Statistical Area,,,318,"Lafayette-New Iberia-Opelousas, LA",St. Martin Parish,Louisiana,22,99
394761,"Lafayette, LA",LA,29180,"Lafayette, LA",Metropolitan Statistical Area,,,318,"Lafayette-New Iberia-Opelousas, LA",Vermilion Parish,Louisiana,22,113
394898,"Myrtle Beach, SC",SC,34820,"Myrtle Beach-Conway-North Myrtle Beach, SC",Metropolitan Statistical Area,,,396,"Myrtle Beach-Conway, SC",Horry County,South Carolina,45,51
395116,"Springfield, MO",MO,44180,"Springfield, MO",Metropolitan Statistical Area,,,,,Christian County,Missouri,29,43
395116,"Springfield, MO",MO,44180,"Springfield, MO",Metropolitan Statistical Area,,,,,Dallas County,Missouri,29,59
395116,"Springfield, MO",MO,44180,"Springfield, MO",Metropolitan Statistical Area,,,,,Greene County,Missouri,29,77
395116,"Springfield, MO",MO,44180,"Springfield, MO",Metropolitan Statistical Area,,,,,Polk County,Missouri,29,167
395116,"Springfield, MO",MO,44180,"Springfield, MO",Metropolitan Statistical Area,,,,,Webster County,Missouri,29,225
395195,"Visalia, CA",CA,47300,"Visalia, CA",Metropolitan Statistical Area,,,,,Tulare County,California,6,107
394746,"Killeen, TX",TX,28660,"Killeen-Temple, TX",Metropolitan Statistical Area,,,,,Bell County,Texas,48,27
394746,"Killeen, TX",TX,28660,"Killeen-Temple, TX",Metropolitan Statistical Area,,,,,Coryell County,Texas,48,99
394746,"Killeen, TX",TX,28660,"Killeen-Temple, TX",Metropolitan Statistical Area,,,,,Lampasas County,Texas,48,281
394338,"Asheville, NC",NC,11700,"Asheville, NC",Metropolitan Statistical Area,,,120,"Asheville-Waynesville-Brevard, NC",Buncombe County,North Carolina,37,21
394338,"Asheville, NC",NC,11700,"Asheville, NC",Metropolitan Statistical Area,,,120,"Asheville-Waynesville-Brevard, NC",Henderson County,North Carolina,37,89
394338,"Asheville, NC",NC,11700,"Asheville, NC",Metropolitan Statistical Area,,,120,"Asheville-Waynesville-Brevard, NC",Madison County,North Carolina,37,115
395244,"York, PA",PA,49620,"York-Hanover, PA",Metropolitan Statistical Area,,,276,"Harrisburg-York-Lebanon, PA",York County,Pennsylvania,42,133
395183,"Vallejo, CA",CA,46700,"Vallejo, CA",Metropolitan Statistical Area,,,488,"San Jose-San Francisco-Oakland, CA",Solano County,California,6,95
753917,"Santa Maria, CA",CA,42200,"Santa Maria-Santa Barbara, CA",Metropolitan Statistical Area,,,,,Santa Barbara County,California,6,83
395050,"Salinas, CA",CA,41500,"Salinas, CA",Metropolitan Statistical Area,,,,,Monterey County,California,6,53
395048,"Salem, OR",OR,41420,"Salem, OR",Metropolitan Statistical Area,,,440,"Portland-Vancouver-Salem, OR-WA",Marion County,Oregon,41,47
395048,"Salem, OR",OR,41420,"Salem, OR",Metropolitan Statistical Area,,,440,"Portland-Vancouver-Salem, OR-WA",Polk County,Oregon,41,53
394870,"Mobile, AL",AL,33660,"Mobile, AL",Metropolitan Statistical Area,,,380,"Mobile-Daphne-Fairhope, AL",Mobile County,Alabama,1,97
395015,"Reading, PA",PA,39740,"Reading, PA",Metropolitan Statistical Area,,,428,"Philadelphia-Reading-Camden, PA-NJ-DE-MD",Berks County,Pennsylvania,42,11
394502,"Corpus Christi, TX",TX,18580,"Corpus Christi, TX",Metropolitan Statistical Area,,,204,"Corpus Christi-Kingsville-Alice, TX",Aransas County,Texas,48,7
394502,"Corpus Christi, TX",TX,18580,"Corpus Christi, TX",Metropolitan Statistical Area,,,204,"Corpus Christi-Kingsville-Alice, TX",Nueces County,Texas,48,355
394502,"Corpus Christi, TX",TX,18580,"Corpus Christi, TX",Metropolitan Statistical Area,,,204,"Corpus Christi-Kingsville-Alice, TX",San Patricio County,Texas,48,409
394421,"Brownsville, TX",TX,15180,"Brownsville-Harlingen, TX",Metropolitan Statistical Area,,,154,"Brownsville-Harlingen-Raymondville, TX",Cameron County,Texas,48,61
394820,"Manchester, NH",NH,31700,"Manchester-Nashua, NH",Metropolitan Statistical Area,,,148,"Boston-Worcester-Providence, MA-RI-NH",Hillsborough County,New Hampshire,33,11
394612,"Fort Wayne, IN",IN,23060,"Fort Wayne, IN",Metropolitan Statistical Area,,,258,"Fort Wayne-Huntington-Auburn, IN",Allen County,Indiana,18,3
394612,"Fort Wayne, IN",IN,23060,"Fort Wayne, IN",Metropolitan Statistical Area,,,258,"Fort Wayne-Huntington-Auburn, IN",Wells County,Indiana,18,179
394612,"Fort Wayne, IN",IN,23060,"Fort Wayne, IN",Metropolitan Statistical Area,,,258,"Fort Wayne-Huntington-Auburn, IN",Whitley County,Indiana,18,183
394658,"Gulfport, MS",MS,25060,"Gulfport-Biloxi, MS",Metropolitan Statistical Area,,,,,Hancock County,Mississippi,28,45
394658,"Gulfport, MS",MS,25060,"Gulfport-Biloxi, MS",Metropolitan Statistical Area,,,,,Harrison County,Mississippi,28,47
394658,"Gulfport, MS",MS,25060,"Gulfport-Biloxi, MS",Metropolitan Statistical Area,,,,,Jackson County,Mississippi,28,59
394658,"Gulfport, MS",MS,25060,"Gulfport-Biloxi, MS",Metropolitan Statistical Area,,,,,Stone County,Mississippi,28,131
395051,"Salisbury, MD",DE,41540,"Salisbury, MD",Metropolitan Statistical Area,,,480,"Salisbury-Ocean Pines, MD",Somerset County,Maryland,24,39
395051,"Salisbury, MD",DE,41540,"Salisbury, MD",Metropolitan Statistical Area,,,480,"Salisbury-Ocean Pines, MD",Wicomico County,Maryland,24,45
394596,"Flint, MI",MI,22420,"Flint, MI",Metropolitan Statistical Area,,,220,"Detroit-Warren-Ann Arbor, MI",Genesee County,Michigan,26,49
394972,"Peoria, IL",IL,37900,"Peoria, IL",Metropolitan Statistical Area,,,427,"Peoria-Canton, IL",Marshall County,Illinois,17,123
394972,"Peoria, IL",IL,37900,"Peoria, IL",Metropolitan Statistical Area,,,427,"Peoria-Canton, IL",Peoria County,Illinois,17,143
394972,"Peoria, IL",IL,37900,"Peoria, IL",Metropolitan Statistical Area,,,427,"Peoria-Canton, IL",Stark County,Illinois,17,175
394972,"Peoria, IL",IL,37900,"Peoria, IL",Metropolitan Statistical Area,,,427,"Peoria-Canton, IL",Tazewell County,Illinois,17,179
394972,"Peoria, IL",IL,37900,"Peoria, IL",Metropolitan Statistical Area,,,427,"Peoria-Canton, IL",Woodford County,Illinois,17,203
394439,"Canton, OH",OH,15940,"Canton-Massillon, OH",Metropolitan Statistical Area,,,184,"Cleveland-Akron-Canton, OH",Carroll County,Ohio,39,19
394439,"Canton, OH",OH,15940,"Canton-Massillon, OH",Metropolitan Statistical Area,,,184,"Cleveland-Akron-Canton, OH",Stark County,Ohio,39,151
395070,"Savannah, GA",GA,42340,"Savannah, GA",Metropolitan Statistical Area,,,496,"Savannah-Hinesville-Statesboro, GA",Bryan County,Georgia,13,29
395070,"Savannah, GA",GA,42340,"Savannah, GA",Metropolitan Statistical Area,,,496,"Savannah-Hinesville-Statesboro, GA",Chatham County,Georgia,13,51
395070,"Savannah, GA",GA,42340,"Savannah, GA",Metropolitan Statistical Area,,,496,"Savannah-Hinesville-Statesboro, GA",Effingham County,Georgia,13,103
394327,"Anchorage, AK",AK,11260,"Anchorage, AK",Metropolitan Statistical Area,,,,,Anchorage Municipality,Alaska,2,20
394327,"Anchorage, AK",AK,11260,"Anchorage, AK",Metropolitan Statistical Area,,,,,Matanuska-Susitna Borough,Alaska,2,170
394372,"Beaumont, TX",TX,13140,"Beaumont-Port Arthur, TX",Metropolitan Statistical Area,,,,,Hardin County,Texas,48,199
394372,"Beaumont, TX",TX,13140,"Beaumont-Port Arthur, TX",Metropolitan Statistical Area,,,,,Jefferson County,Texas,48,245
394372,"Beaumont, TX",TX,13140,"Beaumont-Port Arthur, TX",Metropolitan Statistical Area,,,,,Orange County,Texas,48,361
395096,"Shreveport, LA",LA,43340,"Shreveport-Bossier City, LA",Metropolitan Statistical Area,,,508,"Shreveport-Bossier City-Minden, LA",Bossier Parish,Louisiana,22,15
395096,"Shreveport, LA",LA,43340,"Shreveport-Bossier City, LA",Metropolitan Statistical Area,,,508,"Shreveport-Bossier City-Minden, LA",Caddo Parish,Louisiana,22,17
395096,"Shreveport, LA",LA,43340,"Shreveport-Bossier City, LA",Metropolitan Statistical Area,,,508,"Shreveport-Bossier City-Minden, LA",De Soto Parish,Louisiana,22,31
395164,"Trenton, NJ",NJ,45940,"Trenton-Princeton, NJ",Metropolitan Statistical Area,,,408,"New York-Newark, NY-NJ-CT-PA",Mercer County,New Jersey,34,21
394875,"Montgomery, AL",AL,33860,"Montgomery, AL",Metropolitan Statistical Area,,,388,"Montgomery-Selma, AL",Autauga County,Alabama,1,1
394875,"Montgomery, AL",AL,33860,"Montgomery, AL",Metropolitan Statistical Area,,,388,"Montgomery-Selma, AL",Elmore County,Alabama,1,51
394875,"Montgomery, AL",AL,33860,"Montgomery, AL",Metropolitan Statistical Area,,,388,"Montgomery-Selma, AL",Lowndes County,Alabama,1,85
394875,"Montgomery, AL",AL,33860,"Montgomery, AL",Metropolitan Statistical Area,,,388,"Montgomery-Selma, AL",Montgomery County,Alabama,1,101
394520,"Davenport, IA",IL,19340,"Davenport-Moline-Rock Island, IA-IL",Metropolitan Statistical Area,,,209,"Davenport-Moline, IA-IL",Henry County,Illinois,17,73
394520,"Davenport, IA",IL,19340,"Davenport-Moline-Rock Island, IA-IL",Metropolitan Statistical Area,,,209,"Davenport-Moline, IA-IL",Mercer County,Illinois,17,131
394520,"Davenport, IA",IL,19340,"Davenport-Moline-Rock Island, IA-IL",Metropolitan Statistical Area,,,209,"Davenport-Moline, IA-IL",Rock Island County,Illinois,17,161
394520,"Davenport, IA",IL,19340,"Davenport-Moline-Rock Island, IA-IL",Metropolitan Statistical Area,,,209,"Davenport-Moline, IA-IL",Scott County,Iowa,19,163
395146,"Tallahassee, FL",FL,45220,"Tallahassee, FL",Metropolitan Statistical Area,,,533,"Tallahassee-Bainbridge, FL-GA",Gadsden County,Florida,12,39
395146,"Tallahassee, FL",FL,45220,"Tallahassee, FL",Metropolitan Statistical Area,,,533,"Tallahassee-Bainbridge, FL-GA",Jefferson County,Florida,12,65
395146,"Tallahassee, FL",FL,45220,"Tallahassee, FL",Metropolitan Statistical Area,,,533,"Tallahassee-Bainbridge, FL-GA",Leon County,Florida,12,73
395146,"Tallahassee, FL",FL,45220,"Tallahassee, FL",Metropolitan Statistical Area,,,533,"Tallahassee-Bainbridge, FL-GA",Wakulla County,Florida,12,129
394576,"Eugene, OR",OR,21660,"Eugene-Springfield, OR",Metropolitan Statistical Area,,,,,Lane County,Oregon,41,39
394901,"Naples, FL",FL,34940,"Naples-Marco Island, FL",Metropolitan Statistical Area,,,163,"Cape Coral-Fort Myers-Naples, FL",Collier County,Florida,12,21
394332,"Ann Arbor, MI",MI,11460,"Ann Arbor, MI",Metropolitan Statistical Area,,,220,"Detroit-Warren-Ann Arbor, MI",Washtenaw County,Michigan,26,161
394927,"Ocala, FL",FL,36100,"Ocala, FL",Metropolitan Statistical Area,,,,,Marion County,Florida,12,83
394679,"Hickory, NC",NC,25860,"Hickory-Lenoir-Morganton, NC",Metropolitan Statistical Area,,,172,"Charlotte-Concord, NC-SC",Alexander County,North Carolina,37,3
394679,"Hickory, NC",NC,25860,"Hickory-Lenoir-Morganton, NC",Metropolitan Statistical Area,,,172,"Charlotte-Concord, NC-SC",Burke County,North Carolina,37,23
394679,"Hickory, NC",NC,25860,"Hickory-Lenoir-Morganton, NC",Metropolitan Statistical Area,,,172,"Charlotte-Concord, NC-SC",Caldwell County,North Carolina,37,27
394679,"Hickory, NC",NC,25860,"Hickory-Lenoir-Morganton, NC",Metropolitan Statistical Area,,,172,"Charlotte-Concord, NC-SC",Catawba County,North Carolina,37,35
394697,"Huntington, WV",OH,26580,"Huntington-Ashland, WV-KY-OH",Metropolitan Statistical Area,,,170,"Charleston-Huntington-Ashland, WV-OH-KY",Boyd County,Kentucky,21,19
394697,"Huntington, WV",OH,26580,"Huntington-Ashland, WV-KY-OH",Metropolitan Statistical Area,,,170,"Charleston-Huntington-Ashland, WV-OH-KY",Carter County,Kentucky,21,43
394697,"Huntington, WV",OH,26580,"Huntington-Ashland, WV-KY-OH",Metropolitan Statistical Area,,,170,"Charleston-Huntington-Ashland, WV-OH-KY",Greenup County,Kentucky,21,89
394697,"Huntington, WV",OH,26580,"Huntington-Ashland, WV-KY-OH",Metropolitan Statistical Area,,,170,"Charleston-Huntington-Ashland, WV-OH-KY",Lawrence County,Kentucky,21,127
394697,"Huntington, WV",OH,26580,"Huntington-Ashland, WV-KY-OH",Metropolitan Statistical Area,,,170,"Charleston-Huntington-Ashland, WV-OH-KY",Lawrence County,Ohio,39,87
394697,"Huntington, WV",OH,26580,"Huntington-Ashland, WV-KY-OH",Metropolitan Statistical Area,,,170,"Charleston-Huntington-Ashland, WV-OH-KY",Cabell County,West Virginia,54,11
394697,"Huntington, WV",OH,26580,"Huntington-Ashland, WV-KY-OH",Metropolitan Statistical Area,,,170,"Charleston-Huntington-Ashland, WV-OH-KY",Putnam County,West Virginia,54,79
394697,"Huntington, WV",OH,26580,"Huntington-Ashland, WV-KY-OH",Metropolitan Statistical Area,,,170,"Charleston-Huntington-Ashland, WV-OH-KY",Wayne County,West Virginia,54,99
394602,"Fort Collins, CO",CO,22660,"Fort Collins-Loveland, CO",Metropolitan Statistical Area,,,,,Larimer County,Colorado,8,69
395033,"Rockford, IL",IL,40420,"Rockford, IL",Metropolitan Statistical Area,,,466,"Rockford-Freeport-Rochelle, IL",Boone County,Illinois,17,7
395033,"Rockford, IL",IL,40420,"Rockford, IL",Metropolitan Statistical Area,,,466,"Rockford-Freeport-Rochelle, IL",Winnebago County,Illinois,17,201
394796,"Lincoln, NE",NE,30700,"Lincoln, NE",Metropolitan Statistical Area,,,339,"Lincoln-Beatrice, NE",Lancaster County,Nebraska,31,109
394796,"Lincoln, NE",NE,30700,"Lincoln, NE",Metropolitan Statistical Area,,,339,"Lincoln-Beatrice, NE",Seward County,Nebraska,31,159
394622,"Gainesville, FL",FL,23540,"Gainesville, FL",Metropolitan Statistical Area,,,264,"Gainesville-Lake City, FL",Alachua County,Florida,12,1
394622,"Gainesville, FL",FL,23540,"Gainesville, FL",Metropolitan Statistical Area,,,264,"Gainesville-Lake City, FL",Gilchrist County,Florida,12,41
394622,"Gainesville, FL",FL,23540,"Gainesville, FL",Metropolitan Statistical Area,,,264,"Gainesville-Lake City, FL",Levy County,Florida,12,75
394405,"Boulder, CO",CO,14500,"Boulder, CO",Metropolitan Statistical Area,,,216,"Denver-Aurora-Greeley, CO",Boulder County,Colorado,8,13
394646,"Green Bay, WI",WI,24580,"Green Bay, WI",Metropolitan Statistical Area,,,267,"Green Bay-Shawano, WI",Brown County,Wisconsin,55,9
394646,"Green Bay, WI",WI,24580,"Green Bay, WI",Metropolitan Statistical Area,,,267,"Green Bay-Shawano, WI",Kewaunee County,Wisconsin,55,61
394646,"Green Bay, WI",WI,24580,"Green Bay, WI",Metropolitan Statistical Area,,,267,"Green Bay-Shawano, WI",Oconto County,Wisconsin,55,83
394488,"Columbus, GA",GA,17980,"Columbus, GA-AL",Metropolitan Statistical Area,,,194,"Columbus-Auburn-Opelika, GA-AL",Russell County,Alabama,1,113
394488,"Columbus, GA",GA,17980,"Columbus, GA-AL",Metropolitan Statistical Area,,,194,"Columbus-Auburn-Opelika, GA-AL",Chattahoochee County,Georgia,13,53
394488,"Columbus, GA",GA,17980,"Columbus, GA-AL",Metropolitan Statistical Area,,,194,"Columbus-Auburn-Opelika, GA-AL",Harris County,Georgia,13,145
394488,"Columbus, GA",GA,17980,"Columbus, GA-AL",Metropolitan Statistical Area,,,194,"Columbus-Auburn-Opelika, GA-AL",Marion County,Georgia,13,197
394488,"Columbus, GA",GA,17980,"Columbus, GA-AL",Metropolitan Statistical Area,,,194,"Columbus-Auburn-Opelika, GA-AL",Muscogee County,Georgia,13,215
394488,"Columbus, GA",GA,17980,"Columbus, GA-AL",Metropolitan Statistical Area,,,194,"Columbus-Auburn-Opelika, GA-AL",Stewart County,Georgia,13,259
394488,"Columbus, GA",GA,17980,"Columbus, GA-AL",Metropolitan Statistical Area,,,194,"Columbus-Auburn-Opelika, GA-AL",Talbot County,Georgia,13,263
395107,"South Bend, IN",IN,43780,"South Bend-Mishawaka, IN-MI",Metropolitan Statistical Area,,,515,"South Bend-Elkhart-Mishawaka, IN-MI",St. Joseph County,Indiana,18,141
395107,"South Bend, IN",IN,43780,"South Bend-Mishawaka, IN-MI",Metropolitan Statistical Area,,,515,"South Bend-Elkhart-Mishawaka, IN-MI",Cass County,Michigan,26,27
395109,"Spartanburg, SC",SC,43900,"Spartanburg, SC",Metropolitan Statistical Area,,,273,"Greenville-Spartanburg-Anderson, SC",Spartanburg County,South Carolina,45,83
395109,"Spartanburg, SC",SC,43900,"Spartanburg, SC",Metropolitan Statistical Area,,,273,"Greenville-Spartanburg-Anderson, SC",Union County,South Carolina,45,87
394645,"Greeley, CO",CO,24540,"Greeley, CO",Metropolitan Statistical Area,,,216,"Denver-Aurora-Greeley, CO",Weld County,Colorado,8,123
394808,"Lubbock, TX",TX,31180,"Lubbock, TX",Metropolitan Statistical Area,,,352,"Lubbock-Plainview, TX",Cochran County,Texas,48,79
394808,"Lubbock, TX",TX,31180,"Lubbock, TX",Metropolitan Statistical Area,,,352,"Lubbock-Plainview, TX",Crosby County,Texas,48,107
394808,"Lubbock, TX",TX,31180,"Lubbock, TX",Metropolitan Statistical Area,,,352,"Lubbock-Plainview, TX",Garza County,Texas,48,169
394808,"Lubbock, TX",TX,31180,"Lubbock, TX",Metropolitan Statistical Area,,,352,"Lubbock-Plainview, TX",Hockley County,Texas,48,219
394808,"Lubbock, TX",TX,31180,"Lubbock, TX",Metropolitan Statistical Area,,,352,"Lubbock-Plainview, TX",Lubbock County,Texas,48,303
394808,"Lubbock, TX",TX,31180,"Lubbock, TX",Metropolitan Statistical Area,,,352,"Lubbock-Plainview, TX",Lynn County,Texas,48,305
394471,"Clarksville, TN",TN,17300,"Clarksville, TN-KY",Metropolitan Statistical Area,,,,,Christian County,Kentucky,21,47
394471,"Clarksville, TN",TN,17300,"Clarksville, TN-KY",Metropolitan Statistical Area,,,,,Trigg County,Kentucky,21,221
394471,"Clarksville, TN",TN,17300,"Clarksville, TN-KY",Metropolitan Statistical Area,,,,,Montgomery County,Tennessee,47,125
394471,"Clarksville, TN",TN,17300,"Clarksville, TN-KY",Metropolitan Statistical Area,,,,,Stewart County,Tennessee,47,161
395028,"Roanoke, VA",VA,40220,"Roanoke, VA",Metropolitan Statistical Area,,,,,Botetourt County,Virginia,51,23
395028,"Roanoke, VA",VA,40220,"Roanoke, VA",Metropolitan Statistical Area,,,,,Craig County,Virginia,51,45
395028,"Roanoke, VA",VA,40220,"Roanoke, VA",Metropolitan Statistical Area,,,,,Franklin County,Virginia,51,67
395028,"Roanoke, VA",VA,40220,"Roanoke, VA",Metropolitan Statistical Area,,,,,Roanoke County,Virginia,51,161
395028,"Roanoke, VA",VA,40220,"Roanoke, VA",Metropolitan Statistical Area,,,,,Roanoke city,Virginia,51,770
395028,"Roanoke, VA",VA,40220,"Roanoke, VA",Metropolitan Statistical Area,,,,,Salem city,Virginia,51,775
394579,"Evansville, IN",IN,21780,"Evansville, IN",Metropolitan Statistical Area,,,241,"Evansville-Henderson, IN-KY",Posey County,Indiana,18,129
394579,"Evansville, IN",IN,21780,"Evansville, IN",Metropolitan Statistical Area,,,241,"Evansville-Henderson, IN-KY",Vanderburgh County,Indiana,18,163
394579,"Evansville, IN",IN,21780,"Evansville, IN",Metropolitan Statistical Area,,,241,"Evansville-Henderson, IN-KY",Warrick County,Indiana,18,173
394747,"Kingsport, TN",TN,28700,"Kingsport-Bristol, TN-VA",Metropolitan Statistical Area,,,304,"Johnson City-Kingsport-Bristol, TN-VA",Hawkins County,Tennessee,47,73
394747,"Kingsport, TN",TN,28700,"Kingsport-Bristol, TN-VA",Metropolitan Statistical Area,,,304,"Johnson City-Kingsport-Bristol, TN-VA",Sullivan County,Tennessee,47,163
394747,"Kingsport, TN",TN,28700,"Kingsport-Bristol, TN-VA",Metropolitan Statistical Area,,,304,"Johnson City-Kingsport-Bristol, TN-VA",Scott County,Virginia,51,169
394747,"Kingsport, TN",TN,28700,"Kingsport-Bristol, TN-VA",Metropolitan Statistical Area,,,304,"Johnson City-Kingsport-Bristol, TN-VA",Washington County,Virginia,51,191
394747,"Kingsport, TN",TN,28700,"Kingsport-Bristol, TN-VA",Metropolitan Statistical Area,,,304,"Johnson City-Kingsport-Bristol, TN-VA",Bristol city,Virginia,51,520
394741,"Kennewick, WA",WA,28420,"Kennewick-Richland, WA",Metropolitan Statistical Area,,,314,"Kennewick-Richland-Walla Walla, WA",Benton County,Washington,53,5
394741,"Kennewick, WA",WA,28420,"Kennewick-Richland, WA",Metropolitan Statistical Area,,,314,"Kennewick-Richland-Walla Walla, WA",Franklin County,Washington,53,21
395179,"Utica, NY",NY,46540,"Utica-Rome, NY",Metropolitan Statistical Area,,,,,Herkimer County,New York,36,43
395179,"Utica, NY",NY,46540,"Utica-Rome, NY",Metropolitan Statistical Area,,,,,Oneida County,New York,36,65
394660,"Hagerstown, MD",MD,25180,"Hagerstown-Martinsburg, MD-WV",Metropolitan Statistical Area,,,548,"Washington-Baltimore-Arlington, DC-MD-VA-WV-PA",Washington County,Maryland,24,43
394660,"Hagerstown, MD",MD,25180,"Hagerstown-Martinsburg, MD-WV",Metropolitan Statistical Area,,,548,"Washington-Baltimore-Arlington, DC-MD-VA-WV-PA",Berkeley County,West Virginia,54,3
394660,"Hagerstown, MD",MD,25180,"Hagerstown-Martinsburg, MD-WV",Metropolitan Statistical Area,,,548,"Washington-Baltimore-Arlington, DC-MD-VA-WV-PA",Morgan County,West Virginia,54,65
394543,"Duluth, MN",MN,20260,"Duluth, MN-WI",Metropolitan Statistical Area,,,228,"Duluth-Grand Rapids, MN-WI",Carlton County,Minnesota,27,17
394543,"Duluth, MN",MN,20260,"Duluth, MN-WI",Metropolitan Statistical Area,,,228,"Duluth-Grand Rapids, MN-WI",St. Louis County,Minnesota,27,137
394543,"Duluth, MN",MN,20260,"Duluth, MN-WI",Metropolitan Statistical Area,,,228,"Duluth-Grand Rapids, MN-WI",Douglas County,Wisconsin,55,31
394937,"Olympia, WA",WA,36500,"Olympia-Lacey-Tumwater, WA",Metropolitan Statistical Area,,,500,"Seattle-Tacoma, WA",Thurston County,Washington,53,67
394803,"Longview, TX",TX,30980,"Longview, TX",Metropolitan Statistical Area,,,,,Gregg County,Texas,48,183
394803,"Longview, TX",TX,30980,"Longview, TX",Metropolitan Statistical Area,,,,,Harrison County,Texas,48,203
394803,"Longview, TX",TX,30980,"Longview, TX",Metropolitan Statistical Area,,,,,Rusk County,Texas,48,401
394803,"Longview, TX",TX,30980,"Longview, TX",Metropolitan Statistical Area,,,,,Upshur County,Texas,48,459
395229,"Wilmington, NC",NC,48900,"Wilmington, NC",Metropolitan Statistical Area,,,,,Brunswick County,North Carolina,37,19
395229,"Wilmington, NC",NC,48900,"Wilmington, NC",Metropolitan Statistical Area,,,,,New Hanover County,North Carolina,37,129
395229,"Wilmington, NC",NC,48900,"Wilmington, NC",Metropolitan Statistical Area,,,,,Pender County,North Carolina,37,141
395061,"San Luis Obispo, CA",CA,42020,"San Luis Obispo-Paso Robles, CA",Metropolitan Statistical Area,,,,,San Luis Obispo County,California,6,79
753875,"Crestview, FL",FL,18880,"Crestview-Fort Walton Beach-Destin, FL",Metropolitan Statistical Area,,,,,Okaloosa County,Florida,12,91
753875,"Crestview, FL",FL,18880,"Crestview-Fort Walton Beach-Destin, FL",Metropolitan Statistical Area,,,,,Walton County,Florida,12,131
394851,"Merced, CA",CA,32900,"Merced, CA",Metropolitan Statistical Area,,,488,"San Jose-San Francisco-Oakland, CA",Merced County,California,6,47
395197,"Waco, TX",TX,47380,"Waco, TX",Metropolitan Statistical Area,,,,,Bosque County,Texas,48,35
395197,"Waco, TX",TX,47380,"Waco, TX",Metropolitan Statistical Area,,,,,Falls County,Texas,48,145
395197,"Waco, TX",TX,47380,"Waco, TX",Metropolitan Statistical Area,,,,,McLennan County,Texas,48,309
394447,"Cedar Rapids, IA",IA,16300,"Cedar Rapids, IA",Metropolitan Statistical Area,,,168,"Cedar Rapids-Iowa City, IA",Benton County,Iowa,19,11
394447,"Cedar Rapids, IA",IA,16300,"Cedar Rapids, IA",Metropolitan Statistical Area,,,168,"Cedar Rapids-Iowa City, IA",Jones County,Iowa,19,105
394447,"Cedar Rapids, IA",IA,16300,"Cedar Rapids, IA",Metropolitan Statistical Area,,,168,"Cedar Rapids-Iowa City, IA",Linn County,Iowa,19,113
394348,"Atlantic City, NJ",NJ,12100,"Atlantic City-Hammonton, NJ",Metropolitan Statistical Area,,,428,"Philadelphia-Reading-Camden, PA-NJ-DE-MD",Atlantic County,New Jersey,34,1
394348,"Atlantic City, NJ",NJ,12100,"Atlantic City-Hammonton, NJ",Metropolitan Statistical Area,,,428,"Philadelphia-Reading-Camden, PA-NJ-DE-MD",Cape May County,New Jersey,34,9
394412,"Bremerton, WA",WA,14740,"Bremerton-Silverdale-Port Orchard, WA",Metropolitan Statistical Area,,,500,"Seattle-Tacoma, WA",Kitsap County,Washington,53,35
395103,"Sioux Falls, SD",SD,43620,"Sioux Falls, SD-MN",Metropolitan Statistical Area,,,,,Rock County,Minnesota,27,133
395103,"Sioux Falls, SD",SD,43620,"Sioux Falls, SD-MN",Metropolitan Statistical Area,,,,,Lincoln County,South Dakota,46,83
395103,"Sioux Falls, SD",SD,43620,"Sioux Falls, SD-MN",Metropolitan Statistical Area,,,,,McCook County,South Dakota,46,87
395103,"Sioux Falls, SD",SD,43620,"Sioux Falls, SD-MN",Metropolitan Statistical Area,,,,,Minnehaha County,South Dakota,46,99
395103,"Sioux Falls, SD",SD,43620,"Sioux Falls, SD-MN",Metropolitan Statistical Area,,,,,Turner County,South Dakota,46,125
395065,"Santa Cruz, CA",CA,42100,"Santa Cruz-Watsonville, CA",Metropolitan Statistical Area,,,488,"San Jose-San Francisco-Oakland, CA",Santa Cruz County,California,6,87
394572,"Erie, PA",PA,21500,"Erie, PA",Metropolitan Statistical Area,,,240,"Erie-Meadville, PA",Erie County,Pennsylvania,42,49
394924,"Norwich, CT",CT,35980,"Norwich-New London-Willimantic, CT",Metropolitan Statistical Area,,,405,"New Haven-Hartford-Waterbury, CT",Southeastern Connecticut Planning Region,Connecticut,9,180
394323,"Amarillo, TX",TX,11100,"Amarillo, TX",Metropolitan Statistical Area,,,108,"Amarillo-Borger, TX",Armstrong County,Texas,48,11
394323,"Amarillo, TX",TX,11100,"Amarillo, TX",Metropolitan Statistical Area,,,108,"Amarillo-Borger, TX",Carson County,Texas,48,65
394323,"Amarillo, TX",TX,11100,"Amarillo, TX",Metropolitan Statistical Area,,,108,"Amarillo-Borger, TX",Oldham County,Texas,48,359
394323,"Amarillo, TX",TX,11100,"Amarillo, TX",Metropolitan Statistical Area,,,108,"Amarillo-Borger, TX",Potter County,Texas,48,375
394323,"Amarillo, TX",TX,11100,"Amarillo, TX",Metropolitan Statistical Area,,,108,"Amarillo-Borger, TX",Randall County,Texas,48,381
394772,"Laredo, TX",TX,29700,"Laredo, TX",Metropolitan Statistical Area,,,,,Webb County,Texas,48,479
395171,"Tuscaloosa, AL",AL,46220,"Tuscaloosa, AL",Metropolitan Statistical Area,,,,,Greene County,Alabama,1,63
395171,"Tuscaloosa, AL",AL,46220,"Tuscaloosa, AL",Metropolitan Statistical Area,,,,,Hale County,Alabama,1,65
395171,"Tuscaloosa, AL",AL,46220,"Tuscaloosa, AL",Metropolitan Statistical Area,,,,,Pickens County,Alabama,1,107
395171,"Tuscaloosa, AL",AL,46220,"Tuscaloosa, AL",Metropolitan Statistical Area,,,,,Tuscaloosa County,Alabama,1,125
394483,"College Station, TX",TX,17780,"College Station-Bryan, TX",Metropolitan Statistical Area,,,,,Brazos County,Texas,48,41
394483,"College Station, TX",TX,17780,"College Station-Bryan, TX",Metropolitan Statistical Area,,,,,Burleson County,Texas,48,51
394483,"College Station, TX",TX,17780,"College Station-Bryan, TX",Metropolitan Statistical Area,,,,,Robertson County,Texas,48,395
394732,"Kalamazoo, MI",MI,28020,"Kalamazoo-Portage, MI",Metropolitan Statistical Area,,,310,"Kalamazoo-Battle Creek-Portage, MI",Kalamazoo County,Michigan,26,77
394811,"Lynchburg, VA",VA,31340,"Lynchburg, VA",Metropolitan Statistical Area,,,,,Amherst County,Virginia,51,9
394811,"Lynchburg, VA",VA,31340,"Lynchburg, VA",Metropolitan Statistical Area,,,,,Appomattox County,Virginia,51,11
394811,"Lynchburg, VA",VA,31340,"Lynchburg, VA",Metropolitan Statistical Area,,,,,Bedford County,Virginia,51,19
394811,"Lynchburg, VA",VA,31340,"Lynchburg, VA",Metropolitan Statistical Area,,,,,Campbell County,Virginia,51,31
394811,"Lynchburg, VA",VA,31340,"Lynchburg, VA",Metropolitan Statistical Area,,,,,Lynchburg city,Virginia,51,680
394455,"Charleston, WV",WV,16620,"Charleston, WV",Metropolitan Statistical Area,,,170,"Charleston-Huntington-Ashland, WV-OH-KY",Boone County,West Virginia,54,5
394455,"Charleston, WV",WV,16620,"Charleston, WV",Metropolitan Statistical Area,,,170,"Charleston-Huntington-Ashland, WV-OH-KY",Clay County,West Virginia,54,15
394455,"Charleston, WV",WV,16620,"Charleston, WV",Metropolitan Statistical Area,,,170,"Charleston-Huntington-Ashland, WV-OH-KY",Kanawha County,West Virginia,54,39
395240,"Yakima, WA",WA,49420,"Yakima, WA",Metropolitan Statistical Area,,,,,Yakima County,Washington,53,77
394585,"Fargo, ND",ND,22020,"Fargo, ND-MN",Metropolitan Statistical Area,,,244,"Fargo-Wahpeton, ND-MN",Clay County,Minnesota,27,27
394585,"Fargo, ND",ND,22020,"Fargo, ND-MN",Metropolitan Statistical Area,,,244,"Fargo-Wahpeton, ND-MN",Cass County,North Dakota,38,17
394387,"Binghamton, NY",NY,13780,"Binghamton, NY",Metropolitan Statistical Area,,,,,Broome County,New York,36,7
394387,"Binghamton, NY",NY,13780,"Binghamton, NY",Metropolitan Statistical Area,,,,,Tioga County,New York,36,107
394609,"Fort Smith, AR",AR,22900,"Fort Smith, AR-OK",Metropolitan Statistical Area,,,,,Crawford County,Arkansas,5,33
394609,"Fort Smith, AR",AR,22900,"Fort Smith, AR-OK",Metropolitan Statistical Area,,,,,Sebastian County,Arkansas,5,131
394609,"Fort Smith, AR",AR,22900,"Fort Smith, AR-OK",Metropolitan Statistical Area,,,,,Sequoyah County,Oklahoma,40,135
394334,"Appleton, WI",WI,11540,"Appleton, WI",Metropolitan Statistical Area,,,118,"Appleton-Oshkosh-Neenah, WI",Calumet County,Wisconsin,55,15
394334,"Appleton, WI",WI,11540,"Appleton, WI",Metropolitan Statistical Area,,,118,"Appleton-Oshkosh-Neenah, WI",Outagamie County,Wisconsin,55,87
395161,"Topeka, KS",KS,45820,"Topeka, KS",Metropolitan Statistical Area,,,,,Jackson County,Kansas,20,85
395161,"Topeka, KS",KS,45820,"Topeka, KS",Metropolitan Statistical Area,,,,,Jefferson County,Kansas,20,87
395161,"Topeka, KS",KS,45820,"Topeka, KS",Metropolitan Statistical Area,,,,,Osage County,Kansas,20,139
395161,"Topeka, KS",KS,45820,"Topeka, KS",Metropolitan Statistical Area,,,,,Shawnee County,Kansas,20,177
395161,"Topeka, KS",KS,45820,"Topeka, KS",Metropolitan Statistical Area,,,,,Wabaunsee County,Kansas,20,197
394813,"Macon, GA",GA,31420,"Macon-Bibb County, GA",Metropolitan Statistical Area,,,356,"Macon-Bibb County--Warner Robins, GA",Bibb County,Georgia,13,21
394813,"Macon, GA",GA,31420,"Macon-Bibb County, GA",Metropolitan Statistical Area,,,356,"Macon-Bibb County--Warner Robins, GA",Crawford County,Georgia,13,79
394813,"Macon, GA",GA,31420,"Macon-Bibb County, GA",Metropolitan Statistical Area,,,356,"Macon-Bibb County--Warner Robins, GA",Jones County,Georgia,13,169
394813,"Macon, GA",GA,31420,"Macon-Bibb County, GA",Metropolitan Statistical Area,,,356,"Macon-Bibb County--Warner Robins, GA",Monroe County,Georgia,13,207
394813,"Macon, GA",GA,31420,"Macon-Bibb County, GA",Metropolitan Statistical Area,,,356,"Macon-Bibb County--Warner Robins, GA",Twiggs County,Georgia,13,289
395174,"Tyler, TX",TX,46340,"Tyler, TX",Metropolitan Statistical Area,,,540,"Tyler-Jacksonville, TX",Smith County,Texas,48,423
394361,"Barnstable Town, MA",MA,12700,"Barnstable Town, MA",Metropolitan Statistical Area,,,148,"Boston-Worcester-Providence, MA-RI-NH",Barnstable County,Massachusetts,25,1
394519,"Daphne, AL",AL,19300,"Daphne-Fairhope-Foley, AL",Metropolitan Statistical Area,,,380,"Mobile-Daphne-Fairhope, AL",Baldwin County,Alabama,1,3
394378,"Bellingham, WA",WA,13380,"Bellingham, WA",Metropolitan Statistical Area,,,,,Whatcom County,Washington,53,73
394429,"Burlington, VT",VT,15540,"Burlington-South Burlington, VT",Metropolitan Statistical Area,,,162,"Burlington-South Burlington-Barre, VT",Chittenden County,Vermont,50,7
394429,"Burlington, VT",VT,15540,"Burlington-South Burlington, VT",Metropolitan Statistical Area,,,162,"Burlington-South Burlington-Barre, VT",Franklin County,Vermont,50,11
394429,"Burlington, VT",VT,15540,"Burlington-South Burlington, VT",Metropolitan Statistical Area,,,162,"Burlington-South Burlington-Barre, VT",Grand Isle County,Vermont,50,13
395030,"Rochester, MN",MN,40340,"Rochester, MN",Metropolitan Statistical Area,,,462,"Rochester-Austin-Winona, MN",Dodge County,Minnesota,27,39
395030,"Rochester, MN",MN,40340,"Rochester, MN",Metropolitan Statistical Area,,,462,"Rochester-Austin-Winona, MN",Fillmore County,Minnesota,27,45
395030,"Rochester, MN",MN,40340,"Rochester, MN",Metropolitan Statistical Area,,,462,"Rochester-Austin-Winona, MN",Olmsted County,Minnesota,27,109
395030,"Rochester, MN",MN,40340,"Rochester, MN",Metropolitan Statistical Area,,,462,"Rochester-Austin-Winona, MN",Wabasha County,Minnesota,27,157
753895,"Lafayette, IN",IN,29200,"Lafayette-West Lafayette, IN",Metropolitan Statistical Area,,,320,"Lafayette-West Lafayette-Frankfort, IN",Benton County,Indiana,18,7
753895,"Lafayette, IN",IN,29200,"Lafayette-West Lafayette, IN",Metropolitan Statistical Area,,,320,"Lafayette-West Lafayette-Frankfort, IN",Carroll County,Indiana,18,15
753895,"Lafayette, IN",IN,29200,"Lafayette-West Lafayette, IN",Metropolitan Statistical Area,,,320,"Lafayette-West Lafayette-Frankfort, IN",Tippecanoe County,Indiana,18,157
753895,"Lafayette, IN",IN,29200,"Lafayette-West Lafayette, IN",Metropolitan Statistical Area,,,320,"Lafayette-West Lafayette-Frankfort, IN",Warren County,Indiana,18,171
394454,"Champaign, IL",IL,16580,"Champaign-Urbana, IL",Metropolitan Statistical Area,,,169,"Champaign-Urbana-Danville, IL",Champaign County,Illinois,17,19
394454,"Champaign, IL",IL,16580,"Champaign-Urbana, IL",Metropolitan Statistical Area,,,169,"Champaign-Urbana-Danville, IL",Ford County,Illinois,17,53
394454,"Champaign, IL",IL,16580,"Champaign-Urbana, IL",Metropolitan Statistical Area,,,169,"Champaign-Urbana-Danville, IL",Piatt County,Illinois,17,147
394848,"Medford, OR",OR,32780,"Medford, OR",Metropolitan Statistical Area,,,366,"Medford-Grants Pass, OR",Jackson County,Oregon,41,29
394459,"Charlottesville, VA",VA,16820,"Charlottesville, VA",Metropolitan Statistical Area,,,,,Albemarle County,Virginia,51,3
394459,"Charlottesville, VA",VA,16820,"Charlottesville, VA",Metropolitan Statistical Area,,,,,Fluvanna County,Virginia,51,65
394459,"Charlottesville, VA",VA,16820,"Charlottesville, VA",Metropolitan Statistical Area,,,,,Greene County,Virginia,51,79
394459,"Charlottesville, VA",VA,16820,"Charlottesville, VA",Metropolitan Statistical Area,,,,,Nelson County,Virginia,51,125
394459,"Charlottesville, VA",VA,16820,"Charlottesville, VA",Metropolitan Statistical Area,,,,,Charlottesville city,Virginia,51,540
394763,"Lake Charles, LA",LA,29340,"Lake Charles, LA",Metropolitan Statistical Area,,,324,"Lake Charles-DeRidder, LA",Calcasieu Parish,Louisiana,22,19
394763,"Lake Charles, LA",LA,29340,"Lake Charles, LA",Metropolitan Statistical Area,,,324,"Lake Charles-DeRidder, LA",Cameron Parish,Louisiana,22,23
394763,"Lake Charles, LA",LA,29340,"Lake Charles, LA",Metropolitan Statistical Area,,,324,"Lake Charles-DeRidder, LA",Jefferson Davis Parish,Louisiana,22,53
394773,"Las Cruces, NM",NM,29740,"Las Cruces, NM",Metropolitan Statistical Area,,,238,"El Paso-Las Cruces, TX-NM",Doña Ana County,New Mexico,35,13
394464,"Chico, CA",CA,17020,"Chico, CA",Metropolitan Statistical Area,,,,,Butte County,California,6,7
394681,"Hilton Head Island, SC",SC,25940,"Hilton Head Island-Bluffton-Port Royal, SC",Metropolitan Statistical Area,,,,,Beaufort County,South Carolina,45,13
394681,"Hilton Head Island, SC",SC,25940,"Hilton Head Island-Bluffton-Port Royal, SC",Metropolitan Statistical Area,,,,,Jasper County,South Carolina,45,53
394346,"Athens, GA",GA,12020,"Athens-Clarke County, GA",Metropolitan Statistical Area,,,122,"Atlanta--Athens-Clarke County--Sandy Springs, GA-AL",Clarke County,Georgia,13,59
394346,"Athens, GA",GA,12020,"Athens-Clarke County, GA",Metropolitan Statistical Area,,,122,"Atlanta--Athens-Clarke County--Sandy Springs, GA-AL",Madison County,Georgia,13,195
394346,"Athens, GA",GA,12020,"Athens-Clarke County, GA",Metropolitan Statistical Area,,,122,"Atlanta--Athens-Clarke County--Sandy Springs, GA-AL",Oconee County,Georgia,13,219
394346,"Athens, GA",GA,12020,"Athens-Clarke County, GA",Metropolitan Statistical Area,,,122,"Atlanta--Athens-Clarke County--Sandy Springs, GA-AL",Oglethorpe County,Georgia,13,221
394765,"Lake Havasu City, AZ",AZ,29420,"Lake Havasu City-Kingman, AZ",Metropolitan Statistical Area,,,,,Mohave County,Arizona,4,15
394485,"Columbia, MO",MO,17860,"Columbia, MO",Metropolitan Statistical Area,,,190,"Columbia-Jefferson City-Moberly, MO",Boone County,Missouri,29,19
394485,"Columbia, MO",MO,17860,"Columbia, MO",Metropolitan Statistical Area,,,190,"Columbia-Jefferson City-Moberly, MO",Cooper County,Missouri,29,53
394485,"Columbia, MO",MO,17860,"Columbia, MO",Metropolitan Statistical Area,,,190,"Columbia-Jefferson City-Moberly, MO",Howard County,Missouri,29,89
395114,"Springfield, IL",IL,44100,"Springfield, IL",Metropolitan Statistical Area,,,522,"Springfield-Jacksonville-Lincoln, IL",Menard County,Illinois,17,129
395114,"Springfield, IL",IL,44100,"Springfield, IL",Metropolitan Statistical Area,,,522,"Springfield-Jacksonville-Lincoln, IL",Sangamon County,Illinois,17,167
394691,"Houma, LA",LA,26380,"Houma-Bayou Cane-Thibodaux, LA",Metropolitan Statistical Area,,,,,Lafourche Parish,Louisiana,22,57
394691,"Houma, LA",LA,26380,"Houma-Bayou Cane-Thibodaux, LA",Metropolitan Statistical Area,,,,,Terrebonne Parish,Louisiana,22,109
394872,"Monroe, LA",LA,33740,"Monroe, LA",Metropolitan Statistical Area,,,384,"Monroe-Ruston, LA",Morehouse Parish,Louisiana,22,67
394872,"Monroe, LA",LA,33740,"Monroe, LA",Metropolitan Statistical Area,,,384,"Monroe-Ruston, LA",Ouachita Parish,Louisiana,22,73
394872,"Monroe, LA",LA,33740,"Monroe, LA",Metropolitan Statistical Area,,,384,"Monroe-Ruston, LA",Richland Parish,Louisiana,22,83
394872,"Monroe, LA",LA,33740,"Monroe, LA",Metropolitan Statistical Area,,,384,"Monroe-Ruston, LA",Union Parish,Louisiana,22,111
394565,"Elkhart, IN",IN,21140,"Elkhart-Goshen, IN",Metropolitan Statistical Area,,,515,"South Bend-Elkhart-Mishawaka, IN-MI",Elkhart County,Indiana,18,39
394726,"Johnson City, TN",TN,27740,"Johnson City, TN",Metropolitan Statistical Area,,,304,"Johnson City-Kingsport-Bristol, TN-VA",Carter County,Tennessee,47,19
394726,"Johnson City, TN",TN,27740,"Johnson City, TN",Metropolitan Statistical Area,,,304,"Johnson City-Kingsport-Bristol, TN-VA",Unicoi County,Tennessee,47,171
394726,"Johnson City, TN",TN,27740,"Johnson City, TN",Metropolitan Statistical Area,,,304,"Johnson City-Kingsport-Bristol, TN-VA",Washington County,Tennessee,47,179
395247,"Yuma, AZ",AZ,49740,"Yuma, AZ",Metropolitan Statistical Area,,,,,Yuma County,Arizona,4,27
394623,"Gainesville, GA",GA,23580,"Gainesville, GA",Metropolitan Statistical Area,,,122,"Atlanta--Athens-Clarke County--Sandy Springs, GA-AL",Hall County,Georgia,13,139
394716,"Jacksonville, NC",NC,27340,"Jacksonville, NC",Metropolitan Statistical Area,,,,,Onslow County,North Carolina,37,133
394597,"Florence, SC",SC,22500,"Florence, SC",Metropolitan Statistical Area,,,,,Darlington County,South Carolina,45,31
394597,"Florence, SC",SC,22500,"Florence, SC",Metropolitan Statistical Area,,,,,Florence County,South Carolina,45,41
394680,"Hilo, HI",HI,25900,"Hilo-Kailua, HI",Micropolitan Statistical Area,,,,,Hawaii County,Hawaii,15,1
395118,"St. Cloud, MN",MN,41060,"St. Cloud, MN",Metropolitan Statistical Area,,,378,"Minneapolis-St. Paul, MN-WI",Benton County,Minnesota,27,9
395118,"St. Cloud, MN",MN,41060,"St. Cloud, MN",Metropolitan Statistical Area,,,378,"Minneapolis-St. Paul, MN-WI",Stearns County,Minnesota,27,145
395011,"Racine, WI",WI,39540,"Racine-Mount Pleasant, WI",Metropolitan Statistical Area,,,376,"Milwaukee-Racine-Waukesha, WI",Racine County,Wisconsin,55,101
394380,"Bend, OR",OR,13460,"Bend, OR",Metropolitan Statistical Area,,,,,Crook County,Oregon,41,13
394380,"Bend, OR",OR,13460,"Bend, OR",Metropolitan Statistical Area,,,,,Deschutes County,Oregon,41,17
394380,"Bend, OR",OR,13460,"Bend, OR",Metropolitan Statistical Area,,,,,Jefferson County,Oregon,41,31
395047,"Saginaw, MI",MI,40980,"Saginaw, MI",Metropolitan Statistical Area,,,474,"Saginaw-Midland-Bay City, MI",Saginaw County,Michigan,26,145
395202,"Warner Robins, GA",GA,47580,"Warner Robins, GA",Metropolitan Statistical Area,,,356,"Macon-Bibb County--Warner Robins, GA",Houston County,Georgia,13,153
395202,"Warner Robins, GA",GA,47580,"Warner Robins, GA",Metropolitan Statistical Area,,,356,"Macon-Bibb County--Warner Robins, GA",Peach County,Georgia,13,225
395151,"Terre Haute, IN",IN,45460,"Terre Haute, IN",Metropolitan Statistical Area,,,,,Clay County,Indiana,18,21
395151,"Terre Haute, IN",IN,45460,"Terre Haute, IN",Metropolitan Statistical Area,,,,,Sullivan County,Indiana,18,153
395151,"Terre Haute, IN",IN,45460,"Terre Haute, IN",Metropolitan Statistical Area,,,,,Vermillion County,Indiana,18,165
395151,"Terre Haute, IN",IN,45460,"Terre Haute, IN",Metropolitan Statistical Area,,,,,Vigo County,Indiana,18,167
395162,"Torrington, CT",CT,45860,"Torrington, CT",Micropolitan Statistical Area,,,405,"New Haven-Hartford-Waterbury, CT",Northwest Hills Planning Region,Connecticut,9,160
395009,"Punta Gorda, FL",FL,39460,"Punta Gorda, FL",Metropolitan Statistical Area,,,412,"North Port-Bradenton, FL",Charlotte County,Florida,12,15
394386,"Billings, MT",MT,13740,"Billings, MT",Metropolitan Statistical Area,,,,,Carbon County,Montana,30,9
394386,"Billings, MT",MT,13740,"Billings, MT",Metropolitan Statistical Area,,,,,Stillwater County,Montana,30,95
394386,"Billings, MT",MT,13740,"Billings, MT",Metropolitan Statistical Area,,,,,Yellowstone County,Montana,30,111
395018,"Redding, CA",CA,39820,"Redding, CA",Metropolitan Statistical Area,,,454,"Redding-Red Bluff, CA",Shasta County,California,6,89
394748,"Kingston, NY",NY,28740,"Kingston, NY",Metropolitan Statistical Area,,,408,"New York-Newark, NY-NJ-CT-PA",Ulster County,New York,36,111
394960,"Panama City, FL",FL,37460,"Panama City-Panama City Beach, FL",Metropolitan Statistical Area,,,,,Bay County,Florida,12,5
394960,"Panama City, FL",FL,37460,"Panama City-Panama City Beach, FL",Metropolitan Statistical Area,,,,,Washington County,Florida,12,133
394729,"Joplin, MO",MO,27900,"Joplin, MO-KS",Metropolitan Statistical Area,,,309,"Joplin-Miami, MO-OK-KS",Cherokee County,Kansas,20,21
394729,"Joplin, MO",MO,27900,"Joplin, MO-KS",Metropolitan Statistical Area,,,309,"Joplin-Miami, MO-OK-KS",Jasper County,Missouri,29,97
394729,"Joplin, MO",MO,27900,"Joplin, MO-KS",Metropolitan Statistical Area,,,309,"Joplin-Miami, MO-OK-KS",Newton County,Missouri,29,145
394539,"Dover, DE",DE,20100,"Dover, DE",Metropolitan Statistical Area,,,428,"Philadelphia-Reading-Camden, PA-NJ-DE-MD",Kent County,Delaware,10,1
394559,"El Centro, CA",CA,20940,"El Centro, CA",Metropolitan Statistical Area,,,,,Imperial County,California,6,25
394712,"Jackson, TN",TN,27180,"Jackson, TN",Metropolitan Statistical Area,,,,,Chester County,Tennessee,47,23
394712,"Jackson, TN",TN,27180,"Jackson, TN",Metropolitan Statistical Area,,,,,Crockett County,Tennessee,47,33
394712,"Jackson, TN",TN,27180,"Jackson, TN",Metropolitan Statistical Area,,,,,Gibson County,Tennessee,47,53
394712,"Jackson, TN",TN,27180,"Jackson, TN",Metropolitan Statistical Area,,,,,Madison County,Tennessee,47,113
395246,"Yuba City, CA",CA,49700,"Yuba City, CA",Metropolitan Statistical Area,,,472,"Sacramento-Roseville, CA",Sutter County,California,6,101
395246,"Yuba City, CA",CA,49700,"Yuba City, CA",Metropolitan Statistical Area,,,472,"Sacramento-Roseville, CA",Yuba County,California,6,115
394406,"Bowling Green, KY",KY,14540,"Bowling Green, KY",Metropolitan Statistical Area,,,150,"Bowling Green-Glasgow-Franklin, KY",Allen County,Kentucky,21,3
394406,"Bowling Green, KY",KY,14540,"Bowling Green, KY",Metropolitan Statistical Area,,,150,"Bowling Green-Glasgow-Franklin, KY",Butler County,Kentucky,21,31
394406,"Bowling Green, KY",KY,14540,"Bowling Green, KY",Metropolitan Statistical Area,,,150,"Bowling Green-Glasgow-Franklin, KY",Edmonson County,Kentucky,21,61
394406,"Bowling Green, KY",KY,14540,"Bowling Green, KY",Metropolitan Statistical Area,,,150,"Bowling Green-Glasgow-Franklin, KY",Warren County,Kentucky,21,227
395119,"St. George, UT",UT,41100,"St. George, UT",Metropolitan Statistical Area,,,,,Washington County,Utah,49,53
394896,"Muskegon, MI",MI,34740,"Muskegon-Norton Shores, MI",Metropolitan Statistical Area,,,266,"Grand Rapids-Wyoming, MI",Muskegon County,Michigan,26,121
394299,"Abilene, TX",TX,10180,"Abilene, TX",Metropolitan Statistical Area,,,101,"Abilene-Sweetwater, TX",Callahan County,Texas,48,59
394299,"Abilene, TX",TX,10180,"Abilene, TX",Metropolitan Statistical Area,,,101,"Abilene-Sweetwater, TX",Jones County,Texas,48,253
394299,"Abilene, TX",TX,10180,"Abilene, TX",Metropolitan Statistical Area,,,101,"Abilene-Sweetwater, TX",Taylor County,Texas,48,441
394707,"Iowa City, IA",IA,26980,"Iowa City, IA",Metropolitan Statistical Area,,,168,"Cedar Rapids-Iowa City, IA",Johnson County,Iowa,19,103
394707,"Iowa City, IA",IA,26980,"Iowa City, IA",Metropolitan Statistical Area,,,168,"Cedar Rapids-Iowa City, IA",Washington County,Iowa,19,183
394351,"Auburn, AL",AL,12220,"Auburn-Opelika, AL",Metropolitan Statistical Area,,,194,"Columbus-Auburn-Opelika, GA-AL",Lee County,Alabama,1,81
394351,"Auburn, AL",AL,12220,"Auburn-Opelika, AL",Metropolitan Statistical Area,,,194,"Columbus-Auburn-Opelika, GA-AL",Macon County,Alabama,1,87
394860,"Midland, TX",TX,33260,"Midland, TX",Metropolitan Statistical Area,,,372,"Midland-Odessa-Andrews, TX",Martin County,Texas,48,317
394860,"Midland, TX",TX,33260,"Midland, TX",Metropolitan Statistical Area,,,372,"Midland-Odessa-Andrews, TX",Midland County,Texas,48,329
753869,"Bloomington, IL",IL,14010,"Bloomington, IL",Metropolitan Statistical Area,,,145,"Bloomington-Pontiac, IL",McLean County,Illinois,17,113
394671,"Hattiesburg, MS",MS,25620,"Hattiesburg, MS",Metropolitan Statistical Area,,,279,"Hattiesburg-Laurel, MS",Forrest County,Mississippi,28,35
394671,"Hattiesburg, MS",MS,25620,"Hattiesburg, MS",Metropolitan Statistical Area,,,279,"Hattiesburg-Laurel, MS",Lamar County,Mississippi,28,73
394671,"Hattiesburg, MS",MS,25620,"Hattiesburg, MS",Metropolitan Statistical Area,,,279,"Hattiesburg-Laurel, MS",Perry County,Mississippi,28,111
394944,"Oshkosh, WI",WI,36780,"Oshkosh-Neenah, WI",Metropolitan Statistical Area,,,118,"Appleton-Oshkosh-Neenah, WI",Winnebago County,Wisconsin,55,139
394555,"Eau Claire, WI",WI,20740,"Eau Claire, WI",Metropolitan Statistical Area,,,232,"Eau Claire-Menomonie, WI",Chippewa County,Wisconsin,55,17
394555,"Eau Claire, WI",WI,20740,"Eau Claire, WI",Metropolitan Statistical Area,,,232,"Eau Claire-Menomonie, WI",Eau Claire County,Wisconsin,55,35
394651,"Greenville, NC",NC,24780,"Greenville, NC",Metropolitan Statistical Area,,,274,"Greenville-Washington, NC",Pitt County,North Carolina,37,147
394428,"Burlington, NC",NC,15500,"Burlington, NC",Metropolitan Statistical Area,,,268,"Greensboro--Winston-Salem--High Point, NC",Alamance County,North Carolina,37,1
395210,"Waterloo, IA",IA,47940,"Waterloo-Cedar Falls, IA",Metropolitan Statistical Area,,,,,Black Hawk County,Iowa,19,13
395210,"Waterloo, IA",IA,47940,"Waterloo-Cedar Falls, IA",Metropolitan Statistical Area,,,,,Bremer County,Iowa,19,17
395210,"Waterloo, IA",IA,47940,"Waterloo-Cedar Falls, IA",Metropolitan Statistical Area,,,,,Grundy County,Iowa,19,75
394480,"Coeur d'Alene, ID",ID,17660,"Coeur d'Alene, ID",Metropolitan Statistical Area,,,518,"Spokane-Spokane Valley-Coeur d'Alene, WA-ID",Kootenai County,Idaho,16,55
394553,"East Stroudsburg, PA",PA,20700,"East Stroudsburg, PA",Micropolitan Statistical Area,,,106,"Allentown-Bethlehem-East Stroudsburg, PA-NJ",Monroe County,Pennsylvania,42,89
395007,"Pueblo, CO",CO,39380,"Pueblo, CO",Metropolitan Statistical Area,,,444,"Pueblo-Cañon City, CO",Pueblo County,Colorado,8,101
394392,"Blacksburg, VA",VA,13980,"Blacksburg-Christiansburg-Radford, VA",Metropolitan Statistical Area,,,,,Floyd County,Virginia,51,63
394392,"Blacksburg, VA",VA,13980,"Blacksburg-Christiansburg-Radford, VA",Metropolitan Statistical Area,,,,,Giles County,Virginia,51,71
394392,"Blacksburg, VA",VA,13980,"Blacksburg-Christiansburg-Radford, VA",Metropolitan Statistical Area,,,,,Montgomery County,Virginia,51,121
394392,"Blacksburg, VA",VA,13980,"Blacksburg-Christiansburg-Radford, VA",Metropolitan Statistical Area,,,,,Pulaski County,Virginia,51,155
394392,"Blacksburg, VA",VA,13980,"Blacksburg-Christiansburg-Radford, VA",Metropolitan Statistical Area,,,,,Radford city,Virginia,51,750
395215,"Wausau, WI",WI,48140,"Wausau, WI",Metropolitan Statistical Area,,,554,"Wausau-Stevens Point-Wisconsin Rapids, WI",Marathon County,Wisconsin,55,73
394731,"Kahului, HI",HI,27980,"Kahului-Wailuku, HI",Metropolitan Statistical Area,,,,,Kalawao County,Hawaii,15,5
394731,"Kahului, HI",HI,27980,"Kahului-Wailuku, HI",Metropolitan Statistical Area,,,,,Maui County,Hawaii,15,9
394720,"Janesville, WI",WI,27500,"Janesville-Beloit, WI",Metropolitan Statistical Area,,,357,"Madison-Janesville-Beloit, WI",Rock County,Wisconsin,55,105
395170,"Tupelo, MS",MS,46180,"Tupelo, MS",Micropolitan Statistical Area,,,539,"Tupelo-Corinth, MS",Itawamba County,Mississippi,28,57
395170,"Tupelo, MS",MS,46180,"Tupelo, MS",Micropolitan Statistical Area,,,539,"Tupelo-Corinth, MS",Lee County,Mississippi,28,81
395170,"Tupelo, MS",MS,46180,"Tupelo, MS",Micropolitan Statistical Area,,,539,"Tupelo-Corinth, MS",Prentiss County,Mississippi,28,117
394393,"Bloomington, IN",IN,14020,"Bloomington, IN",Metropolitan Statistical Area,,,144,"Bloomington-Bedford, IN",Monroe County,Indiana,18,105
394393,"Bloomington, IN",IN,14020,"Bloomington, IN",Metropolitan Statistical Area,,,144,"Bloomington-Bedford, IN",Owen County,Indiana,18,119
394930,"Odessa, TX",TX,36220,"Odessa, TX",Metropolitan Statistical Area,,,372,"Midland-Odessa-Andrews, TX",Ector County,Texas,48,135
394710,"Jackson, MI",MI,27100,"Jackson, MI",Metropolitan Statistical Area,,,,,Jackson County,Michigan,26,75
395125,"State College, PA",PA,44300,"State College, PA",Metropolitan Statistical Area,,,524,"State College-DuBois, PA",Centre County,Pennsylvania,42,27
395079,"Sebastian, FL",FL,42680,"Sebastian-Vero Beach-West Vero Corridor, FL",Metropolitan Statistical Area,,,370,"Miami-Port St. Lucie-Fort Lauderdale, FL",Indian River County,Florida,12,61
394814,"Madera, CA",CA,23420,"Fresno, CA",Metropolitan Statistical Area,,,260,"Fresno-Hanford-Corcoran, CA",Fresno County,California,6,19
394814,"Madera, CA",CA,23420,"Fresno, CA",Metropolitan Statistical Area,,,260,"Fresno-Hanford-Corcoran, CA",Madera County,California,6,39
394523,"Decatur, AL",AL,19460,"Decatur, AL",Metropolitan Statistical Area,,,290,"Huntsville-Decatur-Albertville, AL-TN",Lawrence County,Alabama,1,79
394523,"Decatur, AL",AL,19460,"Decatur, AL",Metropolitan Statistical Area,,,290,"Huntsville-Decatur-Albertville, AL-TN",Morgan County,Alabama,1,103
394453,"Chambersburg, PA",PA,16540,"Chambersburg, PA",Metropolitan Statistical Area,,,548,"Washington-Baltimore-Arlington, DC-MD-VA-WV-PA",Franklin County,Pennsylvania,42,55
395193,"Vineland, NJ",NJ,47220,"Vineland, NJ",Metropolitan Statistical Area,,,428,"Philadelphia-Reading-Camden, PA-NJ-DE-MD",Cumberland County,New Jersey,34,11
394703,"Idaho Falls, ID",ID,26820,"Idaho Falls, ID",Metropolitan Statistical Area,,,292,"Idaho Falls-Rexburg-Blackfoot, ID",Bonneville County,Idaho,16,19
394703,"Idaho Falls, ID",ID,26820,"Idaho Falls, ID",Metropolitan Statistical Area,,,292,"Idaho Falls-Rexburg-Blackfoot, ID",Butte County,Idaho,16,23
394703,"Idaho Falls, ID",ID,26820,"Idaho Falls, ID",Metropolitan Statistical Area,,,292,"Idaho Falls-Rexburg-Blackfoot, ID",Jefferson County,Idaho,16,51
394639,"Grand Junction, CO",CO,24300,"Grand Junction, CO",Metropolitan Statistical Area,,,,,Mesa County,Colorado,8,77
394563,"Elizabethtown, KY",KY,21060,"Elizabethtown, KY",Metropolitan Statistical Area,,,350,"Louisville/Jefferson County--Elizabethtown, KY-IN",Hardin County,Kentucky,21,93
394563,"Elizabethtown, KY",KY,21060,"Elizabethtown, KY",Metropolitan Statistical Area,,,350,"Louisville/Jefferson County--Elizabethtown, KY-IN",Larue County,Kentucky,21,123
394917,"Niles, MI",MI,35660,"Niles, MI",Metropolitan Statistical Area,,,515,"South Bend-Elkhart-Mishawaka, IN-MI",Berrien County,Michigan,26,21
394873,"Monroe, MI",MI,33780,"Monroe, MI",Metropolitan Statistical Area,,,220,"Detroit-Warren-Ann Arbor, MI",Monroe County,Michigan,26,115
395066,"Santa Fe, NM",NM,42140,"Santa Fe, NM",Metropolitan Statistical Area,,,105,"Albuquerque-Santa Fe-Los Alamos, NM",Santa Fe County,New Mexico,35,49
394493,"Concord, NH",NH,18180,"Concord, NH",Micropolitan Statistical Area,,,148,"Boston-Worcester-Providence, MA-RI-NH",Merrimack County,New Hampshire,33,13
394314,"Alexandria, LA",LA,10780,"Alexandria, LA",Metropolitan Statistical Area,,,,,Grant Parish,Louisiana,22,43
394314,"Alexandria, LA",LA,10780,"Alexandria, LA",Metropolitan Statistical Area,,,,,Rapides Parish,Louisiana,22,79
395163,"Traverse City, MI",MI,45900,"Traverse City, MI",Metropolitan Statistical Area,,,,,Benzie County,Michigan,26,19
395163,"Traverse City, MI",MI,45900,"Traverse City, MI",Metropolitan Statistical Area,,,,,Grand Traverse County,Michigan,26,55
395163,"Traverse City, MI",MI,45900,"Traverse City, MI",Metropolitan Statistical Area,,,,,Kalkaska County,Michigan,26,79
395163,"Traverse City, MI",MI,45900,"Traverse City, MI",Metropolitan Statistical Area,,,,,Leelanau County,Michigan,26,89
394359,"Bangor, ME",ME,12620,"Bangor, ME",Metropolitan Statistical Area,,,,,Penobscot County,Maine,23,19
394685,"Homosassa Springs, FL",FL,26140,"Homosassa Springs, FL",Metropolitan Statistical Area,,,,,Citrus County,Florida,12,17
394662,"Hanford, CA",CA,25260,"Hanford-Corcoran, CA",Metropolitan Statistical Area,,,260,"Fresno-Hanford-Corcoran, CA",Kings County,California,6,31
394723,"Jefferson City, MO",MO,27620,"Jefferson City, MO",Metropolitan Statistical Area,,,190,"Columbia-Jefferson City-Moberly, MO",Callaway County,Missouri,29,27
394723,"Jefferson City, MO",MO,27620,"Jefferson City, MO",Metropolitan Statistical Area,,,190,"Columbia-Jefferson City-Moberly, MO",Cole County,Missouri,29,51
394723,"Jefferson City, MO",MO,27620,"Jefferson City, MO",Metropolitan Statistical Area,,,190,"Columbia-Jefferson City-Moberly, MO",Moniteau County,Missouri,29,135
394723,"Jefferson City, MO",MO,27620,"Jefferson City, MO",Metropolitan Statistical Area,,,190,"Columbia-Jefferson City-Moberly, MO",Osage County,Missouri,29,151
394598,"Florence, AL",AL,22520,"Florence-Muscle Shoals, AL",Metropolitan Statistical Area,,,250,"Florence-Muscle Shoals-Russellville, AL",Colbert County,Alabama,1,33
394598,"Florence, AL",AL,22520,"Florence-Muscle Shoals, AL",Metropolitan Statistical Area,,,250,"Florence-Muscle Shoals-Russellville, AL",Lauderdale County,Alabama,1,77
394537,"Dothan, AL",AL,20020,"Dothan, AL",Metropolitan Statistical Area,,,222,"Dothan-Enterprise-Ozark, AL",Geneva County,Alabama,1,61
394537,"Dothan, AL",AL,20020,"Dothan, AL",Metropolitan Statistical Area,,,222,"Dothan-Enterprise-Ozark, AL",Henry County,Alabama,1,67
394537,"Dothan, AL",AL,20020,"Dothan, AL",Metropolitan Statistical Area,,,222,"Dothan-Enterprise-Ozark, AL",Houston County,Alabama,1,69
394802,"London, KY",KY,18340,"Corbin, KY",Micropolitan Statistical Area,,,371,"Middlesborough-Corbin, KY",Clay County,Kentucky,21,51
394802,"London, KY",KY,18340,"Corbin, KY",Micropolitan Statistical Area,,,371,"Middlesborough-Corbin, KY",Knox County,Kentucky,21,121
394802,"London, KY",KY,18340,"Corbin, KY",Micropolitan Statistical Area,,,371,"Middlesborough-Corbin, KY",Laurel County,Kentucky,21,125
394802,"London, KY",KY,18340,"Corbin, KY",Micropolitan Statistical Area,,,371,"Middlesborough-Corbin, KY",Whitley County,Kentucky,21,235
394306,"Albany, GA",GA,10500,"Albany, GA",Metropolitan Statistical Area,,,,,Dougherty County,Georgia,13,95
394306,"Albany, GA",GA,10500,"Albany, GA",Metropolitan Statistical Area,,,,,Lee County,Georgia,13,177
394306,"Albany, GA",GA,10500,"Albany, GA",Metropolitan Statistical Area,,,,,Terrell County,Georgia,13,273
394306,"Albany, GA",GA,10500,"Albany, GA",Metropolitan Statistical Area,,,,,Worth County,Georgia,13,321
395102,"Sioux City, IA",IA,43580,"Sioux City, IA-NE-SD",Metropolitan Statistical Area,,,512,"Sioux City-Le Mars, IA-NE-SD",Woodbury County,Iowa,19,193
395102,"Sioux City, IA",IA,43580,"Sioux City, IA-NE-SD",Metropolitan Statistical Area,,,512,"Sioux City-Le Mars, IA-NE-SD",Dakota County,Nebraska,31,43
395102,"Sioux City, IA",IA,43580,"Sioux City, IA-NE-SD",Metropolitan Statistical Area,,,512,"Sioux City-Le Mars, IA-NE-SD",Union County,South Dakota,46,127
395223,"Wichita Falls, TX",TX,48660,"Wichita Falls, TX",Metropolitan Statistical Area,,,,,Archer County,Texas,48,9
395223,"Wichita Falls, TX",TX,48660,"Wichita Falls, TX",Metropolitan Statistical Area,,,,,Clay County,Texas,48,77
395223,"Wichita Falls, TX",TX,48660,"Wichita Falls, TX",Metropolitan Statistical Area,,,,,Wichita County,Texas,48,485
395152,"Texarkana, TX",TX,45500,"Texarkana, TX-AR",Metropolitan Statistical Area,,,,,Little River County,Arkansas,5,81
395152,"Texarkana, TX",TX,45500,"Texarkana, TX-AR",Metropolitan Statistical Area,,,,,Miller County,Arkansas,5,91
395152,"Texarkana, TX",TX,45500,"Texarkana, TX-AR",Metropolitan Statistical Area,,,,,Bowie County,Texas,48,37
395182,"Valdosta, GA",GA,46660,"Valdosta, GA",Metropolitan Statistical Area,,,,,Brooks County,Georgia,13,27
395182,"Valdosta, GA",GA,46660,"Valdosta, GA",Metropolitan Statistical Area,,,,,Echols County,Georgia,13,101
395182,"Valdosta, GA",GA,46660,"Valdosta, GA",Metropolitan Statistical Area,,,,,Lanier County,Georgia,13,173
395182,"Valdosta, GA",GA,46660,"Valdosta, GA",Metropolitan Statistical Area,,,,,Lowndes County,Georgia,13,185
394800,"Logan, UT",UT,30860,"Logan, UT-ID",Metropolitan Statistical Area,,,,,Franklin County,Idaho,16,41
394800,"Logan, UT",UT,30860,"Logan, UT-ID",Metropolitan Statistical Area,,,,,Cache County,Utah,49,5
394595,"Flagstaff, AZ",AZ,22380,"Flagstaff, AZ",Metropolitan Statistical Area,,,,,Coconino County,Arizona,4,5
395036,"Rocky Mount, NC",NC,40580,"Rocky Mount, NC",Metropolitan Statistical Area,,,468,"Rocky Mount-Wilson-Roanoke Rapids, NC",Edgecombe County,North Carolina,37,65
395036,"Rocky Mount, NC",NC,40580,"Rocky Mount, NC",Metropolitan Statistical Area,,,468,"Rocky Mount-Wilson-Roanoke Rapids, NC",Nash County,North Carolina,37,127
395000,"Pottsville, PA",PA,39060,"Pottsville, PA",Micropolitan Statistical Area,,,,,Schuylkill County,Pennsylvania,42,107
394515,"Dalton, GA",GA,19140,"Dalton, GA",Metropolitan Statistical Area,,,174,"Chattanooga-Cleveland-Dalton, TN-GA-AL",Murray County,Georgia,13,213
394515,"Dalton, GA",GA,19140,"Dalton, GA",Metropolitan Statistical Area,,,174,"Chattanooga-Cleveland-Dalton, TN-GA-AL",Whitfield County,Georgia,13,313
394783,"Lebanon, PA",PA,30140,"Lebanon, PA",Metropolitan Statistical Area,,,276,"Harrisburg-York-Lebanon, PA",Lebanon County,Pennsylvania,42,75
394880,"Morristown, TN",TN,34100,"Morristown, TN",Metropolitan Statistical Area,,,315,"Knoxville-Morristown-Sevierville, TN",Hamblen County,Tennessee,47,63
394880,"Morristown, TN",TN,34100,"Morristown, TN",Metropolitan Statistical Area,,,315,"Knoxville-Morristown-Sevierville, TN",Jefferson County,Tennessee,47,89
395232,"Winchester, VA",VA,49020,"Winchester, VA-WV",Metropolitan Statistical Area,,,548,"Washington-Baltimore-Arlington, DC-MD-VA-WV-PA",Frederick County,Virginia,51,69
395232,"Winchester, VA",VA,49020,"Winchester, VA-WV",Metropolitan Statistical Area,,,548,"Washington-Baltimore-Arlington, DC-MD-VA-WV-PA",Winchester city,Virginia,51,840
395232,"Winchester, VA",VA,49020,"Winchester, VA-WV",Metropolitan Statistical Area,,,548,"Washington-Baltimore-Arlington, DC-MD-VA-WV-PA",Hampshire County,West Virginia,54,27
395221,"Wheeling, WV",OH,48540,"Wheeling, WV-OH",Metropolitan Statistical Area,,,,,Belmont County,Ohio,39,13
395221,"Wheeling, WV",OH,48540,"Wheeling, WV-OH",Metropolitan Statistical Area,,,,,Marshall County,West Virginia,54,51
395221,"Wheeling, WV",OH,48540,"Wheeling, WV-OH",Metropolitan Statistical Area,,,,,Ohio County,West Virginia,54,69
394879,"Morgantown, WV",WV,34060,"Morgantown, WV",Metropolitan Statistical Area,,,,,Monongalia County,West Virginia,54,61
394879,"Morgantown, WV",WV,34060,"Morgantown, WV",Metropolitan Statistical Area,,,,,Preston County,West Virginia,54,77
394756,"La Crosse, WI",WI,29100,"La Crosse-Onalaska, WI-MN",Metropolitan Statistical Area,,,317,"La Crosse-Onalaska-Sparta, WI-MN",Houston County,Minnesota,27,55
394756,"La Crosse, WI",WI,29100,"La Crosse-Onalaska, WI-MN",Metropolitan Statistical Area,,,317,"La Crosse-Onalaska-Sparta, WI-MN",La Crosse County,Wisconsin,55,63
394756,"La Crosse, WI",WI,29100,"La Crosse-Onalaska, WI-MN",Metropolitan Statistical Area,,,317,"La Crosse-Onalaska-Sparta, WI-MN",Vernon County,Wisconsin,55,123
394900,"Napa, CA",CA,34900,"Napa, CA",Metropolitan Statistical Area,,,488,"San Jose-San Francisco-Oakland, CA",Napa County,California,6,55
395013,"Rapid City, SD",SD,39660,"Rapid City, SD",Metropolitan Statistical Area,,,452,"Rapid City-Spearfish, SD",Custer County,South Dakota,46,33
395013,"Rapid City, SD",SD,39660,"Rapid City, SD",Metropolitan Statistical Area,,,452,"Rapid City-Spearfish, SD",Meade County,South Dakota,46,93
395013,"Rapid City, SD",SD,39660,"Rapid City, SD",Metropolitan Statistical Area,,,452,"Rapid City-Spearfish, SD",Pennington County,South Dakota,46,103
395139,"Sumter, SC",SC,44940,"Sumter, SC",Metropolitan Statistical Area,,,192,"Columbia-Sumter-Orangeburg, SC",Sumter County,South Carolina,45,85
394577,"Eureka, CA",CA,21700,"Eureka-Arcata, CA",Micropolitan Statistical Area,,,,,Humboldt County,California,6,23
395117,"Springfield, OH",OH,44220,"Springfield, OH",Metropolitan Statistical Area,,,212,"Dayton-Springfield-Kettering, OH",Clark County,Ohio,39,23
394668,"Harrisonburg, VA",VA,25500,"Harrisonburg, VA",Metropolitan Statistical Area,,,277,"Harrisonburg-Staunton-Stuarts Draft, VA",Rockingham County,Virginia,51,165
394668,"Harrisonburg, VA",VA,25500,"Harrisonburg, VA",Metropolitan Statistical Area,,,277,"Harrisonburg-Staunton-Stuarts Draft, VA",Harrisonburg city,Virginia,51,660
394368,"Battle Creek, MI",MI,12980,"Battle Creek, MI",Metropolitan Statistical Area,,,310,"Kalamazoo-Battle Creek-Portage, MI",Calhoun County,Michigan,26,25
395094,"Sherman, TX",TX,43300,"Sherman-Denison, TX",Metropolitan Statistical Area,,,206,"Dallas-Fort Worth, TX-OK",Grayson County,Texas,48,181
394821,"Manhattan, KS",KS,31740,"Manhattan, KS",Metropolitan Statistical Area,,,,,Geary County,Kansas,20,61
394821,"Manhattan, KS",KS,31740,"Manhattan, KS",Metropolitan Statistical Area,,,,,Pottawatomie County,Kansas,20,149
394821,"Manhattan, KS",KS,31740,"Manhattan, KS",Metropolitan Statistical Area,,,,,Riley County,Kansas,20,161
394442,"Carbondale, IL",IL,16060,"Carbondale, IL",Micropolitan Statistical Area,,,166,"Carbondale-Marion-Herrin, IL",Jackson County,Illinois,17,77
394727,"Johnstown, PA",PA,27780,"Johnstown, PA",Metropolitan Statistical Area,,,306,"Johnstown-Somerset, PA",Cambria County,Pennsylvania,42,21
394728,"Jonesboro, AR",AR,27860,"Jonesboro, AR",Metropolitan Statistical Area,,,308,"Jonesboro-Paragould, AR",Craighead County,Arkansas,5,31
394728,"Jonesboro, AR",AR,27860,"Jonesboro, AR",Metropolitan Statistical Area,,,308,"Jonesboro-Paragould, AR",Poinsett County,Arkansas,5,111
394390,"Bismarck, ND",ND,13900,"Bismarck, ND",Metropolitan Statistical Area,,,,,Burleigh County,North Dakota,38,15
394390,"Bismarck, ND",ND,13900,"Bismarck, ND",Metropolitan Statistical Area,,,,,Morton County,North Dakota,38,59
394390,"Bismarck, ND",ND,13900,"Bismarck, ND",Metropolitan Statistical Area,,,,,Oliver County,North Dakota,38,65
394661,"Hammond, LA",LA,25220,"Hammond, LA",Metropolitan Statistical Area,,,132,"Baton Rouge-Hammond, LA",Tangipahoa Parish,Louisiana,22,105
394983,"Pittsfield, MA",MA,38340,"Pittsfield, MA",Metropolitan Statistical Area,,,,,Berkshire County,Massachusetts,25,3
394890,"Mount Vernon, WA",WA,34580,"Mount Vernon-Anacortes, WA",Metropolitan Statistical Area,,,500,"Seattle-Tacoma, WA",Skagit County,Washington,53,57
394719,"Jamestown, NY",NY,27460,"Jamestown-Dunkirk, NY",Micropolitan Statistical Area,,,,,Chautauqua County,New York,36,13
395153,"The Villages, FL",FL,48680,"Wildwood-The Villages, FL",Metropolitan Statistical Area,,,422,"Orlando-Lakeland-Deltona, FL",Sumter County,Florida,12,119
394307,"Albany, OR",OR,10540,"Albany, OR",Metropolitan Statistical Area,,,440,"Portland-Vancouver-Salem, OR-WA",Linn County,Oregon,41,43
394633,"Glens Falls, NY",NY,24020,"Glens Falls, NY",Metropolitan Statistical Area,,,104,"Albany-Schenectady, NY",Warren County,New York,36,113
394633,"Glens Falls, NY",NY,24020,"Glens Falls, NY",Metropolitan Statistical Area,,,104,"Albany-Schenectady, NY",Washington County,New York,36,115
394780,"Lawton, OK",OK,30020,"Lawton, OK",Metropolitan Statistical Area,,,334,"Lawton-Duncan, OK",Comanche County,Oklahoma,40,31
394780,"Lawton, OK",OK,30020,"Lawton, OK",Metropolitan Statistical Area,,,334,"Lawton-Duncan, OK",Cotton County,Oklahoma,40,33
394474,"Cleveland, TN",TN,17420,"Cleveland, TN",Metropolitan Statistical Area,,,174,"Chattanooga-Cleveland-Dalton, TN-GA-AL",Bradley County,Tennessee,47,11
394474,"Cleveland, TN",TN,17420,"Cleveland, TN",Metropolitan Statistical Area,,,174,"Chattanooga-Cleveland-Dalton, TN-GA-AL",Polk County,Tennessee,47,139
395098,"Sierra Vista, AZ",AZ,43420,"Sierra Vista-Douglas, AZ",Metropolitan Statistical Area,,,,,Cochise County,Arizona,4,3
394325,"Ames, IA",IA,11180,"Ames, IA",Metropolitan Statistical Area,,,218,"Des Moines-West Des Moines-Ames, IA",Boone County,Iowa,19,15
394325,"Ames, IA",IA,11180,"Ames, IA",Metropolitan Statistical Area,,,218,"Des Moines-West Des Moines-Ames, IA",Story County,Iowa,19,169
394824,"Mansfield, OH",OH,31900,"Mansfield, OH",Metropolitan Statistical Area,,,360,"Mansfield-Ashland-Bucyrus, OH",Richland County,Ohio,39,139
395128,"Staunton, VA",VA,44420,"Staunton-Stuarts Draft, VA",Metropolitan Statistical Area,,,277,"Harrisonburg-Staunton-Stuarts Draft, VA",Augusta County,Virginia,51,15
395128,"Staunton, VA",VA,44420,"Staunton-Stuarts Draft, VA",Metropolitan Statistical Area,,,277,"Harrisonburg-Staunton-Stuarts Draft, VA",Staunton city,Virginia,51,790
395128,"Staunton, VA",VA,44420,"Staunton-Stuarts Draft, VA",Metropolitan Statistical Area,,,277,"Harrisonburg-Staunton-Stuarts Draft, VA",Waynesboro city,Virginia,51,820
394353,"Augusta, ME",ME,12300,"Augusta-Waterville, ME",Micropolitan Statistical Area,,,,,Kennebec County,Maine,23,11
394321,"Altoona, PA",PA,11020,"Altoona, PA",Metropolitan Statistical Area,,,107,"Altoona-Huntingdon, PA",Blair County,Pennsylvania,42,13
394905,"New Bern, NC",NC,35100,"New Bern, NC",Micropolitan Statistical Area,,,404,"New Bern-Morehead City, NC",Craven County,North Carolina,37,49
394905,"New Bern, NC",NC,35100,"New Bern, NC",Micropolitan Statistical Area,,,404,"New Bern-Morehead City, NC",Jones County,North Carolina,37,103
394905,"New Bern, NC",NC,35100,"New Bern, NC",Micropolitan Statistical Area,,,404,"New Bern-Morehead City, NC",Pamlico County,North Carolina,37,137
394588,"Farmington, NM",NM,22140,"Farmington, NM",Metropolitan Statistical Area,,,,,San Juan County,New Mexico,35,45
395120,"St. Joseph, MO",MO,41140,"St. Joseph, MO-KS",Metropolitan Statistical Area,,,312,"Kansas City-Overland Park-Kansas City, MO-KS",Doniphan County,Kansas,20,43
395120,"St. Joseph, MO",MO,41140,"St. Joseph, MO-KS",Metropolitan Statistical Area,,,312,"Kansas City-Overland Park-Kansas City, MO-KS",Andrew County,Missouri,29,3
395120,"St. Joseph, MO",MO,41140,"St. Joseph, MO-KS",Metropolitan Statistical Area,,,312,"Kansas City-Overland Park-Kansas City, MO-KS",Buchanan County,Missouri,29,21
395120,"St. Joseph, MO",MO,41140,"St. Joseph, MO-KS",Metropolitan Statistical Area,,,312,"Kansas City-Overland Park-Kansas City, MO-KS",DeKalb County,Missouri,29,63
395054,"San Angelo, TX",TX,41660,"San Angelo, TX",Metropolitan Statistical Area,,,,,Irion County,Texas,48,235
395054,"San Angelo, TX",TX,41660,"San Angelo, TX",Metropolitan Statistical Area,,,,,Tom Green County,Texas,48,451
395218,"Wenatchee, WA",WA,48300,"Wenatchee-East Wenatchee, WA",Metropolitan Statistical Area,,,,,Chelan County,Washington,53,7
395218,"Wenatchee, WA",WA,48300,"Wenatchee-East Wenatchee, WA",Metropolitan Statistical Area,,,,,Douglas County,Washington,53,17
394949,"Owensboro, KY",KY,36980,"Owensboro, KY",Metropolitan Statistical Area,,,,,Daviess County,Kentucky,21,59
394949,"Owensboro, KY",KY,36980,"Owensboro, KY",Metropolitan Statistical Area,,,,,McLean County,Kentucky,21,149
753890,"Holland, MI",MI,26090,"Holland, MI",Micropolitan Statistical Area,,,266,"Grand Rapids-Wyoming, MI",Allegan County,Michigan,26,5
394810,"Lumberton, NC",NC,31300,"Lumberton, NC",Micropolitan Statistical Area,,,246,"Fayetteville-Lumberton-Pinehurst, NC",Robeson County,North Carolina,37,155
394778,"Lawrence, KS",KS,29940,"Lawrence, KS",Metropolitan Statistical Area,,,312,"Kansas City-Overland Park-Kansas City, MO-KS",Douglas County,Kansas,20,45
394635,"Goldsboro, NC",NC,24140,"Goldsboro, NC",Metropolitan Statistical Area,,,,,Wayne County,North Carolina,37,191
395213,"Watertown, NY",NY,48060,"Watertown-Fort Drum, NY",Metropolitan Statistical Area,,,,,Jefferson County,New York,36,45
395089,"Sheboygan, WI",WI,43100,"Sheboygan, WI",Metropolitan Statistical Area,,,,,Sheboygan County,Wisconsin,55,117
395217,"Weirton, WV",OH,48260,"Weirton-Steubenville, WV-OH",Metropolitan Statistical Area,,,430,"Pittsburgh-Weirton-Steubenville, PA-OH-WV",Jefferson County,Ohio,39,81
395217,"Weirton, WV",OH,48260,"Weirton-Steubenville, WV-OH",Metropolitan Statistical Area,,,430,"Pittsburgh-Weirton-Steubenville, PA-OH-WV",Brooke County,West Virginia,54,9
395217,"Weirton, WV",OH,48260,"Weirton-Steubenville, WV-OH",Metropolitan Statistical Area,,,430,"Pittsburgh-Weirton-Steubenville, PA-OH-WV",Hancock County,West Virginia,54,29
394867,"Missoula, MT",MT,33540,"Missoula, MT",Metropolitan Statistical Area,,,,,Mineral County,Montana,30,61
394867,"Missoula, MT",MT,33540,"Missoula, MT",Metropolitan Statistical Area,,,,,Missoula County,Montana,30,63
394407,"Bozeman, MT",MT,14580,"Bozeman, MT",Metropolitan Statistical Area,,,,,Gallatin County,Montana,30,31
394333,"Anniston, AL",AL,11500,"Anniston-Oxford, AL",Metropolitan Statistical Area,,,,,Calhoun County,Alabama,1,15
394374,"Beckley, WV",WV,13220,"Beckley, WV",Metropolitan Statistical Area,,,,,Fayette County,West Virginia,54,19
394374,"Beckley, WV",WV,13220,"Beckley, WV",Metropolitan Statistical Area,,,,,Raleigh County,West Virginia,54,81
395225,"Williamsport, PA",PA,48700,"Williamsport, PA",Metropolitan Statistical Area,,,558,"Williamsport-Lock Haven, PA",Lycoming County,Pennsylvania,42,81
394423,"Brunswick, GA",GA,15260,"Brunswick-St. Simons, GA",Metropolitan Statistical Area,,,,,Brantley County,Georgia,13,25
394423,"Brunswick, GA",GA,15260,"Brunswick-St. Simons, GA",Metropolitan Statistical Area,,,,,Glynn County,Georgia,13,127
394423,"Brunswick, GA",GA,15260,"Brunswick-St. Simons, GA",Metropolitan Statistical Area,,,,,McIntosh County,Georgia,13,191
753872,"California, MD",MD,30500,"Lexington Park, MD",Metropolitan Statistical Area,,,548,"Washington-Baltimore-Arlington, DC-MD-VA-WV-PA",Calvert County,Maryland,24,9
753872,"California, MD",MD,30500,"Lexington Park, MD",Metropolitan Statistical Area,,,548,"Washington-Baltimore-Arlington, DC-MD-VA-WV-PA",St. Mary's County,Maryland,24,37
395173,"Twin Falls, ID",ID,46300,"Twin Falls, ID",Metropolitan Statistical Area,,,,,Jerome County,Idaho,16,53
395173,"Twin Falls, ID",ID,46300,"Twin Falls, ID",Metropolitan Statistical Area,,,,,Twin Falls County,Idaho,16,83
394495,"Cookeville, TN",TN,18260,"Cookeville, TN",Micropolitan Statistical Area,,,,,Jackson County,Tennessee,47,87
394495,"Cookeville, TN",TN,18260,"Cookeville, TN",Micropolitan Statistical Area,,,,,Overton County,Tennessee,47,133
394495,"Cookeville, TN",TN,18260,"Cookeville, TN",Micropolitan Statistical Area,,,,,Putnam County,Tennessee,47,141
394495,"Cookeville, TN",TN,18260,"Cookeville, TN",Micropolitan Statistical Area,,,,,White County,Tennessee,47,185
394893,"Muncie, IN",IN,34620,"Muncie, IN",Metropolitan Statistical Area,,,294,"Indianapolis-Carmel-Muncie, IN",Delaware County,Indiana,18,35
394857,"Michigan City, IN",IN,33140,"Michigan City-La Porte, IN",Metropolitan Statistical Area,,,176,"Chicago-Naperville, IL-IN-WI",LaPorte County,Indiana,18,91
395039,"Roseburg, OR",OR,40700,"Roseburg, OR",Micropolitan Statistical Area,,,,,Douglas County,Oregon,41,19
394788,"Lewiston, ME",ME,30340,"Lewiston-Auburn, ME",Metropolitan Statistical Area,,,438,"Portland-Lewiston-South Portland, ME",Androscoggin County,Maine,23,1
394804,"Longview, WA",WA,31020,"Longview-Kelso, WA",Metropolitan Statistical Area,,,440,"Portland-Vancouver-Salem, OR-WA",Cowlitz County,Washington,53,15
394932,"Ogdensburg, NY",NY,32390,"Massena-Ogdensburg, NY",Micropolitan Statistical Area,,,,,St. Lawrence County,New York,36,89
394734,"Kankakee, IL",IL,28100,"Kankakee, IL",Metropolitan Statistical Area,,,176,"Chicago-Naperville, IL-IN-WI",Kankakee County,Illinois,17,91
394396,"Bluefield, WV",VA,14140,"Bluefield, WV-VA",Micropolitan Statistical Area,,,,,Tazewell County,Virginia,51,185
394396,"Bluefield, WV",VA,14140,"Bluefield, WV-VA",Micropolitan Statistical Area,,,,,Mercer County,West Virginia,54,55
395095,"Show Low, AZ",AZ,43320,"Show Low, AZ",Micropolitan Statistical Area,,,,,Navajo County,Arizona,4,17
395023,"Richmond, KY",KY,40080,"Richmond-Berea, KY",Micropolitan Statistical Area,,,336,"Lexington-Fayette--Richmond--Frankfort, KY",Estill County,Kentucky,21,65
395023,"Richmond, KY",KY,40080,"Richmond-Berea, KY",Micropolitan Statistical Area,,,336,"Lexington-Fayette--Richmond--Frankfort, KY",Madison County,Kentucky,21,151
395023,"Richmond, KY",KY,40080,"Richmond-Berea, KY",Micropolitan Statistical Area,,,336,"Lexington-Fayette--Richmond--Frankfort, KY",Rockcastle County,Kentucky,21,203
395168,"Tullahoma, TN",TN,46100,"Tullahoma-Manchester, TN",Micropolitan Statistical Area,,,400,"Nashville-Davidson--Murfreesboro, TN",Coffee County,Tennessee,47,31
395168,"Tullahoma, TN",TN,46100,"Tullahoma-Manchester, TN",Micropolitan Statistical Area,,,400,"Nashville-Davidson--Murfreesboro, TN",Moore County,Tennessee,47,127
395222,"Whitewater, WI",WI,48580,"Whitewater-Elkhorn, WI",Micropolitan Statistical Area,,,376,"Milwaukee-Racine-Waukesha, WI",Walworth County,Wisconsin,55,127
394709,"Ithaca, NY",NY,27060,"Ithaca, NY",Metropolitan Statistical Area,,,296,"Ithaca-Cortland, NY",Tompkins County,New York,36,109
394637,"Grand Forks, ND",MN,24220,"Grand Forks, ND-MN",Metropolitan Statistical Area,,,,,Polk County,Minnesota,27,119
394637,"Grand Forks, ND",MN,24220,"Grand Forks, ND-MN",Metropolitan Statistical Area,,,,,Grand Forks County,North Dakota,38,35
394524,"Decatur, IL",IL,19500,"Decatur, IL",Metropolitan Statistical Area,,,,,Macon County,Illinois,17,115
394762,"LaGrange, GA",GA,29300,"LaGrange, GA-AL",Micropolitan Statistical Area,,,122,"Atlanta--Athens-Clarke County--Sandy Springs, GA-AL",Chambers County,Alabama,1,17
394762,"LaGrange, GA",GA,29300,"LaGrange, GA-AL",Micropolitan Statistical Area,,,122,"Atlanta--Athens-Clarke County--Sandy Springs, GA-AL",Troup County,Georgia,13,285
394369,"Bay City, MI",MI,13020,"Bay City, MI",Metropolitan Statistical Area,,,474,"Saginaw-Midland-Bay City, MI",Bay County,Michigan,26,17
394599,"Fond du Lac, WI",WI,22540,"Fond du Lac, WI",Metropolitan Statistical Area,,,,,Fond du Lac County,Wisconsin,55,39
394630,"Gettysburg, PA",PA,23900,"Gettysburg, PA",Metropolitan Statistical Area,,,276,"Harrisburg-York-Lebanon, PA",Adams County,Pennsylvania,42,1
394620,"Gadsden, AL",AL,23460,"Gadsden, AL",Metropolitan Statistical Area,,,,,Etowah County,Alabama,1,55
394733,"Kalispell, MT",MT,28060,"Kalispell, MT",Micropolitan Statistical Area,,,,,Flathead County,Montana,30,29
394518,"Danville, VA",VA,19260,"Danville, VA",Micropolitan Statistical Area,,,,,Pittsylvania County,Virginia,51,143
394518,"Danville, VA",VA,19260,"Danville, VA",Micropolitan Statistical Area,,,,,Danville city,Virginia,51,590
394823,"Mankato, MN",MN,31860,"Mankato, MN",Metropolitan Statistical Area,,,359,"Mankato-New Ulm, MN",Blue Earth County,Minnesota,27,13
394823,"Mankato, MN",MN,31860,"Mankato, MN",Metropolitan Statistical Area,,,359,"Mankato-New Ulm, MN",Nicollet County,Minnesota,27,103
394794,"Lima, OH",OH,30620,"Lima, OH",Metropolitan Statistical Area,,,338,"Lima-Van Wert-Celina, OH",Allen County,Ohio,39,3
753915,"Salem, OH",OH,41400,"Salem, OH",Micropolitan Statistical Area,,,566,"Youngstown-Warren-Salem, OH",Columbiana County,Ohio,39,29
395166,"Truckee, CA",CA,46020,"Truckee-Grass Valley, CA",Micropolitan Statistical Area,,,472,"Sacramento-Roseville, CA",Nevada County,California,6,57
395080,"Sebring, FL",FL,42700,"Sebring, FL",Metropolitan Statistical Area,,,,,Highlands County,Florida,12,55
394462,"Cheyenne, WY",WY,16940,"Cheyenne, WY",Metropolitan Statistical Area,,,,,Laramie County,Wyoming,56,21
394689,"Hot Springs, AR",AR,26300,"Hot Springs, AR",Metropolitan Statistical Area,,,284,"Hot Springs-Malvern, AR",Garland County,Arkansas,5,51
394302,"Adrian, MI",MI,10300,"Adrian, MI",Micropolitan Statistical Area,,,220,"Detroit-Warren-Ann Arbor, MI",Lenawee County,Michigan,26,91
395090,"Shelby, NC",NC,43140,"Shelby-Kings Mountain, NC",Micropolitan Statistical Area,,,172,"Charlotte-Concord, NC-SC",Cleveland County,North Carolina,37,45
394542,"Dubuque, IA",IA,20220,"Dubuque, IA",Metropolitan Statistical Area,,,,,Dubuque County,Iowa,19,61
394852,"Meridian, MS",MS,32940,"Meridian, MS",Micropolitan Statistical Area,,,,,Clarke County,Mississippi,28,23
394852,"Meridian, MS",MS,32940,"Meridian, MS",Micropolitan Statistical Area,,,,,Lauderdale County,Mississippi,28,75
753912,"Pinehurst, NC",NC,38240,"Pinehurst-Southern Pines, NC",Metropolitan Statistical Area,,,246,"Fayetteville-Lumberton-Pinehurst, NC",Moore County,North Carolina,37,125
394953,"Paducah, KY",KY,37140,"Paducah, KY-IL",Metropolitan Statistical Area,,,424,"Paducah-Mayfield, KY-IL",Massac County,Illinois,17,127
394953,"Paducah, KY",KY,37140,"Paducah, KY-IL",Metropolitan Statistical Area,,,424,"Paducah-Mayfield, KY-IL",Ballard County,Kentucky,21,7
394953,"Paducah, KY",KY,37140,"Paducah, KY-IL",Metropolitan Statistical Area,,,424,"Paducah-Mayfield, KY-IL",Carlisle County,Kentucky,21,39
394953,"Paducah, KY",KY,37140,"Paducah, KY-IL",Metropolitan Statistical Area,,,424,"Paducah-Mayfield, KY-IL",Livingston County,Kentucky,21,139
394953,"Paducah, KY",KY,37140,"Paducah, KY-IL",Metropolitan Statistical Area,,,424,"Paducah-Mayfield, KY-IL",McCracken County,Kentucky,21,145
395190,"Victoria, TX",TX,47020,"Victoria, TX",Metropolitan Statistical Area,,,544,"Victoria-Port Lavaca, TX",Goliad County,Texas,48,175
395190,"Victoria, TX",TX,47020,"Victoria, TX",Metropolitan Statistical Area,,,544,"Victoria-Port Lavaca, TX",Victoria County,Texas,48,469
395038,"Rome, GA",GA,40660,"Rome, GA",Metropolitan Statistical Area,,,122,"Atlanta--Athens-Clarke County--Sandy Springs, GA-AL",Floyd County,Georgia,13,115
395086,"Sevierville, TN",TN,42940,"Sevierville, TN",Micropolitan Statistical Area,,,315,"Knoxville-Morristown-Sevierville, TN",Sevier County,Tennessee,47,155
394882,"Moses Lake, WA",WA,34180,"Moses Lake, WA",Micropolitan Statistical Area,,,393,"Moses Lake-Othello, WA",Grant County,Washington,53,25
394340,"Ashtabula, OH",OH,17410,"Cleveland, OH",Metropolitan Statistical Area,,,184,"Cleveland-Akron-Canton, OH",Ashtabula County,Ohio,39,7
394340,"Ashtabula, OH",OH,17410,"Cleveland, OH",Metropolitan Statistical Area,,,184,"Cleveland-Akron-Canton, OH",Cuyahoga County,Ohio,39,35
394340,"Ashtabula, OH",OH,17410,"Cleveland, OH",Metropolitan Statistical Area,,,184,"Cleveland-Akron-Canton, OH",Geauga County,Ohio,39,55
394340,"Ashtabula, OH",OH,17410,"Cleveland, OH",Metropolitan Statistical Area,,,184,"Cleveland-Akron-Canton, OH",Lake County,Ohio,39,85
394340,"Ashtabula, OH",OH,17410,"Cleveland, OH",Metropolitan Statistical Area,,,184,"Cleveland-Akron-Canton, OH",Lorain County,Ohio,39,93
394340,"Ashtabula, OH",OH,17410,"Cleveland, OH",Metropolitan Statistical Area,,,184,"Cleveland-Akron-Canton, OH",Medina County,Ohio,39,103
394441,"Cape Girardeau, MO",MO,16020,"Cape Girardeau, MO-IL",Metropolitan Statistical Area,,,164,"Cape Girardeau-Sikeston, MO-IL",Alexander County,Illinois,17,3
394441,"Cape Girardeau, MO",MO,16020,"Cape Girardeau, MO-IL",Metropolitan Statistical Area,,,164,"Cape Girardeau-Sikeston, MO-IL",Bollinger County,Missouri,29,17
394441,"Cape Girardeau, MO",MO,16020,"Cape Girardeau, MO-IL",Metropolitan Statistical Area,,,164,"Cape Girardeau-Sikeston, MO-IL",Cape Girardeau County,Missouri,29,31
394311,"Albertville, AL",AL,10700,"Albertville, AL",Micropolitan Statistical Area,,,290,"Huntsville-Decatur-Albertville, AL-TN",Marshall County,Alabama,1,95
394580,"Fairbanks, AK",AK,21820,"Fairbanks-College, AK",Metropolitan Statistical Area,,,,,Fairbanks North Star Borough,Alaska,2,90
394410,"Brainerd, MN",MN,14660,"Brainerd, MN",Micropolitan Statistical Area,,,,,Cass County,Minnesota,27,21
394410,"Brainerd, MN",MN,14660,"Brainerd, MN",Micropolitan Statistical Area,,,,,Crow Wing County,Minnesota,27,35
394513,"Cumberland, MD",MD,19060,"Cumberland, MD-WV",Micropolitan Statistical Area,,,,,Allegany County,Maryland,24,1
394513,"Cumberland, MD",MD,19060,"Cumberland, MD-WV",Micropolitan Statistical Area,,,,,Mineral County,West Virginia,54,57
394928,"Ocean City, NJ",NJ,12100,"Atlantic City-Hammonton, NJ",Metropolitan Statistical Area,,,428,"Philadelphia-Reading-Camden, PA-NJ-DE-MD",Atlantic County,New Jersey,34,1
394928,"Ocean City, NJ",NJ,12100,"Atlantic City-Hammonton, NJ",Metropolitan Statistical Area,,,428,"Philadelphia-Reading-Camden, PA-NJ-DE-MD",Cape May County,New Jersey,34,9
394505,"Corvallis, OR",OR,18700,"Corvallis, OR",Metropolitan Statistical Area,,,440,"Portland-Vancouver-Salem, OR-WA",Benton County,Oregon,41,3
394988,"Pocatello, ID",ID,38540,"Pocatello, ID",Metropolitan Statistical Area,,,,,Bannock County,Idaho,16,5
394501,"Corning, NY",NY,18500,"Corning, NY",Micropolitan Statistical Area,,,236,"Elmira-Corning, NY",Steuben County,New York,36,101
394911,"New Philadelphia, OH",OH,35420,"New Philadelphia-Dover, OH",Micropolitan Statistical Area,,,184,"Cleveland-Akron-Canton, OH",Tuscarawas County,Ohio,39,157
395140,"Sunbury, PA",PA,44980,"Sunbury, PA",Micropolitan Statistical Area,,,146,"Bloomsburg-Berwick-Sunbury, PA",Montour County,Pennsylvania,42,93
395140,"Sunbury, PA",PA,44980,"Sunbury, PA",Micropolitan Statistical Area,,,146,"Bloomsburg-Berwick-Sunbury, PA",Northumberland County,Pennsylvania,42,97
395175,"Ukiah, CA",CA,46380,"Ukiah, CA",Micropolitan Statistical Area,,,,,Mendocino County,California,6,45
753887,"Hermiston, OR",OR,25840,"Hermiston-Pendleton, OR",Micropolitan Statistical Area,,,,,Morrow County,Oregon,41,49
753887,"Hermiston, OR",OR,25840,"Hermiston-Pendleton, OR",Micropolitan Statistical Area,,,,,Umatilla County,Oregon,41,59
394469,"Clarksburg, WV",WV,17220,"Clarksburg, WV",Micropolitan Statistical Area,,,242,"Fairmont-Clarksburg, WV",Doddridge County,West Virginia,54,17
394469,"Clarksburg, WV",WV,17220,"Clarksburg, WV",Micropolitan Statistical Area,,,242,"Fairmont-Clarksburg, WV",Harrison County,West Virginia,54,33
394469,"Clarksburg, WV",WV,17220,"Clarksburg, WV",Micropolitan Statistical Area,,,242,"Fairmont-Clarksburg, WV",Taylor County,West Virginia,54,91
394964,"Parkersburg, WV",WV,37620,"Parkersburg-Vienna, WV",Metropolitan Statistical Area,,,425,"Parkersburg-Marietta-Vienna, WV-OH",Wirt County,West Virginia,54,105
394964,"Parkersburg, WV",WV,37620,"Parkersburg-Vienna, WV",Metropolitan Statistical Area,,,425,"Parkersburg-Marietta-Vienna, WV-OH",Wood County,West Virginia,54,107
394373,"Beaver Dam, WI",WI,13180,"Beaver Dam, WI",Micropolitan Statistical Area,,,376,"Milwaukee-Racine-Waukesha, WI",Dodge County,Wisconsin,55,27
394980,"Pine Bluff, AR",AR,38220,"Pine Bluff, AR",Micropolitan Statistical Area,,,340,"Little Rock-North Little Rock, AR",Cleveland County,Arkansas,5,25
394980,"Pine Bluff, AR",AR,38220,"Pine Bluff, AR",Micropolitan Statistical Area,,,340,"Little Rock-North Little Rock, AR",Jefferson County,Arkansas,5,69
394641,"Grants Pass, OR",OR,24420,"Grants Pass, OR",Metropolitan Statistical Area,,,366,"Medford-Grants Pass, OR",Josephine County,Oregon,41,33
394511,"Cullman, AL",AL,18980,"Cullman, AL",Micropolitan Statistical Area,,,142,"Birmingham-Cullman-Talladega, AL",Cullman County,Alabama,1,43
394809,"Lufkin, TX",TX,31260,"Lufkin, TX",Micropolitan Statistical Area,,,,,Angelina County,Texas,48,5
395248,"Zanesville, OH",OH,49780,"Zanesville, OH",Micropolitan Statistical Area,,,198,"Columbus-Marion-Zanesville, OH",Muskingum County,Ohio,39,119
394907,"New Castle, PA",PA,38300,"Pittsburgh, PA",Metropolitan Statistical Area,,,430,"Pittsburgh-Weirton-Steubenville, PA-OH-WV",Allegheny County,Pennsylvania,42,3
394907,"New Castle, PA",PA,38300,"Pittsburgh, PA",Metropolitan Statistical Area,,,430,"Pittsburgh-Weirton-Steubenville, PA-OH-WV",Armstrong County,Pennsylvania,42,5
394907,"New Castle, PA",PA,38300,"Pittsburgh, PA",Metropolitan Statistical Area,,,430,"Pittsburgh-Weirton-Steubenville, PA-OH-WV",Beaver County,Pennsylvania,42,7
394907,"New Castle, PA",PA,38300,"Pittsburgh, PA",Metropolitan Statistical Area,,,430,"Pittsburgh-Weirton-Steubenville, PA-OH-WV",Butler County,Pennsylvania,42,19
394907,"New Castle, PA",PA,38300,"Pittsburgh, PA",Metropolitan Statistical Area,,,430,"Pittsburgh-Weirton-Steubenville, PA-OH-WV",Fayette County,Pennsylvania,42,51
394907,"New Castle, PA",PA,38300,"Pittsburgh, PA",Metropolitan Statistical Area,,,430,"Pittsburgh-Weirton-Steubenville, PA-OH-WV",Lawrence County,Pennsylvania,42,73
394907,"New Castle, PA",PA,38300,"Pittsburgh, PA",Metropolitan Statistical Area,,,430,"Pittsburgh-Weirton-Steubenville, PA-OH-WV",Washington County,Pennsylvania,42,125
394907,"New Castle, PA",PA,38300,"Pittsburgh, PA",Metropolitan Statistical Area,,,430,"Pittsburgh-Weirton-Steubenville, PA-OH-WV",Westmoreland County,Pennsylvania,42,129
394925,"Oak Harbor, WA",WA,36020,"Oak Harbor, WA",Micropolitan Statistical Area,,,500,"Seattle-Tacoma, WA",Island County,Washington,53,29
394942,"Orangeburg, SC",SC,36700,"Orangeburg, SC",Micropolitan Statistical Area,,,192,"Columbia-Sumter-Orangeburg, SC",Orangeburg County,South Carolina,45,75
395212,"Watertown, WI",WI,48020,"Watertown-Fort Atkinson, WI",Micropolitan Statistical Area,,,376,"Milwaukee-Racine-Waukesha, WI",Jefferson County,Wisconsin,55,55
394847,"Meadville, PA",PA,32740,"Meadville, PA",Micropolitan Statistical Area,,,240,"Erie-Meadville, PA",Crawford County,Pennsylvania,42,39
394568,"Elmira, NY",NY,21300,"Elmira, NY",Metropolitan Statistical Area,,,236,"Elmira-Corning, NY",Chemung County,New York,36,15
394644,"Great Falls, MT",MT,24500,"Great Falls, MT",Metropolitan Statistical Area,,,,,Cascade County,Montana,30,13
394776,"Laurel, MS",MS,29860,"Laurel, MS",Micropolitan Statistical Area,,,279,"Hattiesburg-Laurel, MS",Jasper County,Mississippi,28,61
394776,"Laurel, MS",MS,29860,"Laurel, MS",Micropolitan Statistical Area,,,279,"Hattiesburg-Laurel, MS",Jones County,Mississippi,28,67
395042,"Russellville, AR",AR,40780,"Russellville, AR",Micropolitan Statistical Area,,,,,Pope County,Arkansas,5,115
395042,"Russellville, AR",AR,40780,"Russellville, AR",Micropolitan Statistical Area,,,,,Yell County,Arkansas,5,149
394704,"Indiana, PA",PA,26860,"Indiana, PA",Micropolitan Statistical Area,,,430,"Pittsburgh-Weirton-Steubenville, PA-OH-WV",Indiana County,Pennsylvania,42,63
394859,"Midland, MI",MI,33220,"Midland, MI",Metropolitan Statistical Area,,,474,"Saginaw-Midland-Bay City, MI",Midland County,Michigan,26,111
394755,"Kokomo, IN",IN,29020,"Kokomo, IN",Metropolitan Statistical Area,,,294,"Indianapolis-Carmel-Muncie, IN",Howard County,Indiana,18,67
394395,"Bloomsburg, PA",PA,14100,"Bloomsburg-Berwick, PA",Micropolitan Statistical Area,,,146,"Bloomsburg-Berwick-Sunbury, PA",Columbia County,Pennsylvania,42,37
394941,"Opelousas, LA",LA,36660,"Opelousas, LA",Micropolitan Statistical Area,,,318,"Lafayette-New Iberia-Opelousas, LA",St. Landry Parish,Louisiana,22,97
394675,"Helena, MT",MT,25740,"Helena, MT",Metropolitan Statistical Area,,,,,Broadwater County,Montana,30,7
394675,"Helena, MT",MT,25740,"Helena, MT",Metropolitan Statistical Area,,,,,Jefferson County,Montana,30,43
394675,"Helena, MT",MT,25740,"Helena, MT",Metropolitan Statistical Area,,,,,Lewis and Clark County,Montana,30,49
394744,"Key West, FL",FL,28580,"Key West-Key Largo, FL",Micropolitan Statistical Area,,,370,"Miami-Port St. Lucie-Fort Lauderdale, FL",Monroe County,Florida,12,87
395145,"Talladega, AL",AL,45180,"Talladega-Sylacauga, AL",Micropolitan Statistical Area,,,142,"Birmingham-Cullman-Talladega, AL",Coosa County,Alabama,1,37
395145,"Talladega, AL",AL,45180,"Talladega-Sylacauga, AL",Micropolitan Statistical Area,,,142,"Birmingham-Cullman-Talladega, AL",Talladega County,Alabama,1,121
395133,"Stillwater, OK",OK,44660,"Stillwater, OK",Micropolitan Statistical Area,,,,,Payne County,Oklahoma,40,119
394489,"Columbus, IN",IN,18020,"Columbus, IN",Metropolitan Statistical Area,,,294,"Indianapolis-Carmel-Muncie, IN",Bartholomew County,Indiana,18,5
394345,"Athens, TX",TX,11980,"Athens, TX",Micropolitan Statistical Area,,,206,"Dallas-Fort Worth, TX-OK",Henderson County,Texas,48,213
394452,"Centralia, WA",WA,16500,"Centralia, WA",Micropolitan Statistical Area,,,500,"Seattle-Tacoma, WA",Lewis County,Washington,53,41
394822,"Manitowoc, WI",WI,31820,"Manitowoc, WI",Micropolitan Statistical Area,,,,,Manitowoc County,Wisconsin,55,71
394682,"Hinesville, GA",GA,25980,"Hinesville, GA",Metropolitan Statistical Area,,,496,"Savannah-Hinesville-Statesboro, GA",Liberty County,Georgia,13,179
394682,"Hinesville, GA",GA,25980,"Hinesville, GA",Metropolitan Statistical Area,,,496,"Savannah-Hinesville-Statesboro, GA",Long County,Georgia,13,183
394541,"DuBois, PA",PA,20180,"DuBois, PA",Micropolitan Statistical Area,,,524,"State College-DuBois, PA",Clearfield County,Pennsylvania,42,33
395205,"Warsaw, IN",IN,47700,"Warsaw, IN",Micropolitan Statistical Area,,,515,"South Bend-Elkhart-Mishawaka, IN-MI",Kosciusko County,Indiana,18,85
394986,"Plattsburgh, NY",NY,38460,"Plattsburgh, NY",Micropolitan Statistical Area,,,,,Clinton County,New York,36,19
395126,"Statesboro, GA",GA,44340,"Statesboro, GA",Micropolitan Statistical Area,,,496,"Savannah-Hinesville-Statesboro, GA",Bulloch County,Georgia,13,31
395126,"Statesboro, GA",GA,44340,"Statesboro, GA",Micropolitan Statistical Area,,,496,"Savannah-Hinesville-Statesboro, GA",Evans County,Georgia,13,109
394445,"Casper, WY",WY,16220,"Casper, WY",Metropolitan Statistical Area,,,,,Natrona County,Wyoming,56,25
395231,"Wilson, NC",NC,48980,"Wilson, NC",Micropolitan Statistical Area,,,468,"Rocky Mount-Wilson-Roanoke Rapids, NC",Wilson County,North Carolina,37,195
753881,"Glenwood Springs, CO",CO,40090,"Rifle, CO",Micropolitan Statistical Area,,,233,"Edwards-Rifle, CO",Garfield County,Colorado,8,45
753881,"Glenwood Springs, CO",CO,40090,"Rifle, CO",Micropolitan Statistical Area,,,233,"Edwards-Rifle, CO",Pitkin County,Colorado,8,97
395085,"Seneca, SC",SC,42860,"Seneca, SC",Micropolitan Statistical Area,,,273,"Greenville-Spartanburg-Anderson, SC",Oconee County,South Carolina,45,73
394866,"Minot, ND",ND,33500,"Minot, ND",Metropolitan Statistical Area,,,,,McHenry County,North Dakota,38,49
394866,"Minot, ND",ND,33500,"Minot, ND",Metropolitan Statistical Area,,,,,Renville County,North Dakota,38,75
394866,"Minot, ND",ND,33500,"Minot, ND",Metropolitan Statistical Area,,,,,Ward County,North Dakota,38,101
394936,"Olean, NY",NY,36460,"Olean, NY",Micropolitan Statistical Area,,,160,"Buffalo-Cheektowaga-Olean, NY",Cattaraugus County,New York,36,9
394465,"Chillicothe, OH",OH,17060,"Chillicothe, OH",Micropolitan Statistical Area,,,198,"Columbus-Marion-Zanesville, OH",Ross County,Ohio,39,141
395077,"Searcy, AR",AR,42620,"Searcy, AR",Micropolitan Statistical Area,,,340,"Little Rock-North Little Rock, AR",White County,Arkansas,5,145
394638,"Grand Island, NE",NE,24260,"Grand Island, NE",Metropolitan Statistical Area,,,,,Hall County,Nebraska,31,79
394638,"Grand Island, NE",NE,24260,"Grand Island, NE",Metropolitan Statistical Area,,,,,Howard County,Nebraska,31,93
394638,"Grand Island, NE",NE,24260,"Grand Island, NE",Metropolitan Statistical Area,,,,,Merrick County,Nebraska,31,121
394994,"Port Angeles, WA",WA,38820,"Port Angeles, WA",Micropolitan Statistical Area,,,,,Clallam County,Washington,53,9
394350,"Auburn, NY",NY,12180,"Auburn, NY",Micropolitan Statistical Area,,,532,"Syracuse-Auburn, NY",Cayuga County,New York,36,11
394699,"Huntsville, TX",TX,26660,"Huntsville, TX",Micropolitan Statistical Area,,,288,"Houston-Pasadena, TX",Walker County,Texas,48,471
394738,"Keene, NH",NH,28300,"Keene, NH",Micropolitan Statistical Area,,,313,"Keene-Brattleboro, NH-VT",Cheshire County,New Hampshire,33,5
394674,"Heber, UT",UT,25720,"Heber, UT",Micropolitan Statistical Area,,,482,"Salt Lake City-Provo-Orem, UT-ID",Summit County,Utah,49,43
394674,"Heber, UT",UT,25720,"Heber, UT",Micropolitan Statistical Area,,,482,"Salt Lake City-Provo-Orem, UT-ID",Wasatch County,Utah,49,51
395010,"Quincy, IL",IL,39500,"Quincy, IL-MO",Micropolitan Statistical Area,,,448,"Quincy-Hannibal, IL-MO",Adams County,Illinois,17,1
395010,"Quincy, IL",IL,39500,"Quincy, IL-MO",Micropolitan Statistical Area,,,448,"Quincy-Hannibal, IL-MO",Lewis County,Missouri,29,111
395062,"Sandusky, OH",OH,41780,"Sandusky, OH",Metropolitan Statistical Area,,,184,"Cleveland-Akron-Canton, OH",Erie County,Ohio,39,43
395062,"Sandusky, OH",OH,41780,"Sandusky, OH",Metropolitan Statistical Area,,,184,"Cleveland-Akron-Canton, OH",Ottawa County,Ohio,39,123
394593,"Findlay, OH",OH,22300,"Findlay, OH",Micropolitan Statistical Area,,,248,"Findlay-Tiffin, OH",Hancock County,Ohio,39,63
394614,"Frankfort, KY",KY,23180,"Frankfort, KY",Micropolitan Statistical Area,,,336,"Lexington-Fayette--Richmond--Frankfort, KY",Anderson County,Kentucky,21,5
394614,"Frankfort, KY",KY,23180,"Frankfort, KY",Micropolitan Statistical Area,,,336,"Lexington-Fayette--Richmond--Frankfort, KY",Franklin County,Kentucky,21,73
394516,"Danville, IL",IL,19180,"Danville, IL",Micropolitan Statistical Area,,,169,"Champaign-Urbana-Danville, IL",Vermilion County,Illinois,17,183
394298,"Aberdeen, WA",WA,10140,"Aberdeen, WA",Micropolitan Statistical Area,,,,,Grays Harbor County,Washington,53,27
394999,"Portsmouth, OH",OH,39020,"Portsmouth, OH",Micropolitan Statistical Area,,,170,"Charleston-Huntington-Ashland, WV-OH-KY",Scioto County,Ohio,39,145
395106,"Somerset, PA",PA,43740,"Somerset, PA",Micropolitan Statistical Area,,,306,"Johnstown-Somerset, PA",Somerset County,Pennsylvania,42,111
753928,"Wisconsin Rapids, WI",WI,49220,"Wisconsin Rapids-Marshfield, WI",Micropolitan Statistical Area,,,554,"Wausau-Stevens Point-Wisconsin Rapids, WI",Wood County,Wisconsin,55,141
753893,"Jefferson, GA",GA,27600,"Jefferson, GA",Micropolitan Statistical Area,,,122,"Atlanta--Athens-Clarke County--Sandy Springs, GA-AL",Jackson County,Georgia,13,157
394736,"Kapaa, HI",HI,28180,"Kapaa, HI",Micropolitan Statistical Area,,,,,Kauai County,Hawaii,15,7
394955,"Palatka, FL",FL,37260,"Palatka, FL",Micropolitan Statistical Area,,,300,"Jacksonville-Kingsland-Palatka, FL-GA",Putnam County,Florida,12,107
394626,"Gallup, NM",NM,23700,"Gallup, NM",Micropolitan Statistical Area,,,,,McKinley County,New Mexico,35,31
394683,"Hobbs, NM",NM,26020,"Hobbs, NM",Micropolitan Statistical Area,,,,,Lea County,New Mexico,35,25
395088,"Shawnee, OK",OK,43060,"Shawnee, OK",Micropolitan Statistical Area,,,416,"Oklahoma City-Shawnee, OK",Pottawatomie County,Oklahoma,40,125
394884,"Mount Airy, NC",NC,34340,"Mount Airy, NC",Micropolitan Statistical Area,,,268,"Greensboro--Winston-Salem--High Point, NC",Surry County,North Carolina,37,171
395132,"Stevens Point, WI",WI,44620,"Stevens Point-Plover, WI",Micropolitan Statistical Area,,,554,"Wausau-Stevens Point-Wisconsin Rapids, WI",Portage County,Wisconsin,55,97
394647,"Greeneville, TN",TN,24620,"Greeneville, TN",Micropolitan Statistical Area,,,304,"Johnson City-Kingsport-Bristol, TN-VA",Greene County,Tennessee,47,59
394655,"Greenwood, SC",SC,24940,"Greenwood, SC",Micropolitan Statistical Area,,,273,"Greenville-Spartanburg-Anderson, SC",Abbeville County,South Carolina,45,1
394655,"Greenwood, SC",SC,24940,"Greenwood, SC",Micropolitan Statistical Area,,,273,"Greenville-Spartanburg-Anderson, SC",Greenwood County,South Carolina,45,47
394764,"Lake City, FL",FL,29380,"Lake City, FL",Micropolitan Statistical Area,,,264,"Gainesville-Lake City, FL",Columbia County,Florida,12,23
394752,"Klamath Falls, OR",OR,28900,"Klamath Falls, OR",Micropolitan Statistical Area,,,,,Klamath County,Oregon,41,35
394877,"Morehead City, NC",NC,33980,"Morehead City, NC",Micropolitan Statistical Area,,,404,"New Bern-Morehead City, NC",Carteret County,North Carolina,37,31
394472,"Clearlake, CA",CA,17340,"Clearlake, CA",Micropolitan Statistical Area,,,,,Lake County,California,6,33
394305,"Alamogordo, NM",NM,10460,"Alamogordo, NM",Micropolitan Statistical Area,,,,,Otero County,New Mexico,35,35
395027,"Roanoke Rapids, NC",NC,40260,"Roanoke Rapids, NC",Micropolitan Statistical Area,,,468,"Rocky Mount-Wilson-Roanoke Rapids, NC",Halifax County,North Carolina,37,83
395027,"Roanoke Rapids, NC",NC,40260,"Roanoke Rapids, NC",Micropolitan Statistical Area,,,468,"Rocky Mount-Wilson-Roanoke Rapids, NC",Northampton County,North Carolina,37,131
394587,"Farmington, MO",MO,22100,"Farmington, MO",Micropolitan Statistical Area,,,476,"St. Louis-St. Charles-Farmington, MO-IL",St. Francois County,Missouri,29,187
394897,"Muskogee, OK",OK,34780,"Muskogee, OK",Micropolitan Statistical Area,,,538,"Tulsa-Bartlesville-Muskogee, OK",Muskogee County,Oklahoma,40,101
394826,"Marion, IN",IN,31980,"Marion, IN",Micropolitan Statistical Area,,,,,Grant County,Indiana,18,53
394586,"Faribault, MN",MN,22060,"Faribault-Northfield, MN",Micropolitan Statistical Area,,,378,"Minneapolis-St. Paul, MN-WI",Rice County,Minnesota,27,131
395021,"Richmond, IN",IN,39980,"Richmond, IN",Micropolitan Statistical Area,,,458,"Richmond-Connersville, IN",Wayne County,Indiana,18,177
394829,"Marquette, MI",MI,32100,"Marquette, MI",Micropolitan Statistical Area,,,,,Marquette County,Michigan,26,103
394922,"North Wilkesboro, NC",NC,35900,"North Wilkesboro, NC",Micropolitan Statistical Area,,,,,Wilkes County,North Carolina,37,193
394885,"Mount Pleasant, MI",MI,34380,"Mount Pleasant, MI",Micropolitan Statistical Area,,,394,"Mount Pleasant-Alma, MI",Isabella County,Michigan,26,73
395024,"Rio Grande City, TX",TX,40100,"Rio Grande City-Roma, TX",Micropolitan Statistical Area,,,365,"McAllen-Edinburg, TX",Starr County,Texas,48,427
394827,"Marion, OH",OH,32020,"Marion, OH",Micropolitan Statistical Area,,,198,"Columbus-Marion-Zanesville, OH",Marion County,Ohio,39,101
394360,"Baraboo, WI",WI,12660,"Baraboo, WI",Micropolitan Statistical Area,,,357,"Madison-Janesville-Beloit, WI",Sauk County,Wisconsin,55,111
395016,"Red Bluff, CA",CA,39780,"Red Bluff, CA",Micropolitan Statistical Area,,,454,"Redding-Red Bluff, CA",Tehama County,California,6,103
394825,"Marinette, WI",WI,31940,"Marinette, WI-MI",Micropolitan Statistical Area,,,361,"Marinette-Iron Mountain, WI-MI",Menominee County,Michigan,26,109
394825,"Marinette, WI",WI,31940,"Marinette, WI-MI",Micropolitan Statistical Area,,,361,"Marinette-Iron Mountain, WI-MI",Marinette County,Wisconsin,55,75
395040,"Roswell, NM",NM,40740,"Roswell, NM",Micropolitan Statistical Area,,,,,Chaves County,New Mexico,35,5
395092,"Shelton, WA",WA,43220,"Shelton, WA",Micropolitan Statistical Area,,,500,"Seattle-Tacoma, WA",Mason County,Washington,53,45
394540,"Dublin, GA",GA,20140,"Dublin, GA",Micropolitan Statistical Area,,,,,Johnson County,Georgia,13,167
394540,"Dublin, GA",GA,20140,"Dublin, GA",Micropolitan Statistical Area,,,,,Laurens County,Georgia,13,175
394899,"Nacogdoches, TX",TX,34860,"Nacogdoches, TX",Micropolitan Statistical Area,,,,,Nacogdoches County,Texas,48,347
395105,"Somerset, KY",KY,43700,"Somerset, KY",Micropolitan Statistical Area,,,,,Pulaski County,Kentucky,21,199
394496,"Coos Bay, OR",OR,18300,"Coos Bay-North Bend, OR",Micropolitan Statistical Area,,,,,Coos County,Oregon,41,11
394600,"Forest City, NC",NC,22580,"Forest City, NC",Micropolitan Statistical Area,,,,,Rutherford County,North Carolina,37,161
394836,"Martinsville, VA",VA,32300,"Martinsville, VA",Micropolitan Statistical Area,,,,,Henry County,Virginia,51,89
394836,"Martinsville, VA",VA,32300,"Martinsville, VA",Micropolitan Statistical Area,,,,,Martinsville city,Virginia,51,690
395020,"Rexburg, ID",ID,39940,"Rexburg, ID",Micropolitan Statistical Area,,,292,"Idaho Falls-Rexburg-Blackfoot, ID",Fremont County,Idaho,16,43
395020,"Rexburg, ID",ID,39940,"Rexburg, ID",Micropolitan Statistical Area,,,292,"Idaho Falls-Rexburg-Blackfoot, ID",Madison County,Idaho,16,65
394787,"Lewiston, ID",ID,30300,"Lewiston, ID-WA",Metropolitan Statistical Area,,,,,Nez Perce County,Idaho,16,69
394787,"Lewiston, ID",ID,30300,"Lewiston, ID-WA",Metropolitan Statistical Area,,,,,Asotin County,Washington,53,3
394759,"Laconia, NH",NH,29060,"Laconia, NH",Micropolitan Statistical Area,,,148,"Boston-Worcester-Providence, MA-RI-NH",Belknap County,New Hampshire,33,1
394629,"Georgetown, SC",SC,34680,"Murrells Inlet, SC",Micropolitan Statistical Area,,,396,"Myrtle Beach-Conway, SC",Georgetown County,South Carolina,45,43
394343,"Athens, OH",OH,11900,"Athens, OH",Micropolitan Statistical Area,,,198,"Columbus-Marion-Zanesville, OH",Athens County,Ohio,39,9
395063,"Sanford, NC",NC,41820,"Sanford, NC",Micropolitan Statistical Area,,,450,"Raleigh-Durham-Cary, NC",Lee County,North Carolina,37,105
394570,"Enid, OK",OK,21420,"Enid, OK",Metropolitan Statistical Area,,,,,Garfield County,Oklahoma,40,47
394889,"Mount Vernon, OH",OH,34540,"Mount Vernon, OH",Micropolitan Statistical Area,,,198,"Columbus-Marion-Zanesville, OH",Knox County,Ohio,39,83
395199,"Walla Walla, WA",WA,47460,"Walla Walla, WA",Metropolitan Statistical Area,,,314,"Kennewick-Richland-Walla Walla, WA",Walla Walla County,Washington,53,71
394309,"Albemarle, NC",NC,10620,"Albemarle, NC",Micropolitan Statistical Area,,,172,"Charlotte-Concord, NC-SC",Stanly County,North Carolina,37,167
394701,"Hutchinson, KS",KS,26740,"Hutchinson, KS",Micropolitan Statistical Area,,,,,Reno County,Kansas,20,155
394693,"Hudson, NY",NY,26460,"Hudson, NY",Micropolitan Statistical Area,,,104,"Albany-Schenectady, NY",Columbia County,New York,36,21
395124,"Starkville, MS",MS,44260,"Starkville, MS",Micropolitan Statistical Area,,,523,"Starkville-Columbus, MS",Oktibbeha County,Mississippi,28,105
395124,"Starkville, MS",MS,44260,"Starkville, MS",Micropolitan Statistical Area,,,523,"Starkville-Columbus, MS",Webster County,Mississippi,28,155
394443,"Carlsbad, NM",NM,16100,"Carlsbad-Artesia, NM",Micropolitan Statistical Area,,,,,Eddy County,New Mexico,35,15
394631,"Gillette, WY",WY,23940,"Gillette, WY",Micropolitan Statistical Area,,,,,Campbell County,Wyoming,56,5
395136,"Sturgis, MI",MI,44780,"Sturgis, MI",Micropolitan Statistical Area,,,310,"Kalamazoo-Battle Creek-Portage, MI",St. Joseph County,Michigan,26,149
395044,"Rutland, VT",VT,40860,"Rutland, VT",Micropolitan Statistical Area,,,,,Rutland County,Vermont,50,21
394509,"Crossville, TN",TN,18900,"Crossville, TN",Micropolitan Statistical Area,,,,,Cumberland County,Tennessee,47,35
395071,"Sayre, PA",PA,42380,"Sayre, PA",Micropolitan Statistical Area,,,,,Bradford County,Pennsylvania,42,15
395049,"Salina, KS",KS,41460,"Salina, KS",Micropolitan Statistical Area,,,,,Ottawa County,Kansas,20,143
395049,"Salina, KS",KS,41460,"Salina, KS",Micropolitan Statistical Area,,,,,Saline County,Kansas,20,169
753903,"Marietta, OH",OH,31930,"Marietta, OH",Micropolitan Statistical Area,,,425,"Parkersburg-Marietta-Vienna, WV-OH",Washington County,Ohio,39,167
394591,"Fergus Falls, MN",MN,22260,"Fergus Falls, MN",Micropolitan Statistical Area,,,,,Otter Tail County,Minnesota,27,111
394362,"Barre, VT",VT,12740,"Barre, VT",Micropolitan Statistical Area,,,162,"Burlington-South Burlington-Barre, VT",Washington County,Vermont,50,23
394618,"Fremont, OH",OH,23380,"Fremont, OH",Micropolitan Statistical Area,,,184,"Cleveland-Akron-Canton, OH",Sandusky County,Ohio,39,143
394939,"Oneonta, NY",NY,36580,"Oneonta, NY",Micropolitan Statistical Area,,,,,Otsego County,New York,36,77
394490,"Columbus, MS",MS,18060,"Columbus, MS",Micropolitan Statistical Area,,,523,"Starkville-Columbus, MS",Lowndes County,Mississippi,28,87
394490,"Columbus, MS",MS,18060,"Columbus, MS",Micropolitan Statistical Area,,,523,"Starkville-Columbus, MS",Noxubee County,Mississippi,28,103
394923,"Norwalk, OH",OH,35940,"Norwalk, OH",Micropolitan Statistical Area,,,184,"Cleveland-Akron-Canton, OH",Huron County,Ohio,39,77
394365,"Batavia, NY",NY,12860,"Batavia, NY",Micropolitan Statistical Area,,,464,"Rochester-Batavia-Seneca Falls, NY",Genesee County,New York,36,37
394336,"Ardmore, OK",OK,11620,"Ardmore, OK",Micropolitan Statistical Area,,,,,Carter County,Oklahoma,40,19
394956,"Palestine, TX",TX,37300,"Palestine, TX",Micropolitan Statistical Area,,,,,Anderson County,Texas,48,1
394605,"Fort Madison, IA",IA,22800,"Fort Madison, IA",Micropolitan Statistical Area,,,161,"Burlington-Fort Madison, IA-IL",Lee County,Iowa,19,111
394456,"Charleston, IL",IL,16660,"Charleston-Mattoon, IL",Micropolitan Statistical Area,,,,,Coles County,Illinois,17,29
394592,"Fernley, NV",NV,39900,"Reno, NV",Metropolitan Statistical Area,,,456,"Reno-Carson City-Gardnerville Ranchos, NV-CA",Lyon County,Nevada,32,19
394592,"Fernley, NV",NV,39900,"Reno, NV",Metropolitan Statistical Area,,,456,"Reno-Carson City-Gardnerville Ranchos, NV-CA",Storey County,Nevada,32,29
394592,"Fernley, NV",NV,39900,"Reno, NV",Metropolitan Statistical Area,,,456,"Reno-Carson City-Gardnerville Ranchos, NV-CA",Washoe County,Nevada,32,31
394444,"Carson City, NV",NV,16180,"Carson City, NV",Metropolitan Statistical Area,,,456,"Reno-Carson City-Gardnerville Ranchos, NV-CA",Carson City,Nevada,32,510
394551,"Eagle Pass, TX",TX,20580,"Eagle Pass, TX",Metropolitan Statistical Area,,,,,Maverick County,Texas,48,323
394432,"Calhoun, GA",GA,15660,"Calhoun, GA",Micropolitan Statistical Area,,,122,"Atlanta--Athens-Clarke County--Sandy Springs, GA-AL",Gordon County,Georgia,13,129
753877,"Cullowhee, NC",NC,,,,,,,,,,,
753877,"Cullowhee, NC",NC,,,,,,,,,,,
753877,"Cullowhee, NC",NC,,,,,,,,,,,
394737,"Kearney, NE",NE,28260,"Kearney, NE",Micropolitan Statistical Area,,,,,Buffalo County,Nebraska,31,19
394737,"Kearney, NE",NE,28260,"Kearney, NE",Micropolitan Statistical Area,,,,,Kearney County,Nebraska,31,99
394582,"Fairmont, WV",WV,21900,"Fairmont, WV",Micropolitan Statistical Area,,,242,"Fairmont-Clarksburg, WV",Marion County,West Virginia,54,49
394940,"Ontario, OR",OR,36620,"Ontario, OR-ID",Micropolitan Statistical Area,,,147,"Boise City-Mountain Home-Ontario, ID-OR",Payette County,Idaho,16,75
394940,"Ontario, OR",OR,36620,"Ontario, OR-ID",Micropolitan Statistical Area,,,147,"Boise City-Mountain Home-Ontario, ID-OR",Malheur County,Oregon,41,45
394621,"Gaffney, SC",SC,23500,"Gaffney, SC",Micropolitan Statistical Area,,,273,"Greenville-Spartanburg-Anderson, SC",Cherokee County,South Carolina,45,21
394977,"Picayune, MS",MS,38100,"Picayune, MS",Micropolitan Statistical Area,,,406,"New Orleans-Metairie-Slidell, LA-MS",Pearl River County,Mississippi,28,109
395131,"Sterling, IL",IL,44580,"Sterling, IL",Micropolitan Statistical Area,,,221,"Dixon-Sterling, IL",Whiteside County,Illinois,17,195
394411,"Branson, MO",MO,14700,"Branson, MO",Micropolitan Statistical Area,,,,,Taney County,Missouri,29,213
394446,"Cedar City, UT",UT,16260,"Cedar City, UT",Micropolitan Statistical Area,,,,,Iron County,Utah,49,21
395216,"Waycross, GA",GA,48180,"Waycross, GA",Micropolitan Statistical Area,,,,,Pierce County,Georgia,13,229
395216,"Waycross, GA",GA,48180,"Waycross, GA",Micropolitan Statistical Area,,,,,Ware County,Georgia,13,299
394951,"Oxford, MS",MS,37060,"Oxford, MS",Micropolitan Statistical Area,,,,,Lafayette County,Mississippi,28,71
394951,"Oxford, MS",MS,37060,"Oxford, MS",Micropolitan Statistical Area,,,,,Yalobusha County,Mississippi,28,161
394721,"Jasper, IN",IN,27540,"Jasper, IN",Micropolitan Statistical Area,,,,,Dubois County,Indiana,18,37
394556,"Edwards, CO",CO,20780,"Edwards, CO",Micropolitan Statistical Area,,,233,"Edwards-Rifle, CO",Eagle County,Colorado,8,37
394547,"Durango, CO",CO,20420,"Durango, CO",Micropolitan Statistical Area,,,,,La Plata County,Colorado,8,67
394750,"Kinston, NC",NC,28820,"Kinston, NC",Micropolitan Statistical Area,,,,,Lenoir County,North Carolina,37,107
753920,"Sonora, CA",CA,43760,"Sonora, CA",Micropolitan Statistical Area,,,,,Tuolumne County,California,6,109
395157,"Tiffin, OH",OH,45660,"Tiffin, OH",Micropolitan Statistical Area,,,248,"Findlay-Tiffin, OH",Seneca County,Ohio,39,147
394366,"Batesville, AR",AR,12900,"Batesville, AR",Micropolitan Statistical Area,,,,,Independence County,Arkansas,5,63
394989,"Point Pleasant, WV",OH,,,,,,,,,,,
394989,"Point Pleasant, WV",OH,,,,,,,,,,,
394989,"Point Pleasant, WV",OH,,,,,,,,,,,
394566,"Elko, NV",NV,21220,"Elko, NV",Micropolitan Statistical Area,,,,,Elko County,Nevada,32,7
394566,"Elko, NV",NV,21220,"Elko, NV",Micropolitan Statistical Area,,,,,Eureka County,Nevada,32,11
394517,"Danville, KY",KY,19220,"Danville, KY",Micropolitan Statistical Area,,,,,Boyle County,Kentucky,21,21
394517,"Danville, KY",KY,19220,"Danville, KY",Micropolitan Statistical Area,,,,,Lincoln County,Kentucky,21,137
394632,"Glasgow, KY",KY,23980,"Glasgow, KY",Micropolitan Statistical Area,,,150,"Bowling Green-Glasgow-Franklin, KY",Barren County,Kentucky,21,9
394632,"Glasgow, KY",KY,23980,"Glasgow, KY",Micropolitan Statistical Area,,,150,"Bowling Green-Glasgow-Franklin, KY",Metcalfe County,Kentucky,21,169
395122,"St. Marys, GA",GA,28680,"Kingsland, GA",Micropolitan Statistical Area,,,300,"Jacksonville-Kingsland-Palatka, FL-GA",Camden County,Georgia,13,39
394402,"Boone, NC",NC,14380,"Boone, NC",Micropolitan Statistical Area,,,,,Watauga County,North Carolina,37,189
395204,"Warrensburg, MO",MO,47660,"Warrensburg, MO",Micropolitan Statistical Area,,,312,"Kansas City-Overland Park-Kansas City, MO-KS",Johnson County,Missouri,29,101
394634,"Gloversville, NY",NY,24100,"Gloversville, NY",Micropolitan Statistical Area,,,104,"Albany-Schenectady, NY",Fulton County,New York,36,35
394604,"Fort Leonard Wood, MO",MO,22780,"Fort Leonard Wood, MO",Micropolitan Statistical Area,,,,,Pulaski County,Missouri,29,169
394993,"Poplar Bluff, MO",MO,38740,"Poplar Bluff, MO",Micropolitan Statistical Area,,,,,Butler County,Missouri,29,23
394562,"Elizabeth City, NC",NC,21020,"Elizabeth City, NC",Micropolitan Statistical Area,,,545,"Virginia Beach-Chesapeake, VA-NC",Pasquotank County,North Carolina,37,139
394967,"Payson, AZ",AZ,37740,"Payson, AZ",Micropolitan Statistical Area,,,429,"Phoenix-Mesa, AZ",Gila County,Arizona,4,7
394344,"Athens, TN",TN,11940,"Athens, TN",Micropolitan Statistical Area,,,174,"Chattanooga-Cleveland-Dalton, TN-GA-AL",McMinn County,Tennessee,47,107
394344,"Athens, TN",TN,11940,"Athens, TN",Micropolitan Statistical Area,,,174,"Chattanooga-Cleveland-Dalton, TN-GA-AL",Meigs County,Tennessee,47,121
394571,"Enterprise, AL",AL,21460,"Enterprise, AL",Micropolitan Statistical Area,,,222,"Dothan-Enterprise-Ozark, AL",Coffee County,Alabama,1,31
394339,"Ashland, OH",OH,11740,"Ashland, OH",Micropolitan Statistical Area,,,360,"Mansfield-Ashland-Bucyrus, OH",Ashland County,Ohio,39,5
395073,"Scottsboro, AL",AL,42460,"Scottsboro, AL",Micropolitan Statistical Area,,,174,"Chattanooga-Cleveland-Dalton, TN-GA-AL",Jackson County,Alabama,1,71
394861,"Milledgeville, GA",GA,33300,"Milledgeville, GA",Micropolitan Statistical Area,,,,,Baldwin County,Georgia,13,9
394742,"Kerrville, TX",TX,28500,"Kerrville, TX",Micropolitan Statistical Area,,,484,"San Antonio-New Braunfels-Kerrville, TX",Kerr County,Texas,48,265
394363,"Bartlesville, OK",OK,12780,"Bartlesville, OK",Micropolitan Statistical Area,,,538,"Tulsa-Bartlesville-Muskogee, OK",Washington County,Oklahoma,40,147
394985,"Platteville, WI",WI,38420,"Platteville, WI",Micropolitan Statistical Area,,,,,Grant County,Wisconsin,55,43
394503,"Corsicana, TX",TX,18620,"Corsicana, TX",Micropolitan Statistical Area,,,206,"Dallas-Fort Worth, TX-OK",Navarro County,Texas,48,349
394652,"Greenville, OH",OH,24820,"Greenville, OH",Micropolitan Statistical Area,,,212,"Dayton-Springfield-Kettering, OH",Darke County,Ohio,39,37
395029,"Rochelle, IL",IL,40300,"Rochelle, IL",Micropolitan Statistical Area,,,466,"Rockford-Freeport-Rochelle, IL",Ogle County,Illinois,17,141
394538,"Douglas, GA",GA,20060,"Douglas, GA",Micropolitan Statistical Area,,,,,Atkinson County,Georgia,13,3
394538,"Douglas, GA",GA,20060,"Douglas, GA",Micropolitan Statistical Area,,,,,Coffee County,Georgia,13,69
394933,"Oil City, PA",PA,36340,"Oil City, PA",Micropolitan Statistical Area,,,,,Venango County,Pennsylvania,42,121
394838,"Mason City, IA",IA,32380,"Mason City, IA",Micropolitan Statistical Area,,,,,Cerro Gordo County,Iowa,19,33
394838,"Mason City, IA",IA,32380,"Mason City, IA",Micropolitan Statistical Area,,,,,Worth County,Iowa,19,195
394717,"Jacksonville, TX",TX,27380,"Jacksonville, TX",Micropolitan Statistical Area,,,540,"Tyler-Jacksonville, TX",Cherokee County,Texas,48,73
394625,"Galesburg, IL",IL,23660,"Galesburg, IL",Micropolitan Statistical Area,,,,,Knox County,Illinois,17,95
394954,"Pahrump, NV",NV,37220,"Pahrump, NV",Micropolitan Statistical Area,,,332,"Las Vegas-Henderson, NV",Nye County,Nevada,32,23
394963,"Paris, TX",TX,37580,"Paris, TX",Micropolitan Statistical Area,,,,,Lamar County,Texas,48,277
394963,"Paris, TX",TX,37580,"Paris, TX",Micropolitan Statistical Area,,,,,Red River County,Texas,48,387
395234,"Winona, MN",MN,49100,"Winona, MN",Micropolitan Statistical Area,,,462,"Rochester-Austin-Winona, MN",Winona County,Minnesota,27,169
753905,"Newport, OR",OR,35440,"Newport, OR",Micropolitan Statistical Area,,,,,Lincoln County,Oregon,41,41
394878,"Morgan City, LA",LA,34020,"Morgan City, LA",Micropolitan Statistical Area,,,,,St. Mary Parish,Louisiana,22,101
395091,"Shelbyville, TN",TN,43180,"Shelbyville, TN",Micropolitan Statistical Area,,,400,"Nashville-Davidson--Murfreesboro, TN",Bedford County,Tennessee,47,3
394326,"Amsterdam, NY",NY,11220,"Amsterdam, NY",Micropolitan Statistical Area,,,104,"Albany-Schenectady, NY",Montgomery County,New York,36,57
753911,"Ozark, AL",AL,37120,"Ozark, AL",Micropolitan Statistical Area,,,222,"Dothan-Enterprise-Ozark, AL",Dale County,Alabama,1,45
394316,"Alice, TX",TX,10860,"Alice, TX",Micropolitan Statistical Area,,,204,"Corpus Christi-Kingsville-Alice, TX",Brooks County,Texas,48,47
394316,"Alice, TX",TX,10860,"Alice, TX",Micropolitan Statistical Area,,,204,"Corpus Christi-Kingsville-Alice, TX",Jim Wells County,Texas,48,249
394628,"Gardnerville Ranchos, NV",NV,23820,"Gardnerville Ranchos, NV-CA",Micropolitan Statistical Area,,,456,"Reno-Carson City-Gardnerville Ranchos, NV-CA",Alpine County,California,6,3
394628,"Gardnerville Ranchos, NV",NV,23820,"Gardnerville Ranchos, NV-CA",Micropolitan Statistical Area,,,456,"Reno-Carson City-Gardnerville Ranchos, NV-CA",Douglas County,Nevada,32,5
394608,"Fort Polk South, LA",LA,,,,,,,,,,,
394608,"Fort Polk South, LA",LA,,,,,,,,,,,
394608,"Fort Polk South, LA",LA,,,,,,,,,,,
394437,"Ca-¦on City, CO",CO,15860,"Cañon City, CO",Micropolitan Statistical Area,,,444,"Pueblo-Cañon City, CO",Fremont County,Colorado,8,43
394903,"Natchez, MS",LA,35020,"Natchez, MS-LA",Micropolitan Statistical Area,,,,,Concordia Parish,Louisiana,22,29
394903,"Natchez, MS",LA,35020,"Natchez, MS-LA",Micropolitan Statistical Area,,,,,Adams County,Mississippi,28,1
394903,"Natchez, MS",LA,35020,"Natchez, MS-LA",Micropolitan Statistical Area,,,,,Jefferson County,Mississippi,28,63
394906,"New Castle, IN",IN,35220,"New Castle, IN",Micropolitan Statistical Area,,,294,"Indianapolis-Carmel-Muncie, IN",Henry County,Indiana,18,65
394478,"Clovis, NM",NM,17580,"Clovis, NM",Micropolitan Statistical Area,,,,,Curry County,New Mexico,35,9
394478,"Clovis, NM",NM,17580,"Clovis, NM",Micropolitan Statistical Area,,,,,Roosevelt County,New Mexico,35,41
394919,"Norfolk, NE",NE,35740,"Norfolk, NE",Micropolitan Statistical Area,,,,,Madison County,Nebraska,31,119
394919,"Norfolk, NE",NE,35740,"Norfolk, NE",Micropolitan Statistical Area,,,,,Pierce County,Nebraska,31,139
394919,"Norfolk, NE",NE,35740,"Norfolk, NE",Micropolitan Statistical Area,,,,,Stanton County,Nebraska,31,167
394431,"Cadillac, MI",MI,15620,"Cadillac, MI",Micropolitan Statistical Area,,,,,Missaukee County,Michigan,26,113
394431,"Cadillac, MI",MI,15620,"Cadillac, MI",Micropolitan Statistical Area,,,,,Wexford County,Michigan,26,165
395043,"Ruston, LA",LA,40820,"Ruston, LA",Micropolitan Statistical Area,,,384,"Monroe-Ruston, LA",Lincoln Parish,Louisiana,22,61
395097,"Sidney, OH",OH,43380,"Sidney, OH",Micropolitan Statistical Area,,,212,"Dayton-Springfield-Kettering, OH",Shelby County,Ohio,39,149
395008,"Pullman, WA",WA,39420,"Pullman, WA",Micropolitan Statistical Area,,,446,"Pullman-Moscow, WA-ID",Whitman County,Washington,53,75
394819,"Malone, NY",NY,,,,,,,,,,,
394819,"Malone, NY",NY,,,,,,,,,,,
394819,"Malone, NY",NY,,,,,,,,,,,
394527,"Del Rio, TX",TX,19620,"Del Rio, TX",Micropolitan Statistical Area,,,,,Val Verde County,Texas,48,465
394391,"Blackfoot, ID",ID,13940,"Blackfoot, ID",Micropolitan Statistical Area,,,292,"Idaho Falls-Rexburg-Blackfoot, ID",Bingham County,Idaho,16,11
395017,"Red Wing, MN",MN,39860,"Red Wing, MN",Micropolitan Statistical Area,,,378,"Minneapolis-St. Paul, MN-WI",Goodhue County,Minnesota,27,49
394918,"Nogales, AZ",AZ,35700,"Nogales, AZ",Micropolitan Statistical Area,,,536,"Tucson-Nogales, AZ",Santa Cruz County,Arizona,4,23
395144,"Tahlequah, OK",OK,45140,"Tahlequah, OK",Micropolitan Statistical Area,,,,,Cherokee County,Oklahoma,40,21
394739,"Kendallville, IN",IN,28340,"Kendallville, IN",Micropolitan Statistical Area,,,258,"Fort Wayne-Huntington-Auburn, IN",Noble County,Indiana,18,113
394876,"Montrose, CO",CO,33940,"Montrose, CO",Micropolitan Statistical Area,,,,,Montrose County,Colorado,8,85
394504,"Cortland, NY",NY,18660,"Cortland, NY",Micropolitan Statistical Area,,,296,"Ithaca-Cortland, NY",Cortland County,New York,36,23
394887,"Mount Sterling, KY",KY,34460,"Mount Sterling, KY",Micropolitan Statistical Area,,,336,"Lexington-Fayette--Richmond--Frankfort, KY",Bath County,Kentucky,21,11
394887,"Mount Sterling, KY",KY,34460,"Mount Sterling, KY",Micropolitan Statistical Area,,,336,"Lexington-Fayette--Richmond--Frankfort, KY",Menifee County,Kentucky,21,165
394887,"Mount Sterling, KY",KY,34460,"Mount Sterling, KY",Micropolitan Statistical Area,,,336,"Lexington-Fayette--Richmond--Frankfort, KY",Montgomery County,Kentucky,21,173
394477,"Clinton, IA",IA,17540,"Clinton, IA",Micropolitan Statistical Area,,,209,"Davenport-Moline, IA-IL",Clinton County,Iowa,19,45
753916,"Sandpoint, ID",ID,41760,"Sandpoint, ID",Micropolitan Statistical Area,,,,,Bonner County,Idaho,16,17
753865,"Bardstown, KY",KY,31140,"Louisville/Jefferson County, KY-IN",Metropolitan Statistical Area,,,350,"Louisville/Jefferson County--Elizabethtown, KY-IN",Clark County,Indiana,18,19
753865,"Bardstown, KY",KY,31140,"Louisville/Jefferson County, KY-IN",Metropolitan Statistical Area,,,350,"Louisville/Jefferson County--Elizabethtown, KY-IN",Floyd County,Indiana,18,43
753865,"Bardstown, KY",KY,31140,"Louisville/Jefferson County, KY-IN",Metropolitan Statistical Area,,,350,"Louisville/Jefferson County--Elizabethtown, KY-IN",Harrison County,Indiana,18,61
753865,"Bardstown, KY",KY,31140,"Louisville/Jefferson County, KY-IN",Metropolitan Statistical Area,,,350,"Louisville/Jefferson County--Elizabethtown, KY-IN",Washington County,Indiana,18,175
753865,"Bardstown, KY",KY,31140,"Louisville/Jefferson County, KY-IN",Metropolitan Statistical Area,,,350,"Louisville/Jefferson County--Elizabethtown, KY-IN",Bullitt County,Kentucky,21,29
753865,"Bardstown, KY",KY,31140,"Louisville/Jefferson County, KY-IN",Metropolitan Statistical Area,,,350,"Louisville/Jefferson County--Elizabethtown, KY-IN",Henry County,Kentucky,21,103
753865,"Bardstown, KY",KY,31140,"Louisville/Jefferson County, KY-IN",Metropolitan Statistical Area,,,350,"Louisville/Jefferson County--Elizabethtown, KY-IN",Jefferson County,Kentucky,21,111
753865,"Bardstown, KY",KY,31140,"Louisville/Jefferson County, KY-IN",Metropolitan Statistical Area,,,350,"Louisville/Jefferson County--Elizabethtown, KY-IN",Meade County,Kentucky,21,163
753865,"Bardstown, KY",KY,31140,"Louisville/Jefferson County, KY-IN",Metropolitan Statistical Area,,,350,"Louisville/Jefferson County--Elizabethtown, KY-IN",Nelson County,Kentucky,21,179
753865,"Bardstown, KY",KY,31140,"Louisville/Jefferson County, KY-IN",Metropolitan Statistical Area,,,350,"Louisville/Jefferson County--Elizabethtown, KY-IN",Oldham County,Kentucky,21,185
753865,"Bardstown, KY",KY,31140,"Louisville/Jefferson County, KY-IN",Metropolitan Statistical Area,,,350,"Louisville/Jefferson County--Elizabethtown, KY-IN",Shelby County,Kentucky,21,211
753865,"Bardstown, KY",KY,31140,"Louisville/Jefferson County, KY-IN",Metropolitan Statistical Area,,,350,"Louisville/Jefferson County--Elizabethtown, KY-IN",Spencer County,Kentucky,21,215
395201,"Wapakoneta, OH",OH,47540,"Wapakoneta, OH",Micropolitan Statistical Area,,,338,"Lima-Van Wert-Celina, OH",Auglaize County,Ohio,39,11
394987,"Plymouth, IN",IN,38500,"Plymouth, IN",Micropolitan Statistical Area,,,515,"South Bend-Elkhart-Mishawaka, IN-MI",Marshall County,Indiana,18,99
394789,"Lewistown, PA",PA,30380,"Lewistown, PA",Micropolitan Statistical Area,,,,,Mifflin County,Pennsylvania,42,87
394379,"Bemidji, MN",MN,13420,"Bemidji, MN",Micropolitan Statistical Area,,,,,Beltrami County,Minnesota,27,7
394377,"Bellefontaine, OH",OH,13340,"Bellefontaine, OH",Micropolitan Statistical Area,,,198,"Columbus-Marion-Zanesville, OH",Logan County,Ohio,39,91
395087,"Seymour, IN",IN,42980,"Seymour, IN",Micropolitan Statistical Area,,,294,"Indianapolis-Carmel-Muncie, IN",Jackson County,Indiana,18,71
394426,"Burley, ID",ID,15420,"Burley, ID",Micropolitan Statistical Area,,,,,Cassia County,Idaho,16,31
394426,"Burley, ID",ID,15420,"Burley, ID",Micropolitan Statistical Area,,,,,Minidoka County,Idaho,16,67
394548,"Durant, OK",OK,20460,"Durant, OK",Micropolitan Statistical Area,,,206,"Dallas-Fort Worth, TX-OK",Bryan County,Oklahoma,40,13
394883,"Moultrie, GA",GA,34220,"Moultrie, GA",Micropolitan Statistical Area,,,,,Colquitt County,Georgia,13,71
394398,"Bogalusa, LA",LA,14220,"Bogalusa, LA",Micropolitan Statistical Area,,,406,"New Orleans-Metairie-Slidell, LA-MS",Washington Parish,Louisiana,22,117
394500,"Cornelia, GA",GA,18460,"Cornelia, GA",Micropolitan Statistical Area,,,122,"Atlanta--Athens-Clarke County--Sandy Springs, GA-AL",Habersham County,Georgia,13,137
753889,"Hillsdale, MI",MI,25880,"Hillsdale, MI",Micropolitan Statistical Area,,,,,Hillsdale County,Michigan,26,59
395155,"Thomasville, GA",GA,45620,"Thomasville, GA",Micropolitan Statistical Area,,,,,Grady County,Georgia,13,131
395155,"Thomasville, GA",GA,45620,"Thomasville, GA",Micropolitan Statistical Area,,,,,Thomas County,Georgia,13,275
394961,"Paragould, AR",AR,37500,"Paragould, AR",Micropolitan Statistical Area,,,308,"Jonesboro-Paragould, AR",Greene County,Arkansas,5,55
394650,"Greenville, MS",MS,24740,"Greenville, MS",Micropolitan Statistical Area,,,,,Washington County,Mississippi,28,151
394427,"Burlington, IA",IA,15460,"Burlington, IA-IL",Micropolitan Statistical Area,,,161,"Burlington-Fort Madison, IA-IL",Henderson County,Illinois,17,71
394427,"Burlington, IA",IA,15460,"Burlington, IA-IL",Micropolitan Statistical Area,,,161,"Burlington-Fort Madison, IA-IL",Des Moines County,Iowa,19,57
394817,"Madisonville, KY",KY,31580,"Madisonville, KY",Micropolitan Statistical Area,,,,,Hopkins County,Kentucky,21,107
394850,"Menomonie, WI",WI,32860,"Menomonie, WI",Micropolitan Statistical Area,,,232,"Eau Claire-Menomonie, WI",Dunn County,Wisconsin,55,33
753918,"Shawano, WI",WI,43020,"Shawano, WI",Micropolitan Statistical Area,,,267,"Green Bay-Shawano, WI",Menominee County,Wisconsin,55,78
753918,"Shawano, WI",WI,43020,"Shawano, WI",Micropolitan Statistical Area,,,267,"Green Bay-Shawano, WI",Shawano County,Wisconsin,55,115
395189,"Vicksburg, MS",MS,46980,"Vicksburg, MS",Micropolitan Statistical Area,,,298,"Jackson-Vicksburg-Brookhaven, MS",Warren County,Mississippi,28,149
394375,"Bedford, IN",IN,13260,"Bedford, IN",Micropolitan Statistical Area,,,144,"Bloomington-Bedford, IN",Lawrence County,Indiana,18,93
395208,"Washington, NC",NC,47820,"Washington, NC",Micropolitan Statistical Area,,,274,"Greenville-Washington, NC",Beaufort County,North Carolina,37,13
394616,"Freeport, IL",IL,23300,"Freeport, IL",Micropolitan Statistical Area,,,466,"Rockford-Freeport-Rochelle, IL",Stephenson County,Illinois,17,177
394667,"Harrison, AR",AR,25460,"Harrison, AR",Micropolitan Statistical Area,,,,,Boone County,Arkansas,5,9
394667,"Harrison, AR",AR,25460,"Harrison, AR",Micropolitan Statistical Area,,,,,Newton County,Arkansas,5,101
395037,"Rolla, MO",MO,40620,"Rolla, MO",Micropolitan Statistical Area,,,,,Phelps County,Missouri,29,161
394482,"Coldwater, MI",MI,17740,"Coldwater, MI",Micropolitan Statistical Area,,,,,Branch County,Michigan,26,23
753904,"Marion, NC",NC,32000,"Marion, NC",Micropolitan Statistical Area,,,172,"Charlotte-Concord, NC-SC",McDowell County,North Carolina,37,111
394695,"Huntingdon, PA",PA,26500,"Huntingdon, PA",Micropolitan Statistical Area,,,107,"Altoona-Huntingdon, PA",Huntingdon County,Pennsylvania,42,61
394567,"Ellensburg, WA",WA,21260,"Ellensburg, WA",Micropolitan Statistical Area,,,,,Kittitas County,Washington,53,37
394990,"Ponca City, OK",OK,38620,"Ponca City, OK",Micropolitan Statistical Area,,,,,Kay County,Oklahoma,40,71
394779,"Lawrenceburg, TN",TN,29980,"Lawrenceburg, TN",Micropolitan Statistical Area,,,400,"Nashville-Davidson--Murfreesboro, TN",Lawrence County,Tennessee,47,99
394842,"McAlester, OK",OK,32540,"McAlester, OK",Micropolitan Statistical Area,,,,,Pittsburg County,Oklahoma,40,121
394886,"Mount Pleasant, TX",TX,34420,"Mount Pleasant, TX",Micropolitan Statistical Area,,,,,Camp County,Texas,48,63
394886,"Mount Pleasant, TX",TX,34420,"Mount Pleasant, TX",Micropolitan Statistical Area,,,,,Morris County,Texas,48,343
394886,"Mount Pleasant, TX",TX,34420,"Mount Pleasant, TX",Micropolitan Statistical Area,,,,,Titus County,Texas,48,449
395228,"Willmar, MN",MN,48820,"Willmar, MN",Micropolitan Statistical Area,,,,,Kandiyohi County,Minnesota,27,67
395034,"Rockingham, NC",NC,40460,"Rockingham, NC",Micropolitan Statistical Area,,,246,"Fayetteville-Lumberton-Pinehurst, NC",Richmond County,North Carolina,37,153
394895,"Muscatine, IA",IA,34700,"Muscatine, IA",Micropolitan Statistical Area,,,209,"Davenport-Moline, IA-IL",Muscatine County,Iowa,19,139
394785,"Lewisburg, PA",PA,30260,"Lewisburg, PA",Micropolitan Statistical Area,,,146,"Bloomsburg-Berwick-Sunbury, PA",Union County,Pennsylvania,42,119
394349,"Auburn, IN",IN,12140,"Auburn, IN",Micropolitan Statistical Area,,,258,"Fort Wayne-Huntington-Auburn, IN",DeKalb County,Indiana,18,33
394545,"Duncan, OK",OK,20340,"Duncan, OK",Micropolitan Statistical Area,,,334,"Lawton-Duncan, OK",Stephens County,Oklahoma,40,137
395081,"Sedalia, MO",MO,42740,"Sedalia, MO",Micropolitan Statistical Area,,,,,Pettis County,Missouri,29,159
394448,"Cedartown, GA",GA,16340,"Cedartown, GA",Micropolitan Statistical Area,,,122,"Atlanta--Athens-Clarke County--Sandy Springs, GA-AL",Polk County,Georgia,13,233
394677,"Henderson, NC",NC,25780,"Henderson, NC",Micropolitan Statistical Area,,,450,"Raleigh-Durham-Cary, NC",Vance County,North Carolina,37,181
394297,"Aberdeen, SD",SD,10100,"Aberdeen, SD",Micropolitan Statistical Area,,,,,Brown County,South Dakota,46,13
394297,"Aberdeen, SD",SD,10100,"Aberdeen, SD",Micropolitan Statistical Area,,,,,Edmunds County,South Dakota,46,45
395032,"Rock Springs, WY",WY,40540,"Rock Springs, WY",Micropolitan Statistical Area,,,,,Sweetwater County,Wyoming,56,37
394627,"Garden City, KS",KS,23780,"Garden City, KS",Micropolitan Statistical Area,,,,,Finney County,Kansas,20,55
395129,"Stephenville, TX",TX,44500,"Stephenville, TX",Micropolitan Statistical Area,,,,,Erath County,Texas,48,143
394449,"Celina, OH",OH,16380,"Celina, OH",Micropolitan Statistical Area,,,338,"Lima-Van Wert-Celina, OH",Mercer County,Ohio,39,107
395230,"Wilmington, OH",OH,48940,"Wilmington, OH",Micropolitan Statistical Area,,,178,"Cincinnati-Wilmington, OH-KY-IN",Clinton County,Ohio,39,27
394424,"Bucyrus, OH",OH,15340,"Bucyrus, OH",Micropolitan Statistical Area,,,360,"Mansfield-Ashland-Bucyrus, OH",Crawford County,Ohio,39,33
394319,"Alma, MI",MI,10940,"Alma, MI",Micropolitan Statistical Area,,,394,"Mount Pleasant-Alma, MI",Gratiot County,Michigan,26,57
394558,"El Campo, TX",TX,20900,"El Campo, TX",Micropolitan Statistical Area,,,288,"Houston-Pasadena, TX",Wharton County,Texas,48,481
394891,"Mountain Home, AR",AR,34260,"Mountain Home, AR",Micropolitan Statistical Area,,,,,Baxter County,Arkansas,5,5
394624,"Gainesville, TX",TX,23620,"Gainesville, TX",Micropolitan Statistical Area,,,206,"Dallas-Fort Worth, TX-OK",Cooke County,Texas,48,97
395158,"Tifton, GA",GA,45700,"Tifton, GA",Micropolitan Statistical Area,,,,,Tift County,Georgia,13,277
395158,"Tifton, GA",GA,45700,"Tifton, GA",Micropolitan Statistical Area,,,,,Turner County,Georgia,13,287
394397,"Blytheville, AR",AR,14180,"Blytheville, AR",Micropolitan Statistical Area,,,,,Mississippi County,Arkansas,5,93
394845,"McMinnville, TN",TN,32660,"McMinnville, TN",Micropolitan Statistical Area,,,,,Warren County,Tennessee,47,177
394341,"Astoria, OR",OR,11820,"Astoria, OR",Micropolitan Statistical Area,,,,,Clatsop County,Oregon,41,7
394409,"Bradford, PA",PA,14620,"Bradford, PA",Micropolitan Statistical Area,,,,,McKean County,Pennsylvania,42,83
394574,"Espa-¦ola, NM",NM,21580,"Española, NM",Micropolitan Statistical Area,,,105,"Albuquerque-Santa Fe-Los Alamos, NM",Rio Arriba County,New Mexico,35,39
394844,"McComb, MS",MS,32620,"McComb, MS",Micropolitan Statistical Area,,,,,Pike County,Mississippi,28,113
394844,"McComb, MS",MS,32620,"McComb, MS",Micropolitan Statistical Area,,,,,Walthall County,Mississippi,28,147
753866,"Big Stone Gap, VA",VA,,,,,,,,,,,
753866,"Big Stone Gap, VA",VA,,,,,,,,,,,
753866,"Big Stone Gap, VA",VA,,,,,,,,,,,
394833,"Marshalltown, IA",IA,32260,"Marshalltown, IA",Micropolitan Statistical Area,,,,,Marshall County,Iowa,19,127
394384,"Big Rapids, MI",MI,13660,"Big Rapids, MI",Micropolitan Statistical Area,,,266,"Grand Rapids-Wyoming, MI",Mecosta County,Michigan,26,107
394354,"Austin, MN",MN,12380,"Austin, MN",Micropolitan Statistical Area,,,462,"Rochester-Austin-Winona, MN",Mower County,Minnesota,27,99
395082,"Selinsgrove, PA",PA,42780,"Selinsgrove, PA",Micropolitan Statistical Area,,,146,"Bloomsburg-Berwick-Sunbury, PA",Snyder County,Pennsylvania,42,109
395219,"West Plains, MO",MO,48460,"West Plains, MO",Micropolitan Statistical Area,,,,,Howell County,Missouri,29,91
394934,"Okeechobee, FL",FL,36380,"Okeechobee, FL",Micropolitan Statistical Area,,,370,"Miami-Port St. Lucie-Fort Lauderdale, FL",Okeechobee County,Florida,12,93
394690,"Houghton, MI",MI,26340,"Houghton, MI",Micropolitan Statistical Area,,,,,Houghton County,Michigan,26,61
394690,"Houghton, MI",MI,26340,"Houghton, MI",Micropolitan Statistical Area,,,,,Keweenaw County,Michigan,26,83
394881,"Moscow, ID",ID,34140,"Moscow, ID",Micropolitan Statistical Area,,,446,"Pullman-Moscow, WA-ID",Latah County,Idaho,16,57
394476,"Clewiston, FL",FL,17500,"Clewiston, FL",Micropolitan Statistical Area,,,163,"Cape Coral-Fort Myers-Naples, FL",Glades County,Florida,12,43
394476,"Clewiston, FL",FL,17500,"Clewiston, FL",Micropolitan Statistical Area,,,163,"Cape Coral-Fort Myers-Naples, FL",Hendry County,Florida,12,51
395026,"Riverton, WY",WY,40180,"Riverton, WY",Micropolitan Statistical Area,,,,,Fremont County,Wyoming,56,13
394560,"El Dorado, AR",AR,20980,"El Dorado, AR",Micropolitan Statistical Area,,,,,Union County,Arkansas,5,139
395083,"Selma, AL",AL,42820,"Selma, AL",Micropolitan Statistical Area,,,388,"Montgomery-Selma, AL",Dallas County,Alabama,1,47
394981,"Pittsburg, KS",KS,38260,"Pittsburg, KS",Micropolitan Statistical Area,,,,,Crawford County,Kansas,20,37
394663,"Hannibal, MO",MO,25300,"Hannibal, MO",Micropolitan Statistical Area,,,448,"Quincy-Hannibal, IL-MO",Marion County,Missouri,29,127
394663,"Hannibal, MO",MO,25300,"Hannibal, MO",Micropolitan Statistical Area,,,448,"Quincy-Hannibal, IL-MO",Ralls County,Missouri,29,173
395203,"Warren, PA",PA,47620,"Warren, PA",Micropolitan Statistical Area,,,,,Warren County,Pennsylvania,42,123
394315,"Alexandria, MN",MN,10820,"Alexandria, MN",Micropolitan Statistical Area,,,,,Douglas County,Minnesota,27,41
395178,"Urbana, OH",OH,46500,"Urbana, OH",Micropolitan Statistical Area,,,212,"Dayton-Springfield-Kettering, OH",Champaign County,Ohio,39,21
394654,"Greenwood, MS",MS,24900,"Greenwood, MS",Micropolitan Statistical Area,,,,,Carroll County,Mississippi,28,15
394654,"Greenwood, MS",MS,24900,"Greenwood, MS",Micropolitan Statistical Area,,,,,Leflore County,Mississippi,28,83
394434,"Cambridge, OH",OH,15740,"Cambridge, OH",Micropolitan Statistical Area,,,198,"Columbus-Marion-Zanesville, OH",Guernsey County,Ohio,39,59
395227,"Williston, ND",ND,48780,"Williston, ND",Micropolitan Statistical Area,,,,,Williams County,North Dakota,38,105
394526,"Defiance, OH",OH,19580,"Defiance, OH",Micropolitan Statistical Area,,,,,Defiance County,Ohio,39,39
395099,"Sikeston, MO",MO,43460,"Sikeston, MO",Micropolitan Statistical Area,,,164,"Cape Girardeau-Sikeston, MO-IL",Mississippi County,Missouri,29,133
395099,"Sikeston, MO",MO,43460,"Sikeston, MO",Micropolitan Statistical Area,,,164,"Cape Girardeau-Sikeston, MO-IL",Scott County,Missouri,29,201
395046,"Safford, AZ",AZ,40940,"Safford, AZ",Micropolitan Statistical Area,,,,,Graham County,Arizona,4,9
394715,"Jacksonville, IL",IL,27300,"Jacksonville, IL",Micropolitan Statistical Area,,,522,"Springfield-Jacksonville-Lincoln, IL",Morgan County,Illinois,17,137
394715,"Jacksonville, IL",IL,27300,"Jacksonville, IL",Micropolitan Statistical Area,,,522,"Springfield-Jacksonville-Lincoln, IL",Scott County,Illinois,17,171
394300,"Ada, OK",OK,10220,"Ada, OK",Micropolitan Statistical Area,,,,,Pontotoc County,Oklahoma,40,123
394422,"Brownwood, TX",TX,15220,"Brownwood, TX",Micropolitan Statistical Area,,,,,Brown County,Texas,48,49
394507,"Crawfordsville, IN",IN,18820,"Crawfordsville, IN",Micropolitan Statistical Area,,,294,"Indianapolis-Carmel-Muncie, IN",Montgomery County,Indiana,18,107
394801,"Logansport, IN",IN,30900,"Logansport, IN",Micropolitan Statistical Area,,,,,Cass County,Indiana,18,17
395072,"Scottsbluff, NE",NE,42420,"Scottsbluff, NE",Micropolitan Statistical Area,,,,,Banner County,Nebraska,31,7
395072,"Scottsbluff, NE",NE,42420,"Scottsbluff, NE",Micropolitan Statistical Area,,,,,Scotts Bluff County,Nebraska,31,157
394904,"Natchitoches, LA",LA,35060,"Natchitoches, LA",Micropolitan Statistical Area,,,,,Natchitoches Parish,Louisiana,22,69
394914,"Newberry, SC",SC,35140,"Newberry, SC",Micropolitan Statistical Area,,,192,"Columbia-Sumter-Orangeburg, SC",Newberry County,South Carolina,45,71
394799,"Lock Haven, PA",PA,30820,"Lock Haven, PA",Micropolitan Statistical Area,,,558,"Williamsport-Lock Haven, PA",Clinton County,Pennsylvania,42,35
394451,"Centralia, IL",IL,16460,"Centralia, IL",Micropolitan Statistical Area,,,476,"St. Louis-St. Charles-Farmington, MO-IL",Marion County,Illinois,17,121
394554,"Easton, MD",MD,20660,"Easton, MD",Micropolitan Statistical Area,,,548,"Washington-Baltimore-Arlington, DC-MD-VA-WV-PA",Talbot County,Maryland,24,41
394948,"Owatonna, MN",MN,36940,"Owatonna, MN",Micropolitan Statistical Area,,,378,"Minneapolis-St. Paul, MN-WI",Steele County,Minnesota,27,147
394888,"Mount Vernon, IL",IL,34500,"Mount Vernon, IL",Micropolitan Statistical Area,,,,,Jefferson County,Illinois,17,81
394771,"Laramie, WY",WY,29660,"Laramie, WY",Micropolitan Statistical Area,,,,,Albany County,Wyoming,56,1
394894,"Murray, KY",KY,34660,"Murray, KY",Micropolitan Statistical Area,,,,,Calloway County,Kentucky,21,35
394617,"Fremont, NE",NE,23340,"Fremont, NE",Micropolitan Statistical Area,,,420,"Omaha-Fremont, NE-IA",Dodge County,Nebraska,31,53
394382,"Bennington, VT",VT,13540,"Bennington, VT",Micropolitan Statistical Area,,,,,Bennington County,Vermont,50,3
395069,"Sault Ste. Marie, MI",MI,42300,"Sault Ste. Marie, MI",Micropolitan Statistical Area,,,,,Chippewa County,Michigan,26,33
394436,"Campbellsville, KY",KY,15820,"Campbellsville, KY",Micropolitan Statistical Area,,,,,Green County,Kentucky,21,87
394436,"Campbellsville, KY",KY,15820,"Campbellsville, KY",Micropolitan Statistical Area,,,,,Taylor County,Kentucky,21,217
394550,"Dyersburg, TN",TN,20540,"Dyersburg, TN",Micropolitan Statistical Area,,,,,Dyer County,Tennessee,47,45
394573,"Escanaba, MI",MI,21540,"Escanaba, MI",Micropolitan Statistical Area,,,,,Delta County,Michigan,26,41
394840,"Mayfield, KY",KY,32460,"Mayfield, KY",Micropolitan Statistical Area,,,424,"Paducah-Mayfield, KY-IL",Graves County,Kentucky,21,83
394745,"Kill Devil Hills, NC",NC,28620,"Kill Devil Hills, NC",Micropolitan Statistical Area,,,545,"Virginia Beach-Chesapeake, VA-NC",Dare County,North Carolina,37,55
395137,"Sulphur Springs, TX",TX,44860,"Sulphur Springs, TX",Micropolitan Statistical Area,,,206,"Dallas-Fort Worth, TX-OK",Hopkins County,Texas,48,223
394702,"Hutchinson, MN",MN,26780,"Hutchinson, MN",Micropolitan Statistical Area,,,378,"Minneapolis-St. Paul, MN-WI",McLeod County,Minnesota,27,85
394506,"Coshocton, OH",OH,18740,"Coshocton, OH",Micropolitan Statistical Area,,,184,"Cleveland-Akron-Canton, OH",Coshocton County,Ohio,39,31
394696,"Huntington, IN",IN,26540,"Huntington, IN",Micropolitan Statistical Area,,,258,"Fort Wayne-Huntington-Auburn, IN",Huntington County,Indiana,18,69
394522,"DeRidder, LA",LA,19760,"DeRidder, LA",Micropolitan Statistical Area,,,324,"Lake Charles-DeRidder, LA",Beauregard Parish,Louisiana,22,11
395192,"Vincennes, IN",IN,47180,"Vincennes, IN",Micropolitan Statistical Area,,,,,Knox County,Indiana,18,83
394370,"Bay City, TX",TX,13060,"Bay City, TX",Micropolitan Statistical Area,,,288,"Houston-Pasadena, TX",Matagorda County,Texas,48,321
394920,"North Platte, NE",NE,35820,"North Platte, NE",Micropolitan Statistical Area,,,,,Lincoln County,Nebraska,31,111
394920,"North Platte, NE",NE,35820,"North Platte, NE",Micropolitan Statistical Area,,,,,Logan County,Nebraska,31,113
394973,"Peru, IN",IN,37940,"Peru, IN",Micropolitan Statistical Area,,,294,"Indianapolis-Carmel-Muncie, IN",Miami County,Indiana,18,103
394992,"Pontiac, IL",IL,38700,"Pontiac, IL",Micropolitan Statistical Area,,,145,"Bloomington-Pontiac, IL",Livingston County,Illinois,17,105
394781,"Lebanon, MO",MO,30060,"Lebanon, MO",Micropolitan Statistical Area,,,,,Laclede County,Missouri,29,105
394915,"Newport, TN",TN,35460,"Newport, TN",Micropolitan Statistical Area,,,315,"Knoxville-Morristown-Sevierville, TN",Cocke County,Tennessee,47,29
394525,"Decatur, IN",IN,19540,"Decatur, IN",Micropolitan Statistical Area,,,258,"Fort Wayne-Huntington-Auburn, IN",Adams County,Indiana,18,1
395191,"Vidalia, GA",GA,47080,"Vidalia, GA",Micropolitan Statistical Area,,,,,Montgomery County,Georgia,13,209
395191,"Vidalia, GA",GA,47080,"Vidalia, GA",Micropolitan Statistical Area,,,,,Toombs County,Georgia,13,279
394413,"Brenham, TX",TX,14780,"Brenham, TX",Micropolitan Statistical Area,,,288,"Houston-Pasadena, TX",Washington County,Texas,48,477
395187,"Vernal, UT",UT,46860,"Vernal, UT",Micropolitan Statistical Area,,,,,Uintah County,Utah,49,47
394947,"Ottumwa, IA",IA,36900,"Ottumwa, IA",Micropolitan Statistical Area,,,,,Wapello County,Iowa,19,179
394430,"Butte, MT",MT,15580,"Butte-Silver Bow, MT",Micropolitan Statistical Area,,,,,Silver Bow County,Montana,30,93
394499,"Corinth, MS",MS,18420,"Corinth, MS",Micropolitan Statistical Area,,,539,"Tupelo-Corinth, MS",Alcorn County,Mississippi,28,3
394417,"Brookhaven, MS",MS,15020,"Brookhaven, MS",Micropolitan Statistical Area,,,298,"Jackson-Vicksburg-Brookhaven, MS",Lincoln County,Mississippi,28,85
394569,"Emporia, KS",KS,21380,"Emporia, KS",Micropolitan Statistical Area,,,,,Chase County,Kansas,20,17
394569,"Emporia, KS",KS,21380,"Emporia, KS",Micropolitan Statistical Area,,,,,Lyon County,Kansas,20,111
394713,"Jackson, WY",WY,27220,"Jackson, WY-ID",Micropolitan Statistical Area,,,,,Teton County,Idaho,16,81
394713,"Jackson, WY",WY,27220,"Jackson, WY-ID",Micropolitan Statistical Area,,,,,Teton County,Wyoming,56,39
394385,"Big Spring, TX",TX,13700,"Big Spring, TX",Micropolitan Statistical Area,,,,,Howard County,Texas,48,227
394557,"Effingham, IL",IL,20820,"Effingham, IL",Micropolitan Statistical Area,,,,,Cumberland County,Illinois,17,35
394557,"Effingham, IL",IL,20820,"Effingham, IL",Micropolitan Statistical Area,,,,,Effingham County,Illinois,17,49
394536,"Dodge City, KS",KS,19980,"Dodge City, KS",Micropolitan Statistical Area,,,,,Ford County,Kansas,20,57
395211,"Watertown, SD",SD,47980,"Watertown, SD",Micropolitan Statistical Area,,,,,Codington County,South Dakota,46,29
394331,"Angola, IN",IN,11420,"Angola, IN",Micropolitan Statistical Area,,,258,"Fort Wayne-Huntington-Auburn, IN",Steuben County,Indiana,18,151
394535,"Dixon, IL",IL,19940,"Dixon, IL",Micropolitan Statistical Area,,,221,"Dixon-Sterling, IL",Lee County,Illinois,17,103
394777,"Laurinburg, NC",NC,29900,"Laurinburg, NC",Micropolitan Statistical Area,,,246,"Fayetteville-Lumberton-Pinehurst, NC",Scotland County,North Carolina,37,165
395149,"Taos, NM",NM,45340,"Taos, NM",Micropolitan Statistical Area,,,,,Taos County,New Mexico,35,55
394419,"Brookings, SD",SD,15100,"Brookings, SD",Micropolitan Statistical Area,,,,,Brookings County,South Dakota,46,11
394324,"Americus, GA",GA,11140,"Americus, GA",Micropolitan Statistical Area,,,,,Schley County,Georgia,13,249
394324,"Americus, GA",GA,11140,"Americus, GA",Micropolitan Statistical Area,,,,,Sumter County,Georgia,13,261
394491,"Columbus, NE",NE,18100,"Columbus, NE",Micropolitan Statistical Area,,,,,Colfax County,Nebraska,31,37
394491,"Columbus, NE",NE,18100,"Columbus, NE",Micropolitan Statistical Area,,,,,Platte County,Nebraska,31,141
395150,"Taylorville, IL",IL,45380,"Taylorville, IL",Micropolitan Statistical Area,,,522,"Springfield-Jacksonville-Lincoln, IL",Christian County,Illinois,17,21
394335,"Arcadia, FL",FL,11580,"Arcadia, FL",Micropolitan Statistical Area,,,412,"North Port-Bradenton, FL",DeSoto County,Florida,12,27
394786,"Lewisburg, TN",TN,30280,"Lewisburg, TN",Micropolitan Statistical Area,,,400,"Nashville-Davidson--Murfreesboro, TN",Marshall County,Tennessee,47,117
395084,"Seneca Falls, NY",NY,42900,"Seneca Falls, NY",Micropolitan Statistical Area,,,464,"Rochester-Batavia-Seneca Falls, NY",Seneca County,New York,36,99
394533,"Dickinson, ND",ND,19860,"Dickinson, ND",Micropolitan Statistical Area,,,,,Billings County,North Dakota,38,7
394533,"Dickinson, ND",ND,19860,"Dickinson, ND",Micropolitan Statistical Area,,,,,Dunn County,North Dakota,38,25
394533,"Dickinson, ND",ND,19860,"Dickinson, ND",Micropolitan Statistical Area,,,,,Stark County,North Dakota,38,89
395207,"Washington, IN",IN,47780,"Washington, IN",Micropolitan Statistical Area,,,,,Daviess County,Indiana,18,27
395165,"Troy, AL",AL,45980,"Troy, AL",Micropolitan Statistical Area,,,,,Pike County,Alabama,1,109
753902,"Malvern, AR",AR,31680,"Malvern, AR",Micropolitan Statistical Area,,,284,"Hot Springs-Malvern, AR",Hot Spring County,Arkansas,5,59
394613,"Frankfort, IN",IN,23140,"Frankfort, IN",Micropolitan Statistical Area,,,320,"Lafayette-West Lafayette-Frankfort, IN",Clinton County,Indiana,18,23
394815,"Madison, IN",IN,31500,"Madison, IN",Micropolitan Statistical Area,,,,,Jefferson County,Indiana,18,77
394414,"Brevard, NC",NC,14820,"Brevard, NC",Micropolitan Statistical Area,,,120,"Asheville-Waynesville-Brevard, NC",Transylvania County,North Carolina,37,175
395141,"Susanville, CA",CA,45000,"Susanville, CA",Micropolitan Statistical Area,,,,,Lassen County,California,6,35
394835,"Martin, TN",TN,32280,"Martin, TN",Micropolitan Statistical Area,,,542,"Union City-Martin, TN",Weakley County,Tennessee,47,183
394984,"Plainview, TX",TX,38380,"Plainview, TX",Micropolitan Statistical Area,,,352,"Lubbock-Plainview, TX",Floyd County,Texas,48,153
394984,"Plainview, TX",TX,38380,"Plainview, TX",Micropolitan Statistical Area,,,352,"Lubbock-Plainview, TX",Hale County,Texas,48,189
753878,"Dayton, TN",TN,,,,,,,,,,,
753878,"Dayton, TN",TN,,,,,,,,,,,
753878,"Dayton, TN",TN,,,,,,,,,,,
753892,"Jackson, OH",OH,,,,,,,,,,,
753892,"Jackson, OH",OH,,,,,,,,,,,
753892,"Jackson, OH",OH,,,,,,,,,,,
394433,"Cambridge, MD",MD,15700,"Cambridge, MD",Micropolitan Statistical Area,,,548,"Washington-Baltimore-Arlington, DC-MD-VA-WV-PA",Dorchester County,Maryland,24,19
394962,"Paris, TN",TN,37540,"Paris, TN",Micropolitan Statistical Area,,,,,Henry County,Tennessee,47,79
394730,"Juneau, AK",AK,27940,"Juneau, AK",Micropolitan Statistical Area,,,,,Juneau City and Borough,Alaska,2,110
394481,"Coffeyville, KS",KS,,,,,,,,,,,
394481,"Coffeyville, KS",KS,,,,,,,,,,,
394481,"Coffeyville, KS",KS,,,,,,,,,,,
394774,"Las Vegas, NM",NM,29780,"Las Vegas, NM",Micropolitan Statistical Area,,,105,"Albuquerque-Santa Fe-Los Alamos, NM",Mora County,New Mexico,35,33
394774,"Las Vegas, NM",NM,29780,"Las Vegas, NM",Micropolitan Statistical Area,,,105,"Albuquerque-Santa Fe-Los Alamos, NM",San Miguel County,New Mexico,35,47
394383,"Berlin, NH",NH,,,,,,,,,,,
394383,"Berlin, NH",NH,,,,,,,,,,,
394383,"Berlin, NH",NH,,,,,,,,,,,
394473,"Cleveland, MS",MS,17380,"Cleveland, MS",Micropolitan Statistical Area,,,,,Bolivar County,Mississippi,28,11
394670,"Hastings, NE",NE,25580,"Hastings, NE",Micropolitan Statistical Area,,,,,Adams County,Nebraska,31,1
394670,"Hastings, NE",NE,25580,"Hastings, NE",Micropolitan Statistical Area,,,,,Clay County,Nebraska,31,35
394670,"Hastings, NE",NE,25580,"Hastings, NE",Micropolitan Statistical Area,,,,,Webster County,Nebraska,31,181
394376,"Beeville, TX",TX,13300,"Beeville, TX",Micropolitan Statistical Area,,,,,Bee County,Texas,48,25
394749,"Kingsville, TX",TX,28780,"Kingsville, TX",Micropolitan Statistical Area,,,204,"Corpus Christi-Kingsville-Alice, TX",Kleberg County,Texas,48,273
395196,"Wabash, IN",IN,47340,"Wabash, IN",Micropolitan Statistical Area,,,,,Wabash County,Indiana,18,169
753871,"Breckenridge, CO",CO,14720,"Breckenridge, CO",Micropolitan Statistical Area,,,,,Lake County,Colorado,8,65
753871,"Breckenridge, CO",CO,14720,"Breckenridge, CO",Micropolitan Statistical Area,,,,,Summit County,Colorado,8,117
394310,"Albert Lea, MN",MN,10660,"Albert Lea, MN",Micropolitan Statistical Area,,,,,Freeborn County,Minnesota,27,47
395093,"Sheridan, WY",WY,43260,"Sheridan, WY",Micropolitan Statistical Area,,,,,Sheridan County,Wyoming,56,33
395176,"Union City, TN",TN,46460,"Union City, TN",Micropolitan Statistical Area,,,542,"Union City-Martin, TN",Obion County,Tennessee,47,131
394855,"Miami, OK",OK,33060,"Miami, OK",Micropolitan Statistical Area,,,309,"Joplin-Miami, MO-OK-KS",Ottawa County,Oklahoma,40,115
394708,"Iron Mountain, MI",MI,27020,"Iron Mountain, MI-WI",Micropolitan Statistical Area,,,361,"Marinette-Iron Mountain, WI-MI",Dickinson County,Michigan,26,43
394708,"Iron Mountain, MI",MI,27020,"Iron Mountain, MI-WI",Micropolitan Statistical Area,,,361,"Marinette-Iron Mountain, WI-MI",Florence County,Wisconsin,55,37
394725,"Jesup, GA",GA,27700,"Jesup, GA",Micropolitan Statistical Area,,,496,"Savannah-Hinesville-Statesboro, GA",Wayne County,Georgia,13,305
394846,"McPherson, KS",KS,32700,"McPherson, KS",Micropolitan Statistical Area,,,,,McPherson County,Kansas,20,113
394751,"Kirksville, MO",MO,28860,"Kirksville, MO",Micropolitan Statistical Area,,,,,Adair County,Missouri,29,1
394751,"Kirksville, MO",MO,28860,"Kirksville, MO",Micropolitan Statistical Area,,,,,Schuyler County,Missouri,29,197
753901,"Ludington, MI",MI,31220,"Ludington, MI",Micropolitan Statistical Area,,,,,Mason County,Michigan,26,105
394356,"Bainbridge, GA",GA,12460,"Bainbridge, GA",Micropolitan Statistical Area,,,533,"Tallahassee-Bainbridge, FL-GA",Decatur County,Georgia,13,87
394320,"Alpena, MI",MI,10980,"Alpena, MI",Micropolitan Statistical Area,,,,,Alpena County,Michigan,26,7
395206,"Washington Court House, OH",OH,47920,"Washington Court House, OH",Micropolitan Statistical Area,,,198,"Columbus-Marion-Zanesville, OH",Fayette County,Ohio,39,47
394673,"Hays, KS",KS,25700,"Hays, KS",Micropolitan Statistical Area,,,,,Ellis County,Kansas,20,51
394606,"Fort Morgan, CO",CO,22820,"Fort Morgan, CO",Micropolitan Statistical Area,,,,,Morgan County,Colorado,8,87
395185,"Van Wert, OH",OH,46780,"Van Wert, OH",Micropolitan Statistical Area,,,338,"Lima-Van Wert-Celina, OH",Van Wert County,Ohio,39,161
394740,"Kennett, MO",MO,28380,"Kennett, MO",Micropolitan Statistical Area,,,,,Dunklin County,Missouri,29,69
753926,"Weatherford, OK",OK,48220,"Weatherford, OK",Micropolitan Statistical Area,,,555,"Weatherford-Elk City, OK",Custer County,Oklahoma,40,39
753926,"Weatherford, OK",OK,48220,"Weatherford, OK",Micropolitan Statistical Area,,,555,"Weatherford-Elk City, OK",Washita County,Oklahoma,40,149
394892,"Mountain Home, ID",ID,34300,"Mountain Home, ID",Micropolitan Statistical Area,,,147,"Boise City-Mountain Home-Ontario, ID-OR",Elmore County,Idaho,16,39
394864,"Mineral Wells, TX",TX,33420,"Mineral Wells, TX",Micropolitan Statistical Area,,,206,"Dallas-Fort Worth, TX-OK",Palo Pinto County,Texas,48,363
394795,"Lincoln, IL",IL,30660,"Lincoln, IL",Micropolitan Statistical Area,,,522,"Springfield-Jacksonville-Lincoln, IL",Logan County,Illinois,17,107
395100,"Silver City, NM",NM,43500,"Silver City, NM",Micropolitan Statistical Area,,,,,Grant County,New Mexico,35,17
753879,"Elkins, WV",WV,21180,"Elkins, WV",Micropolitan Statistical Area,,,,,Randolph County,West Virginia,54,83
394812,"Macomb, IL",IL,31380,"Macomb, IL",Micropolitan Statistical Area,,,,,McDonough County,Illinois,17,109
394435,"Camden, AR",AR,15780,"Camden, AR",Micropolitan Statistical Area,,,,,Calhoun County,Arkansas,5,13
394435,"Camden, AR",AR,15780,"Camden, AR",Micropolitan Statistical Area,,,,,Ouachita County,Arkansas,5,103
394508,"Crescent City, CA",CA,18860,"Crescent City, CA",Micropolitan Statistical Area,,,152,"Brookings-Crescent City, OR-CA",Del Norte County,California,6,15
394921,"North Vernon, IN",IN,,,,,,,,,,,
394921,"North Vernon, IN",IN,,,,,,,,,,,
394921,"North Vernon, IN",IN,,,,,,,,,,,
395154,"Thomaston, GA",GA,45580,"Thomaston, GA",Micropolitan Statistical Area,,,122,"Atlanta--Athens-Clarke County--Sandy Springs, GA-AL",Upson County,Georgia,13,293
394642,"Grants, NM",NM,,,,,,,,,,,
394642,"Grants, NM",NM,,,,,,,,,,,
394642,"Grants, NM",NM,,,,,,,,,,,
394381,"Bennettsville, SC",SC,,,,,,,,,,,
394381,"Bennettsville, SC",SC,,,,,,,,,,,
394381,"Bennettsville, SC",SC,,,,,,,,,,,
394615,"Fredericksburg, TX",TX,23240,"Fredericksburg, TX",Micropolitan Statistical Area,,,484,"San Antonio-New Braunfels-Kerrville, TX",Gillespie County,Texas,48,171
395159,"Toccoa, GA",GA,45740,"Toccoa, GA",Micropolitan Statistical Area,,,,,Stephens County,Georgia,13,257
753923,"The Dalles, OR",OR,45520,"The Dalles, OR",Micropolitan Statistical Area,,,,,Wasco County,Oregon,41,65
394649,"Greensburg, IN",IN,24700,"Greensburg, IN",Micropolitan Statistical Area,,,294,"Indianapolis-Carmel-Muncie, IN",Decatur County,Indiana,18,31
394706,"Indianola, MS",MS,,,,,,,,,,,
394706,"Indianola, MS",MS,,,,,,,,,,,
394706,"Indianola, MS",MS,,,,,,,,,,,
394758,"La Grande, OR",OR,29260,"La Grande, OR",Micropolitan Statistical Area,,,,,Union County,Oregon,41,61
753909,"Ottawa, KS",KS,36840,"Ottawa, KS",Micropolitan Statistical Area,,,312,"Kansas City-Overland Park-Kansas City, MO-KS",Franklin County,Kansas,20,59
394912,"New Ulm, MN",MN,35580,"New Ulm, MN",Micropolitan Statistical Area,,,359,"Mankato-New Ulm, MN",Brown County,Minnesota,27,15
394791,"Lexington, NE",NE,30420,"Lexington, NE",Micropolitan Statistical Area,,,,,Dawson County,Nebraska,31,47
394791,"Lexington, NE",NE,30420,"Lexington, NE",Micropolitan Statistical Area,,,,,Gosper County,Nebraska,31,73
394643,"Great Bend, KS",KS,24460,"Great Bend, KS",Micropolitan Statistical Area,,,,,Barton County,Kansas,20,9
395110,"Spearfish, SD",SD,43940,"Spearfish, SD",Micropolitan Statistical Area,,,452,"Rapid City-Spearfish, SD",Lawrence County,South Dakota,46,81
395214,"Wauchula, FL",FL,,,,,,,,,,,
395214,"Wauchula, FL",FL,,,,,,,,,,,
395214,"Wauchula, FL",FL,,,,,,,,,,,
394830,"Marshall, MN",MN,32140,"Marshall, MN",Micropolitan Statistical Area,,,,,Lyon County,Minnesota,27,83
394529,"Deming, NM",NM,19700,"Deming, NM",Micropolitan Statistical Area,,,,,Luna County,New Mexico,35,29
394854,"Mexico, MO",MO,33020,"Mexico, MO",Micropolitan Statistical Area,,,190,"Columbia-Jefferson City-Moberly, MO",Audrain County,Missouri,29,7
394584,"Fallon, NV",NV,21980,"Fallon, NV",Micropolitan Statistical Area,,,456,"Reno-Carson City-Gardnerville Ranchos, NV-CA",Churchill County,Nevada,32,1
394322,"Altus, OK",OK,11060,"Altus, OK",Micropolitan Statistical Area,,,,,Jackson County,Oklahoma,40,65
395181,"Uvalde, TX",TX,46620,"Uvalde, TX",Micropolitan Statistical Area,,,,,Uvalde County,Texas,48,463
753884,"Hailey, ID",ID,25200,"Hailey, ID",Micropolitan Statistical Area,,,,,Blaine County,Idaho,16,13
753884,"Hailey, ID",ID,25200,"Hailey, ID",Micropolitan Statistical Area,,,,,Camas County,Idaho,16,25
753884,"Hailey, ID",ID,25200,"Hailey, ID",Micropolitan Statistical Area,,,,,Lincoln County,Idaho,16,63
753921,"Steamboat Springs, CO",CO,44460,"Steamboat Springs, CO",Micropolitan Statistical Area,,,,,Moffat County,Colorado,8,81
753921,"Steamboat Springs, CO",CO,44460,"Steamboat Springs, CO",Micropolitan Statistical Area,,,,,Routt County,Colorado,8,107
395138,"Summerville, GA",GA,44900,"Summerville, GA",Micropolitan Statistical Area,,,174,"Chattanooga-Cleveland-Dalton, TN-GA-AL",Chattooga County,Georgia,13,55
394869,"Moberly, MO",MO,33620,"Moberly, MO",Micropolitan Statistical Area,,,190,"Columbia-Jefferson City-Moberly, MO",Randolph County,Missouri,29,175
394858,"Middlesborough, KY",KY,33180,"Middlesborough, KY",Micropolitan Statistical Area,,,371,"Middlesborough-Corbin, KY",Bell County,Kentucky,21,13
395236,"Woodward, OK",OK,49260,"Woodward, OK",Micropolitan Statistical Area,,,,,Woodward County,Oklahoma,40,153
395004,"Prineville, OR",OR,13460,"Bend, OR",Metropolitan Statistical Area,,,,,Crook County,Oregon,41,13
395004,"Prineville, OR",OR,13460,"Bend, OR",Metropolitan Statistical Area,,,,,Deschutes County,Oregon,41,17
395004,"Prineville, OR",OR,13460,"Bend, OR",Metropolitan Statistical Area,,,,,Jefferson County,Oregon,41,31
394687,"Hood River, OR",OR,26220,"Hood River, OR",Micropolitan Statistical Area,,,,,Hood River County,Oregon,41,27
394601,"Forrest City, AR",AR,22620,"Forrest City, AR",Micropolitan Statistical Area,,,368,"Memphis-Clarksdale-Forrest City, TN-MS-AR",St. Francis County,Arkansas,5,123
394494,"Connersville, IN",IN,18220,"Connersville, IN",Micropolitan Statistical Area,,,458,"Richmond-Connersville, IN",Fayette County,Indiana,18,41
394868,"Mitchell, SD",SD,33580,"Mitchell, SD",Micropolitan Statistical Area,,,,,Davison County,South Dakota,46,35
394868,"Mitchell, SD",SD,33580,"Mitchell, SD",Micropolitan Statistical Area,,,,,Hanson County,South Dakota,46,61
394868,"Mitchell, SD",SD,33580,"Mitchell, SD",Micropolitan Statistical Area,,,,,Sanborn County,South Dakota,46,111
394831,"Marshall, MO",MO,32180,"Marshall, MO",Micropolitan Statistical Area,,,,,Saline County,Missouri,29,195
394418,"Brookings, OR",OR,15060,"Brookings, OR",Micropolitan Statistical Area,,,152,"Brookings-Crescent City, OR-CA",Curry County,Oregon,41,15
395241,"Yankton, SD",SD,49460,"Yankton, SD",Micropolitan Statistical Area,,,,,Yankton County,South Dakota,46,135
395198,"Wahpeton, ND",ND,47420,"Wahpeton, ND-MN",Micropolitan Statistical Area,,,244,"Fargo-Wahpeton, ND-MN",Wilkin County,Minnesota,27,167
395198,"Wahpeton, ND",ND,47420,"Wahpeton, ND-MN",Micropolitan Statistical Area,,,244,"Fargo-Wahpeton, ND-MN",Richland County,North Dakota,38,77
394818,"Magnolia, AR",AR,31620,"Magnolia, AR",Micropolitan Statistical Area,,,,,Columbia County,Arkansas,5,27
394564,"Elk City, OK",OK,21120,"Elk City, OK",Micropolitan Statistical Area,,,555,"Weatherford-Elk City, OK",Beckham County,Oklahoma,40,9
394793,"Liberal, KS",KS,30580,"Liberal, KS",Micropolitan Statistical Area,,,,,Seward County,Kansas,20,175
395239,"Worthington, MN",MN,49380,"Worthington, MN",Micropolitan Statistical Area,,,,,Nobles County,Minnesota,27,105
394945,"Oskaloosa, IA",IA,36820,"Oskaloosa, IA",Micropolitan Statistical Area,,,218,"Des Moines-West Des Moines-Ames, IA",Mahaska County,Iowa,19,123
394959,"Pampa, TX",TX,37420,"Pampa, TX",Micropolitan Statistical Area,,,,,Gray County,Texas,48,179
394959,"Pampa, TX",TX,37420,"Pampa, TX",Micropolitan Statistical Area,,,,,Roberts County,Texas,48,393
394470,"Clarksdale, MS",MS,17260,"Clarksdale, MS",Micropolitan Statistical Area,,,368,"Memphis-Clarksdale-Forrest City, TN-MS-AR",Coahoma County,Mississippi,28,27
395130,"Sterling, CO",CO,44540,"Sterling, CO",Micropolitan Statistical Area,,,,,Logan County,Colorado,8,75
394371,"Beatrice, NE",NE,13100,"Beatrice, NE",Micropolitan Statistical Area,,,339,"Lincoln-Beatrice, NE",Gage County,Nebraska,31,67
394718,"Jamestown, ND",ND,27420,"Jamestown, ND",Micropolitan Statistical Area,,,,,Stutsman County,North Dakota,38,93
394784,"Levelland, TX",TX,31180,"Lubbock, TX",Metropolitan Statistical Area,,,352,"Lubbock-Plainview, TX",Cochran County,Texas,48,79
394784,"Levelland, TX",TX,31180,"Lubbock, TX",Metropolitan Statistical Area,,,352,"Lubbock-Plainview, TX",Crosby County,Texas,48,107
394784,"Levelland, TX",TX,31180,"Lubbock, TX",Metropolitan Statistical Area,,,352,"Lubbock-Plainview, TX",Garza County,Texas,48,169
394784,"Levelland, TX",TX,31180,"Lubbock, TX",Metropolitan Statistical Area,,,352,"Lubbock-Plainview, TX",Hockley County,Texas,48,219
394784,"Levelland, TX",TX,31180,"Lubbock, TX",Metropolitan Statistical Area,,,352,"Lubbock-Plainview, TX",Lubbock County,Texas,48,303
394784,"Levelland, TX",TX,31180,"Lubbock, TX",Metropolitan Statistical Area,,,352,"Lubbock-Plainview, TX",Lynn County,Texas,48,305
394656,"Grenada, MS",MS,24980,"Grenada, MS",Micropolitan Statistical Area,,,,,Grenada County,Mississippi,28,43
394656,"Grenada, MS",MS,24980,"Grenada, MS",Micropolitan Statistical Area,,,,,Montgomery County,Mississippi,28,97
394837,"Maryville, MO",MO,32340,"Maryville, MO",Micropolitan Statistical Area,,,,,Nodaway County,Missouri,29,147
394337,"Arkadelphia, AR",AR,11660,"Arkadelphia, AR",Micropolitan Statistical Area,,,,,Clark County,Arkansas,5,19
394544,"Dumas, TX",TX,20300,"Dumas, TX",Micropolitan Statistical Area,,,,,Moore County,Texas,48,341
394659,"Guymon, OK",OK,25100,"Guymon, OK",Micropolitan Statistical Area,,,,,Texas County,Oklahoma,40,139
394403,"Borger, TX",TX,14420,"Borger, TX",Micropolitan Statistical Area,,,108,"Amarillo-Borger, TX",Hutchinson County,Texas,48,233
394979,"Pierre, SD",SD,38180,"Pierre, SD",Micropolitan Statistical Area,,,,,Hughes County,South Dakota,46,65
394979,"Pierre, SD",SD,38180,"Pierre, SD",Micropolitan Statistical Area,,,,,Stanley County,South Dakota,46,117
394700,"Huron, SD",SD,26700,"Huron, SD",Micropolitan Statistical Area,,,,,Beadle County,South Dakota,46,5
395135,"Storm Lake, IA",IA,44740,"Storm Lake, IA",Micropolitan Statistical Area,,,,,Buena Vista County,Iowa,19,21
394498,"Cordele, GA",GA,18380,"Cordele, GA",Micropolitan Statistical Area,,,,,Crisp County,Georgia,13,81
394578,"Evanston, WY",WY,21740,"Evanston, WY-UT",Micropolitan Statistical Area,,,,,Rich County,Utah,49,33
394578,"Evanston, WY",WY,21740,"Evanston, WY-UT",Micropolitan Statistical Area,,,,,Uinta County,Wyoming,56,41
395014,"Raymondville, TX",TX,39700,"Raymondville, TX",Micropolitan Statistical Area,,,154,"Brownsville-Harlingen-Raymondville, TX",Willacy County,Texas,48,489
753914,"Port Lavaca, TX",TX,38920,"Port Lavaca, TX",Micropolitan Statistical Area,,,544,"Victoria-Port Lavaca, TX",Calhoun County,Texas,48,57
753908,"Othello, WA",WA,36830,"Othello, WA",Micropolitan Statistical Area,,,393,"Moses Lake-Othello, WA",Adams County,Washington,53,1
753925,"Vineyard Haven, MA",MA,47240,"Vineyard Haven, MA",Micropolitan Statistical Area,,,,,Dukes County,Massachusetts,25,7
394965,"Parsons, KS",KS,,,,,,,,,,,
394965,"Parsons, KS",KS,,,,,,,,,,,
394965,"Parsons, KS",KS,,,,,,,,,,,
395003,"Price, UT",UT,39220,"Price, UT",Micropolitan Statistical Area,,,,,Carbon County,Utah,49,7
394996,"Portales, NM",NM,17580,"Clovis, NM",Micropolitan Statistical Area,,,,,Curry County,New Mexico,35,9
394996,"Portales, NM",NM,17580,"Clovis, NM",Micropolitan Statistical Area,,,,,Roosevelt County,New Mexico,35,41
394805,"Los Alamos, NM",NM,31060,"Los Alamos, NM",Micropolitan Statistical Area,,,105,"Albuquerque-Santa Fe-Los Alamos, NM",Los Alamos County,New Mexico,35,28
394678,"Hereford, TX",TX,25820,"Hereford, TX",Micropolitan Statistical Area,,,,,Deaf Smith County,Texas,48,117
394330,"Andrews, TX",TX,11380,"Andrews, TX",Micropolitan Statistical Area,,,372,"Midland-Odessa-Andrews, TX",Andrews County,Texas,48,3
395112,"Spirit Lake, IA",IA,44020,"Spirit Lake, IA",Micropolitan Statistical Area,,,517,"Spencer-Spirit Lake, IA",Dickinson County,Iowa,19,59
394594,"Fitzgerald, GA",GA,22340,"Fitzgerald, GA",Micropolitan Statistical Area,,,,,Ben Hill County,Georgia,13,17
753927,"Winnemucca, NV",NV,49080,"Winnemucca, NV",Micropolitan Statistical Area,,,,,Humboldt County,Nevada,32,13
394841,"Maysville, KY",KY,,,,,,,,,,,
394841,"Maysville, KY",KY,,,,,,,,,,,
394841,"Maysville, KY",KY,,,,,,,,,,,
395104,"Snyder, TX",TX,43660,"Snyder, TX",Micropolitan Statistical Area,,,,,Scurry County,Texas,48,415
394676,"Helena, AR",AR,,,,,,,,,,,
394676,"Helena, AR",AR,,,,,,,,,,,
394676,"Helena, AR",AR,,,,,,,,,,,
395111,"Spencer, IA",IA,43980,"Spencer, IA",Micropolitan Statistical Area,,,517,"Spencer-Spirit Lake, IA",Clay County,Iowa,19,41
394342,"Atchison, KS",KS,11860,"Atchison, KS",Micropolitan Statistical Area,,,312,"Kansas City-Overland Park-Kansas City, MO-KS",Atchison County,Kansas,20,5
753880,"Fairfield, IA",IA,,,,,,,,,,,
753880,"Fairfield, IA",IA,,,,,,,,,,,
753880,"Fairfield, IA",IA,,,,,,,,,,,
395186,"Vermillion, SD",SD,46820,"Vermillion, SD",Micropolitan Statistical Area,,,,,Clay County,South Dakota,46,27
395142,"Sweetwater, TX",TX,45020,"Sweetwater, TX",Micropolitan Statistical Area,,,101,"Abilene-Sweetwater, TX",Nolan County,Texas,48,353
394968,"Pecos, TX",TX,45880,"Town of Pecos, TX",Micropolitan Statistical Area,,,,,Reeves County,Texas,48,389
753929,"Zapata, TX",TX,49820,"Zapata, TX",Micropolitan Statistical Area,,,,,Zapata County,Texas,48,505
394743,"Ketchikan, AK",AK,28540,"Ketchikan, AK",Micropolitan Statistical Area,,,,,Ketchikan Gateway Borough,Alaska,2,130
753874,"Craig, CO",CO,44460,"Steamboat Springs, CO",Micropolitan Statistical Area,,,,,Moffat County,Colorado,8,81
753874,"Craig, CO",CO,44460,"Steamboat Springs, CO",Micropolitan Statistical Area,,,,,Routt County,Colorado,8,107
395188,"Vernon, TX",TX,46900,"Vernon, TX",Micropolitan Statistical Area,,,,,Wilbarger County,Texas,48,487
394767,"Lamesa, TX",TX,,,,,,,,,,,
394767,"Lamesa, TX",TX,,,,,,,,,,,
394767,"Lamesa, TX",TX,,,,,,,,,,,
